author_clean,book_count,avg_rating,avg_bayesian,total_votes,median_price,nationality,books,author_score,influence
三毛,61,8.757377049180329,8.747717057942472,844974,22.0,中国,"['撒哈拉的故事', '撒哈拉的故事', '梦里花落知多少', '撒哈拉的故事', '哭泣的骆驼', '雨季不再来', '万水千山走遍', '梦里花落知多少', '温柔的夜', '撒哈拉的故事', '稻草人手记', '撒哈拉的故事', '雨季不再来', '闹学记', '我的宝贝', '梦里花落知多少', '梦里花落知多少', '亲爱的三毛', '送你一匹马', '雨季不再来', '稻草人手記', '滚滚红尘', '万水千山走遍', '温柔的夜', '雨季不再來', '撒哈拉的故事', '三毛作品集', '万水千山走遍', '稻草人手记', '稻草人手记', '温柔的夜', '万水千山走遍', '雨季不再来', '我的宝贝', '萬水千山走遍', '哭泣的駱駝', '送你一匹马', '倾城', '你是我不及的梦', '滚滚红尘', '傾城', '亲爱的三毛', '滚滚红尘', '我的宝贝', '背影', '梦里花落知多少', '送你一匹馬', '送你一匹马', '流星雨', '三毛典藏全集', '流星雨', '溫柔的夜', '温柔的夜', '我的灵魂骑在纸背上', '荷西 我爱你', '随想', '背影', '夢裡花落知多少', '亲爱的三毛', '谈心', '三毛经典作品（上下）']",8.713336118470945,118.91144102477585
余华,35,8.377142857142857,8.374936457148147,1401956,17.0,中国,"['活着', '许三观卖血记', '活着', '活着', '兄弟（上）', '第七天', '许三观卖血记', '兄弟（下）', '兄弟', '在细雨中呼喊', '许三观卖血记', '活着', '在细雨中呼喊', '兄弟', '在细雨中呼喊', '活着', '活着', '现实一种', '我们生活在巨大的差距里', '十八岁出门远行', '许三观卖血记', '许三观卖血记', '我胆小如鼠', '许三观卖血记', '现实一种', '第七天', '兄弟', '黄昏里的男孩', '世事如烟', '鲜血梅花', '许三观卖血记', '在细雨中呼喊', '黄昏里的男孩', '古典爱情', '没有一条道路是重复的']",8.352004595477057,118.20909209243985
王小波,54,8.829629629629629,8.816959521086806,684927,21.4,中国,"['黄金时代', '沉默的大多数', '一只特立独行的猪', '黄金时代', '我的精神家园', '白银时代', '红拂夜奔', '青铜时代', '绿毛水怪', '沉默的大多数', '思维的乐趣', '白银时代', '青铜时代', '黑铁时代', '沉默的大多数', '万寿寺', '黄金时代', '一只特立独行的猪', '红拂夜奔', '寻找无双·东宫西宫', '沉默的大多数', '三十而立', '似水流年', '黄金时代', '我的精神家园', '黑铁时代', '我的阴阳两界·革命时期的爱情', '王小波全集（第一卷 杂文）', '爱你就像爱生命', '革命时期的爱情', '绿毛水怪', '王小波全集', '王小波全集：红拂夜奔（第四卷）', '黄金时代', '理想国与哲人王', '青铜时代', '王小波全集（第二卷 杂文）', '地久天长', '唐人故事', '一只特立独行的猪', '黄金时代', '沉默的大多数', '我的阴阳两界', '沉默的大多数', '黄金时代 白银时代', '王小波全集：万寿寺（第三卷）', '王小波全集（第六卷）', '沉默的大多数', '黄金时代 黑铁时代', '王小波全集 第九卷', '沉默的大多数', '寻找无双', '红拂夜奔', '假如你愿意你就恋爱吧']",8.774240403713257,117.90007374685754
刘慈欣,26,8.5,8.494317334695468,1068572,28.0,中国,"['三体', '三体Ⅱ', '三体Ⅲ', '流浪地球', '球状闪电', '三体全集', '乡村教师', '超新星纪元', '时间移民', '带上她的眼睛', '赡养人类', '2018', '流浪地球', '微纪元', '超新星纪元', '魔鬼积木·白垩纪往事', '三体2', '白垩纪往事', '球状闪电', '流浪地球', '朝闻道', '三体3', '中国太阳', '流浪地球', '时光尽头', '镜子']",8.447747865131687,117.27023921012733
J. K. 罗琳,9,8.677777777777777,8.678280416947915,882240,39.8,英,"['哈利·波特与魔法石', '哈利·波特与阿兹卡班的囚徒', '哈利·波特与密室', '哈利·波特与火焰杯', '哈利·波特与混血王子', '哈利·波特与凤凰社', '哈利·波特与死亡圣器', '诗翁彼豆故事集', '偶发空缺']",8.498584558505879,116.34749688629402
乔治·奥威尔,15,9.24,9.228010631259137,404698,22.0,英,"['1984', '动物农场', '一九八四·动物农场', '一九八四', '动物庄园', '1984', '一九八四', '动物农场', '动物农场', '1984', '动物农场', '1984', '一九八四', '一九八四', '巴黎伦敦落魄记']",8.974009190954114,115.86252503217453
村上春树,76,8.046052631578947,8.047368515661772,1524394,23.0,日,"['挪威的森林', '1Q84 BOOK 1', '挪威的森林', '海边的卡夫卡', '当我谈跑步时我谈些什么', '1Q84 BOOK 2', '且听风吟', '1Q84 BOOK 3', '世界尽头与冷酷仙境', '世界尽头与冷酷仙境', '没有色彩的多崎作和他的巡礼之年', '国境以南 太阳以西', '海边的卡夫卡', '舞！舞！舞！', '刺杀骑士团长', '寻羊冒险记', '东京奇谭集', '我的职业是小说家', '且听风吟', '天黑以后', '遇到百分之百的女孩', '斯普特尼克恋人', '国境以南 太阳以西', '世界尽头与冷酷仙境', '奇鸟行状录', '神的孩子全跳舞', '大萝卜和难挑的鳄梨', '一九七三年的弹子球', '没有女人的男人们', '再袭面包店', '舞！舞！舞！', '天黑以后', '无比芜杂的心绪', '1973年的弹子球', '神的孩子全跳舞', '奇鸟行状录', '当我谈跑步时，我谈些什么（2015典藏版）', '遇到百分之百的女孩', '当我谈跑步时，我谈些什么', '挪威的森林', '挪威的森林', '寻羊冒险记', '假如真有时光机', '挪威的森林', '斯普特尼克恋人', '列克星敦的幽灵', '挪威的森林', '萤', '天黑以后', '图书馆奇谈', '远方的鼓声', '去中国的小船', '旋转木马鏖战记', '电视人', '再袭面包店', '萤', '舞 ! 舞 ! 舞 !', '象的失踪', '去中国的小船', '地下', '海边的卡夫卡', '电视人', '去中国的小船', '村上广播', '旋转木马鏖战记', '且听风吟', '且听风吟', '列克星敦的幽灵', '羊男的圣诞节', '雨天炎天', '挪威的森林', '终究悲哀的外国语', '碎片，令人怀念的1980年代', '边境 近境', '海边的卡夫卡', '如果我们的语言是威士忌']",8.054076343445459,114.66675609494241
卡勒德·胡赛尼,4,8.725000000000001,8.722559504795747,765609,32.5,美,"['追风筝的人', '灿烂千阳', '群山回唱', '追风筝的人']",8.420020424342479,114.07804199911814
当年明月,9,8.899999999999999,8.898358082194088,527914,28.8,中国,"['明朝那些事儿（壹）', '明朝那些事儿（1-9）', '明朝那些事儿（贰）', '明朝那些事儿（叁）', '明朝那些事儿（肆）', '明朝那些事儿（伍）', '明朝那些事儿（陆）', '明朝那些事儿（柒）', '明朝那些事儿']",8.641441701363021,113.86560333331468
加西亚·马尔克斯,22,8.527272727272727,8.523419585138534,680664,35.0,哥伦比亚,"['百年孤独', '霍乱时期的爱情', '百年孤独', '一桩事先张扬的凶杀案', '没有人给他写信的上校', '苦妓回忆录', '枯枝败叶', '世上最美的溺水者', '爱情和其他魔鬼', '活着为了讲述', '霍乱时期的爱情', '霍乱时期的爱情', '梦中的欢快葬礼和十二个异乡故事', '礼拜二午睡时刻', '恶时辰', '百年孤独', '族长的秋天', '迷宫中的将军', '我不是来演讲的', '一个海难幸存者的故事', '百年孤独', '蓝狗的眼睛']",8.462229030336381,113.65472178982853
路遥,16,8.90625,8.892180337708783,443794,52.5,中国,"['平凡的世界（全三部）', '人生', '平凡的世界', '平凡的世界（全三册）', '平凡的世界', '平凡的世界', '人生', '人生', '平凡的世界（全三册）', '平凡的世界', '平凡的世界（全三册）', '人生', '平凡的世界(全三册)', '早晨从中午开始', '平凡的世界', '平凡的世界']",8.732389705670585,113.54829396637197
钱锺书,7,9.042857142857143,9.032382090113835,472497,19.0,中国,"['围城', '围城', '围城', '人·兽·鬼', '写在人生边上 人生边上的边上 石语', '围城', '七缀集']",8.681681984923525,113.43302318389578
张爱玲,37,8.464864864864865,8.459246545940386,650361,28.0,中国,"['倾城之恋', '红玫瑰与白玫瑰', '半生缘', '金锁记', '小团圆', '倾城之恋', '第一炉香', '倾城之恋', '色，戒', '张爱玲文集', '半生缘', '红玫瑰与白玫瑰', '流言', '红玫瑰与白玫瑰', '倾城之恋', '同学少年都不贱', '十八春', '小团圆', '半生缘', '张爱玲全集1：长篇小说·半生缘', '郁金香', '怨女', '怨女', '张爱玲作品集', '红楼梦魇', '异乡记', '传奇(上下)', '对照记', '张看（上下）', '流言', '金锁记', '雷峰塔', '流言', '沉香', '流言', '少帅', '红楼梦魇']",8.430480567121005,112.84438010325744
未知,43,8.555813953488371,8.54625590011541,555955,22.0,其他,"['看见', '一千零一夜', '夹边沟记事', '死亡筆記 1', '圣经', '潜规则', '论语', 'デスノート 5', '十万个为什么', '中国近代史', '金瓶梅', '北京折叠', '文明的冲突与世界秩序的重建', '金刚经', '少年凯歌', '郑爽的书', '道士下山', '被劫持的私生活', '刀与星辰', '我爱摇滚乐', '我爱摇滚乐', '150cm Life 3', '文明的冲突与世界秩序的重建', '圣经', '人魚之森', '乡关何处', '回国驯火记', '首届全国新概念作文大赛获奖作品选（全二册）', '唐诗三百首', '郭敬明音乐小说迷藏(CD)', '美的沉思', '金瓶梅', '消失中的江城', '論語譯註', 'One Billion Customers', '崩溃', '夹边沟记事', '风中的费洛蒙', '拥抱春天的罗曼史', '易经', '零极限', '列那狐的故事', 'River Town']",8.516253829564214,112.65679056521043
金庸,41,8.360975609756098,8.355381464938214,705321,52.5,中国,"['天龙八部', '笑傲江湖（全四册）', '神雕侠侣', '射雕英雄传（全四册）', '倚天屠龙记(共四册)', '鹿鼎记（全五册）', '白马啸西风', '雪山飞狐', '连城诀', '射雕英雄传', '倚天屠龙记', '飞狐外传', '侠客行', '鹿鼎记', '碧血剑（上下）', '书剑恩仇录(上下)', '书剑恩仇录', '碧血剑', '天龙八部（全五册）', '鸳鸯刀', '侠客行（全二册）', '连城诀', '神雕侠侣（全四册）', '金庸作品集', '笑傲江湖', '飞狐外传（上下册）', '笑傲江湖（全四册）', '雪山飞狐', '越女剑', '鹿鼎记（全五册）', '连城诀', '射雕英雄传（全四册）', '倚天屠龙记（全四册）', '金庸全集', '笑傲江湖', '天龙八部', '射雕英雄传（全4册）', '神鵰俠侶', '倚天屠龍記', '射鵰英雄傳', '侠客行(上下)']",8.340873561284397,112.32162075818597
安东尼·德·圣-埃克苏佩里,2,9.15,9.130439059083745,578764,33.5,法国,"['小王子', '小王子（纯美珍藏绘本）']",8.454311974154614,112.17732181031091
幾米,50,8.474,8.467452472104739,555450,28.0,中国,"['向左走·向右走', '地下铁', '月亮忘記了', '我的心中每天开出一朵花', '星空', '我只能為你畫一張小卡片', '照相本子', '又寂寞又美好', '微笑的鱼', '布瓜的世界', '月亮忘记了', '听幾米唱歌', '听幾米唱歌', '蓝石头', '幸运儿', '履历表', '向左走·向右走', '森林唱游', '你们 我们 他们', '遗失了一只猫', '躲进世界的角落', '照相本子', '失乐园1', '我不是完美小孩', '小蝴蝶小披风', '我只能为你画一张小卡片', '布瓜的世界', '地下鐵', '地下铁', '走向春天的下午', '我的心中每天开出一朵花', '照相本子', '向左走·向右走', '失乐园Ⅲ：秘密花开了', '星空', '我只能为你画一张小卡片', '你們我們他們', '我的心中每天開出一朵花', '失乐园2', '谢谢你毛毛兔，这个下午真好玩', '恋之风景', '森林里的秘密', '失乐园-奇迹迷路了', '月亮忘记了', '黑白异境', '月亮忘记了', '我不是完美小孩', '世界別為我擔心', '你们我们他们', '我的错都是大人的错']",8.446912433074223,111.73183555504939
东野圭吾,111,7.345945945945946,7.357032226591837,3418858,30.0,日,"['解忧杂货店', '白夜行', '嫌疑人X的献身', '白夜行', '恶意', '放学后', '幻夜', '嫌疑人X的献身', '嫌疑人X的献身', '秘密', '时生', '虚无的十字架', '恶意', '流星之绊', '新参者', '圣女的救济', '祈祷落幕时', '宿命', '新参者', '变身', '单恋', '恶意', '分身', '信', '彷徨之刃', '名侦探的守则', '红手指', '拉普拉斯的魔女', '沉睡的人鱼之家', '假面山庄', '黑笑小说', '梦幻花', '侦探伽利略', '谁杀了她', '红手指', '假面饭店', '湖边凶杀案', '十一字杀人', '伽利略的苦恼', '毒笑小说', '时生', '怪笑小说', '盛夏的方程式', '湖畔', '圣女的救济', '沉默的巡游', '秘密', '秘密', '濒死之眼', '彷徨之刃', '预知梦', '同级生', '超·杀人事件', '沉睡的森林', '流星之绊', '绑架游戏', '我杀了他', '畢業前殺人遊戲', '杀人之门', '假面饭店', '平行世界·爱情故事', '放学后', '白金数据', '毕业', '黎明之街', '名侦探的诅咒', '回廊亭杀人事件', '悖论13', '神探伽利略', '圣女的救济', '白马山庄杀人事件', '没有凶手的杀人夜', '白夜行', '麒麟之翼', '只差一个谎言', '麒麟之翼', '疾风回旋曲', '假面前夜', '信', '我的晃荡的青春', '大雪中的山庄', '悲剧人偶', '黎明之街', '布鲁特斯的心脏', '美丽的凶器', '风雪追击', '怪人们', '浪花少年侦探团', '恋爱的贡多拉', '布谷鸟的蛋是谁的', '白夜行', '空中杀人现场', '鸟人计划', '危险的维纳斯', '歪笑小说', '以眨眼干杯', '谁杀了她', '第十年的情人节', '魔球', '东野圭吾的最后致意', '分身', '湖畔杀人事件', '侦探俱乐部', '虚像小丑', '雪国之劫', '禁忌魔术', '造彩虹的人', '学生街的日子', '盛夏方程式', '假面之夜', '那时的某人']",7.381725722578295,111.05671579712174
鲁迅,15,8.993333333333334,8.976262734303724,296589,7.2,中国,"['呐喊', '朝花夕拾', '狂人日记', '彷徨', '野草', '故事新编', '伤逝', '鲁迅全集（2005最新修订版）', '朝花夕拾', '朝花夕拾', '呐喊', '故事新编', '鲁迅杂文全集', '呐喊', '呐喊']",8.789009190954115,110.74244737662465
毛姆,13,8.861538461538462,8.852814835690966,292521,32.0,英,"['月亮和六便士', '刀锋', '月亮和六便士', '人生的枷锁', '人性的枷锁', '阅读是一座随身携带的避难所', '月亮和六便士', '月亮与六便士', '刀锋', '人生的枷锁', '木麻黄树', '赴宴之前', '月亮和六便士']",8.67112132328235,109.13729231265992
龙应台,9,8.666666666666666,8.662347447374874,325241,28.0,中国,"['目送', '孩子你慢慢来', '野火集', '野火集', '孩子你慢慢来', '目送', '天长地久', '野火集', '人在欧洲']",8.491441701363021,107.77613609063538
老舍,13,8.861538461538462,8.849113749758637,227891,12.0,中国,"['骆驼祥子', '四世同堂', '茶馆', '骆驼祥子', '骆驼祥子', '月牙儿', '四世同堂（上下）', '茶馆', '离婚', '猫城记', '正红旗下', '不成问题的问题', '茶馆 龙须沟']",8.67112132328235,106.97239040393026
米兰·昆德拉,19,8.378947368421052,8.375283401024438,371041,21.0,捷克,"['不能承受的生命之轻', '不能承受的生命之轻', '生活在别处', '不朽', '生命中不能承受之轻', '玩笑', '笑忘录', '不能承受的生命之轻', '慢', '庆祝无意义', '无知', '身份', '告别圆舞曲', '小说的艺术', '被背叛的遗嘱', '不能承受的生命之轻', '帷幕', '雅克和他的主人', '笑忘录']",8.336674325795094,106.9100996457561
阿尔贝·加缪,11,8.945454545454545,8.931629945675084,212394,32.0,法,"['局外人', '鼠疫', '局外人', '鼠疫', '局外人', '鼠疫', '鼠疫', '西西弗神话', '加缪手记', '鼠疫', '加缪文集']",8.705011488692644,106.77743827774823
杨绛,13,8.423076923076923,8.4176943768692,341040,20.0,中国,"['我们仨', '我们仨', '洗澡', '走到人生边上', '洗澡', '干校六记', '干校六记', '将饮茶', '我们仨', '洗澡之后', '洗澡', '干校六记', '我们仨']",8.354454656615683,106.43373041059606
南派三叔,18,8.100000000000001,8.100523107511854,483556,32.8,中国,"['盗墓笔记', '盗墓笔记2', '盗墓笔记3', '盗墓笔记4', '盗墓笔记6', '盗墓笔记5', '盗墓笔记7', '盗墓笔记', '盗墓笔记8·大结局（下）', '盗墓笔记8·大结局（上）', '藏海花', '沙海', '大漠苍狼', '沙海2', '盗墓笔记之1：七星鲁王宫', '大漠苍狼', '盗墓笔记之2：怒海潜沙', '盗墓笔记1·七星鲁王宫']",8.116529731264448,106.23664467035825
黄仁宇,11,8.718181818181819,8.708888966456156,233825,32.0,美,"['万历十五年', '中国大历史', '万历十五年（增订本）', '万历十五年', '赫逊河畔谈中国历史', '万历十五年', '万历十五年', '黄河青山', '万历十五年', '万历十五年', '资本主义与二十一世纪']",8.548761488692644,105.68263222574689
陈忠实,8,8.9375,8.927383232858366,197144,31.5,中国,"['白鹿原', '白鹿原', '白鹿原', '白鹿原', '白鹿原', '白鹿原', '白鹿原', '白鹿原']",8.644629524544792,105.39268462854308
太宰治,22,8.30909090909091,8.304081441139946,333226,29.8,中国,"['人间失格', '人间失格', '人间失格', '斜阳', '人间失格', '人间失格', '人间失格', '女生徒', '维庸之妻', '人间失格', '人间失格', '奔跑吧！梅勒斯', '人间失格', '小说灯笼', '御伽草纸', '斜阳', '人間失格', '人间失格', '人间失格·斜阳', '人间失格', '御伽草纸', '斜阳']",8.284451252558604,105.34988063417471
雨果,12,8.924999999999999,8.907829204981864,176571,28.5,法,"['巴黎圣母院', '悲惨世界（上中下）', '悲惨世界', '巴黎圣母院', '悲惨世界', '巴黎圣母院', '巴黎圣母院', '巴黎圣母院', '悲惨世界（上下）', '悲惨世界（全三册）', '笑面人', '悲惨世界（上中下）']",8.704716695240135,105.16589551450735
威廉·萨默塞特·毛姆,12,8.65,8.643848504007307,230473,38.5,英,"['月亮与六便士', '月亮与六便士', '面纱', '月亮和六便士', '寻欢作乐', '毛姆短篇小说精选集', '毛姆读书随笔', '刀锋', '月亮和六便士', '刀锋', '情迷佛罗伦萨', '面纱']",8.510599048181312,105.08796927914634
玛格丽特·米切尔,4,9.375,9.351002291052303,169507,39.0,美国,"['飘', '乱世佳人(上、下)', '飘', '乱世佳人']",8.708909313231366,104.86097597075248
艾萨克·阿西莫夫,22,8.995454545454546,8.977946942319614,135570,38.5,美,"['永恒的终结', '神们自己', '基地', '银河帝国：基地', '基地与帝国', '第二基地', '银河帝国2：基地与帝国', '银河帝国3：第二基地', '银河帝国：基地七部曲', '银河帝国4：基地前奏', '银河帝国5：迈向基地', '银河帝国6：基地边缘', '银河帝国7：基地与地球', '基地前传1·基地前奏（上下）', '银河帝国9：钢穴', '银河帝国8：我，机器人', '银河帝国10：裸阳', '基地续集2·基地与地球（上下）', '银河帝国11：曙光中的机器人', '银河帝国12：机器人与帝国', '机器人短篇全集', '银河帝国 ：基地']",8.843710511817862,104.50834483164198
奥斯丁,3,9.0,8.989524609848047,221585,13.0,英,"['傲慢与偏见', '傲慢与偏见', '傲慢与偏见']",8.485022977385286,104.43846579503594
安妮宝贝,27,7.825925925925926,7.827587260955484,554150,25.0,中国,"['莲花', '素年锦时', '八月未央', '彼岸花', '清醒纪', '告别薇安', '二三事', '蔷薇岛屿', '告别薇安', '春宴', '蔷薇岛屿', '八月未央（修订版）', '素年锦时', '彼岸花', '眠空', '月', '莲花', '清醒纪', '素年锦时', '二三事', '瞬间空白', '告别薇安', '彼岸花', '蔷薇岛屿', '素年锦时之月棠记', '安妮宝贝系列', '八月未央']",7.8806307443463215,104.22285855052284
阿加莎·克里斯蒂,45,8.055555555555555,8.059828159217655,404799,21.0,英,"['东方快车谋杀案', '尼罗河上的惨案', '无人生还', '罗杰疑案', '无人生还', '罗杰疑案', '尼罗河上的惨案', '阳光下的罪恶', '无人生还', '斯泰尔斯庄园奇案', '东方快车谋杀案', '啤酒谋杀案', '悬崖山庄奇案', '云中命案', '谋杀启事', '五只小猪', '人性记录', '底牌', '帷幕', '捕鼠器', '阳光下的罪恶', '藏书室女尸之谜', '悬崖山庄奇案', '底牌', '古墓之谜', '幕后凶手', '沉默的证人', '圣诞奇案', '葬礼之后', '空谷幽魂', '高尔夫球场命案', '无尽长夜', '高尔夫球场命案', '长夜', '沉睡的谋杀案', '杀人不难', '牙医谋杀案', '三幕悲剧', '东方快车谋杀案', '谋杀启事', '人性记录', 'ABC谋杀案', '四魔头', '云中命案', '蓝色列车之谜']",8.067603676381646,104.16202827358632
韩寒,39,7.566666666666667,7.57224621346033,837384,25.0,中国,"['1988：我想和这个世界谈谈', '三重门', '长安乱', '一座城池', '他的国', '像少年啦飞驰', '零下一度', '光荣日（第一季）', '青春', '我所理解的生活', '通稿2003', '可爱的洪水猛兽', '杂的文', '1988：我想和这个世界谈谈', '毒', '三重门', '就这么漂来漂去', '长安乱', '像少年啦飞驰', '像少年啦飞驰', '零下一度', '长安乱', '光明与磊落', '光荣日 第一季', '三重门', '所有人问所有人', '三重门', '告白与告别', '草', '一座城池', '韩寒五年文集（上下）', '和喜欢的一切在一起', '寒·十八禁', '韩寒五年文集', '我所理解的生活', '1988：我想和这个世界谈谈', '他的国', '三重门', '杂的文']",7.635913268615507,104.13888463652351
斯蒂芬·茨威格,11,8.754545454545454,8.744344661894536,173198,25.0,奥,"['一个陌生女人的来信', '人类的群星闪耀时', '象棋的故事', '人类群星闪耀时', '人类的群星闪耀时（增订版）', '人类群星闪耀时', '昨日的世界', '人类群星闪耀时', '一个陌生女人的来信', '心灵的焦灼', '人类群星闪耀时']",8.573761488692643,103.41839583293292
林奕含,2,9.05,9.047996525643129,210464,182.5,中国,"['房思琪的初恋乐园', '房思琪的初戀樂園']",8.425740545583185,103.2749308276485
尤瓦尔·赫拉利,5,8.68,8.676614281900541,208976,68.0,以色列,"['人类简史', '未来简史', '人类简史', '今日简史', '未来简史']",8.42801838190823,103.24305221052833
夏洛蒂·勃朗特,5,8.559999999999999,8.555086475242302,227953,21.4,英,"['简爱（英文全本）', '简爱', '简·爱', '简・爱', '简爱']",8.368018381908229,103.23539872232729
大仲马,9,8.966666666666667,8.948850569280573,144356,38.0,法国,"['基督山伯爵', '基督山伯爵（上下册）', '三个火枪手', '基督山伯爵（上下）', '三个火枪手', '基督山伯爵（上下）', '基督山伯爵(上下)', '基督山伯爵', '基度山伯爵（上下）']",8.684298844220166,103.16985825915238
埃莱娜·费兰特,4,8.825,8.823536302742536,173530,60.5,意,"['我的天才女友', '新名字的故事', '失踪的孩子', '离开的，留下的']",8.464464868786921,102.11624827603436
江南,20,8.225,8.223123221025261,248416,25.0,中国,"['此间的少年', '九州·缥缈录', '龙族Ⅰ', '上海堡垒', '龙族Ⅱ', '龙族Ⅲ', '九州·缥缈录Ⅱ·苍云古齿', '龙族Ⅲ', '龙族Ⅳ', '九州·缥缈录Ⅲ·天下名将', '九州·缥缈录Ⅳ·辰月之征', '龙族Ⅲ', '九州·缥缈录V·一生之盟', '九州·缥缈录VI·豹魂', '光明皇帝', '九州·缥缈录', '此间的少年', '蝴蝶风暴', '涿鹿', '此间的少年']",8.215207352763292,102.05640420672621
罗贯中,3,9.333333333333334,9.31822273379286,135494,14.5,明,"['三国演义（全二册）', '三国演义', '三国演义']",8.610022977385286,101.74197257378954
海明威,8,8.4,8.394331112488066,194483,16.5,美,"['老人与海', '老人与海', '乞力马扎罗的雪', '流动的盛宴', '老人与海', '丧钟为谁而鸣', '永别了，武器', '老人与海']",8.313860293775562,101.24706507987804
刘瑜,6,8.216666666666667,8.217752932245515,230440,30.5,中国,"['送你一颗子弹', '民主的细节', '观念的水位', '那么，爱呢？', '民主的细节', '送你一颗子弹']",8.198198529007481,101.22930706185646
严歌苓,29,8.16551724137931,8.16344378447704,240550,25.0,中国,"['陆犯焉识', '芳华', '小姨多鹤', '金陵十三钗', '第九个寡妇', '陆犯焉识', '一个女人的史诗', '扶桑', '白蛇', '天浴', '少女小渔', '金陵十三钗', '妈阁是座城', '老师好美', '小姨多鹤', '寄居者', '角儿', '无出路咖啡馆', '赴宴者', '霜降', '第九个寡妇', '穗子物语', '小姨多鹤', '床畔', '小姨多鹤', '扶桑', '穗子', '谁家有女初长成', '陆犯焉识']",8.16706422997301,101.19553988409955
安倍夜郎,17,9.135294117647058,9.111843461631112,82550,200.0,日,"['深夜食堂 01', '深夜食堂 02', '深夜食堂 03', '深夜食堂 04', '深夜食堂 05', '深夜食堂 01', '深夜食堂 06', '深夜食堂 07', '深夜食堂 05', '深夜食堂 08', '深夜食堂 02', '深夜食堂 09', '深夜食堂 10', '深夜食堂 07', '深夜食堂 03', '深夜食堂 06', '深夜食堂 08']",8.917281082685559,100.95406901387312
黑柳彻子 著 / 岩崎千弘 图,2,8.899999999999999,8.896137031051925,169310,22.5,日,"['窗边的小豆豆', '窗边的小豆豆']",8.382883402726042,100.92566218603604
史铁生,9,9.0,8.984263595382158,106768,26.0,中国,"['我与地坛', '我与地坛', '病隙碎笔', '我与地坛', '务虚笔记', '我与地坛', '灵魂的事', '命若琴弦', '病隙碎笔']",8.705727415648736,100.79859368096707
林达,10,8.75,8.743486803108816,129751,28.95,中国,"['历史深处的忧虑', '带一本书去巴黎', '总统是靠不住的', '我也有一个梦想', '西班牙旅行笔记', '如彗星划过夜空', '扫起落叶好过冬', '像自由一样美丽', '一路走来一路读', '历史深处的忧虑']",8.558678921272152,100.7645810796769
乔斯坦·贾德,5,8.68,8.670624071667188,154378,26.8,中国,"['苏菲的世界', '苏菲的世界', '纸牌的秘密', '苏菲的世界', '苏菲的世界']",8.42801838190823,100.6909337912849
伊塔洛·卡尔维诺,14,8.65,8.642509752029367,129898,21.0,意大利,"['看不见的城市', '树上的男爵', '看不见的城市', '分成两半的子爵', '不存在的骑士', '如果在冬夜，一个旅人', '如果在冬夜，一个旅人', '宇宙奇趣全集', '为什么读经典', '通向蜘蛛巢的小径', '帕洛马尔', '命运交叉的城堡', '烟云·阿根廷蚂蚁', '新千年文学备忘录']",8.525272832583278,100.38093157067046
赫尔曼·黑塞,15,8.893333333333334,8.879023252327066,99755,25.0,德,"['悉达多', '德米安', '荒原狼', '悉达多', '悉达多', '荒原狼', '纳尔齐斯与歌尔德蒙', '德米安', '荒原狼', '在轮下', '德米安', '玻璃球游戏', '彷徨少年时', '盖特露德', '悉达多']",8.714009190954116,100.3024501519589
桐华,22,7.840909090909091,7.846152764030562,321904,28.9,中国,"['步步惊心', '那些回不去的年少时光', '云中歌1', '大漠谣', '那些回不去的年少时光·终场', '被时光掩埋的秘密', '云中歌3', '曾许诺', '云中歌2', '步步惊心', '长相思', '大漠谣·终结篇', '曾许诺·殇', '步步惊心（上下）', '最美的时光', '步步惊心', '长相思2', '长相思3', '半暖时光', '大漠谣', '那片星空，那片海', '那些回不去的年少时光（套装上下册）']",7.902969771077121,100.225555496224
高木直子,19,8.373684210526315,8.367728287251671,163363,38.0,中国,"['一個人住第5年', '人气绘本天后高木直子作品典藏（全6册）', '一個人上東京', '一个人住第9年', '一个人住的每一天', '一个人旅行2', '一個人去旅行', '一個人的第一次', '150cm Life 2', '150cm Life', '一个人的美食之旅', '30分老妈', '一个人去跑步', '两个人的头两年', '一个人漂泊的日子2', '30分老妈 2', '肚子饿万岁', '一个人暖呼呼', '一個人住第9年']",8.332507659128428,100.02122314886546
高铭,3,7.566666666666666,7.570979549490336,275073,36.0,中国,"['天才在左 疯子在右', '天才在左 疯子在右（完整版）', '催眠师手记']",7.947522977385287,99.54109947777857
Priest,18,8.5,8.492827958801671,133877,48.0,中国,"['默读', '镇魂', '殺破狼', '有匪（全集）', '有匪1', '大哥', '默读.2', '六爻', '默读.3', '有匪2', '山河表里', '大哥', '残次品', '有匪3', '我的拖延症女友', '有匪4', '镇魂', '天涯客（下册）']",8.429573209525318,99.50844981799915
川端康成,15,8.3,8.296250700666006,167593,25.0,日,"['伊豆的舞女', '雪国', '雪国', '雪国 古都', '雪国', '千只鹤', '古都', '雪国 古都 千只鹤', '伊豆的舞女', '伊豆的舞女', '睡美人', '古都', '山音', '千只鹤', '伊豆的舞女']",8.269009190954115,99.47038950606142
丹·布朗,10,7.67,7.674977663671473,320752,29.0,美,"['达·芬奇密码', '失落的秘符', '数字城堡', '达·芬奇密码', '骗局', '地狱', '天使与魔鬼', '数字城堡', '本源', '骗局']",7.838678921272153,99.38211562269011
沧月,31,8.083870967741936,8.084170328378187,213142,23.0,中国,"['七夜雪', '曼珠沙华', '护花铃', '血薇', '镜·神寂', '镜·双城', '帝都赋', '大漠荒颜', '镜·破军', '镜·龙战', '镜·双城', '镜·辟天', '镜·破军', '夜船吹笛雨潇潇', '镜·织梦者', '剑歌', '听雪楼系列典藏版（全三册）', '沧海', '飞天', '花镜', '羽·青空之蓝', '风玫瑰', '镜·龙战（上）', '镜·龙战（下）', '镜·归虚1', '羽·赤炎之曈', '花镜', '镜·辟天1', '镜·辟天2', '大漠荒颜·帝都赋', '羽·黯月之翼']",8.096671772752286,99.34388409384306
吴晓波,15,8.486666666666666,8.48026627965698,133177,42.0,中国,"['激荡三十年（上）', '激荡三十年（下）', '腾讯传', '大败局', '激荡十年，水大鱼大', '激荡三十年', '大败局Ⅱ', '历代经济变革得失', '跌荡一百年（下）', '跌荡一百年（上）', '激荡三十年', '把生命浪费在美好的事物上', '浩荡两千年', '激荡三十年：中国企业1978~2008. 上', '吴敬琏传']",8.409009190954116,99.22161503442199
亦舒,68,7.623529411764705,7.633564460481381,412284,18.0,中国,"['喜宝', '我的前半生', '她比烟花寂寞', '圆舞', '玫瑰的故事', '喜宝', '开到荼蘼', '人淡如菊', '如果墙会说话', '流金岁月', '不羁的风', '吃南瓜的人', '喜宝', '开到荼縻', '她的二三事', '我的前半生', '一点旧一点新', '玫瑰的故事', '阿修罗', '同门', '印度墨', '花常好月常圆人长久', '流金岁月', '她比烟花寂寞', '这样的爱拖一天是错一天', '阿修羅', '圓舞', '电光幻影', '寂寞的心俱乐部', '连环', '人淡如菊', '我们不是天使', '忽爾今夏', '承欢记', '寒武纪', '嘘', '小紫荆', '人淡如菊', '朝花夕拾', '剪刀替针做媒人', '胭脂', '香雪海', '特首小姐你早', '悄悄的一线光', '天上所有的星', '圆舞', '乐未央', '痴情司', '迷迭香', '天若有情', '迷藏', '我的前半生', '邻居太太的情人', '朝花夕拾', '开到荼縻', '心扉的信', '花解語', '她比烟花寂寞', '直至海枯石烂', '异乡人', '葡萄成熟的时候', '烈火', '爱情只是古老传说', '没有月亮的晚上', '小玩意', '玫瑰的故事', '要多美麗，就多美麗', '曾經深愛過']",7.661372381083318,99.05748540779474
白先勇,12,8.700000000000001,8.690968737142562,106737,39.0,中国,"['台北人', '孽子', '纽约客', '孽子', '台北人', '树犹如此', '孽子', '寂寞的十七岁', '台北人', '白先勇细说红楼梦', '纽约客', '游园惊梦']",8.545893165828371,98.94548351243373
霍达,4,8.1,8.09993123211039,186874,34.5,中国,"['穆斯林的葬礼', '穆斯林的葬礼', '穆斯林的葬礼', '穆斯林的葬礼']",8.1422426465647,98.8321307980733
艾米莉·勃朗特,6,8.549999999999999,8.543032567241577,131982,16.5,中国,"['呼啸山庄', '呼啸山庄', '呼啸山庄', '呼啸山庄', '呼啸山庄', '呼啸山庄']",8.380016710825663,98.80398706501079
哈珀·李,3,9.200000000000001,9.19156532802949,101778,32.0,美,"['杀死一只知更鸟', '杀死一只知更鸟', '杀死一只反舌鸟']",8.560022977385287,98.70185062394067
笛福,5,8.24,8.235358580733395,166028,10.0,英,"['鲁滨逊漂流记', '鲁滨孙历险记', '鲁滨逊漂流记', '鲁滨孙飘流记', '鲁滨孙漂流记']",8.208018381908229,98.6597058482136
安徒生,3,9.133333333333333,9.1247363996219,103779,12.0,中国,"['安徒生童话故事集', '海的女儿', '安徒生童话']",8.535022977385285,98.57975908864309
寂地,11,8.672727272727274,8.662391450789839,105212,20.0,中国,"['我的路', '我的路3', '我的路2', '踮脚张望的时光', '我的路4', '我的路5', 'My Way 2', 'My Way 1', '寂地', '飞翔的猫', '我的路6']",8.517511488692644,98.49430657909316
小仲马,8,8.3625,8.356264132571035,139461,10.5,中国,"['茶花女', '茶花女', '茶花女', '茶花女', '茶花女', '茶花女', '茶花女', '茶花女']",8.29078337069864,98.20886774648355
岩井俊二,9,8.055555555555555,8.05787058807072,184727,25.0,日,"['情书', '关于莉莉周的一切', '华莱士人鱼', '燕尾蝶', '情书', '燕尾蝶', '情书', '关于莉莉周的一切', '垃圾筐电影院']",8.098584558505879,98.20861744115724
今何在,11,7.990909090909091,7.992896623053033,194839,25.0,中国,"['悟空传', '悟空传', '悟空传', '九州·羽传说', '西游日记', '海上牧云记', '中国式青春', '若星汉天空', '我的征途是星辰大海', '悟空传', '悟空传']",8.048761488692644,98.03338361679297
芥川龙之介,10,8.83,8.81450555521361,87557,25.0,日,"['罗生门', '罗生门', '罗生门', '罗生门', '罗生门', '罗生门', '河童', '地狱变', '罗生门', '罗生门']",8.612012254605485,98.00518784372801
费孝通,8,9.2125,9.191417705085176,66757,26.0,中国,"['乡土中国', '乡土中国', '江村经济', '乡土中国', '乡土中国', '乡土中国 生育制度', '江村经济', '乡土中国']",8.813860293775562,97.91167052881472
古龙,32,7.971875,7.9751966275041335,204568,30.4,中国,"['陆小凤传奇', '多情剑客无情剑(上、中、下)', '绝代双骄（全三册）', '楚留香传奇', '欢乐英雄', '萧十一郎', '三少爷的剑', '流星·蝴蝶·剑', '武林外史（上下）', '七种武器（全三册）', '边城浪子（上下）', '天涯·明月·刀', '圆月弯刀', '绝代双骄', '小李飞刀1：多情剑客无情剑（上中下）', '大人物', '大旗英雄传（上下）', '九月鹰飞', '白玉老虎（上下）', '浣花洗剑录（上下）', '多情剑客无情剑', '风云第一刀', '小李飞刀系列', '陆小凤传奇1：金鹏王朝', '风铃中的刀声', '飞刀，又见飞刀', '陆小凤（1-4册）', '天涯明月刀', '剑花·烟雨·江南', '陆小凤传奇2：绣花大盗', '火并萧十一郎', '陆小凤传奇3：决战前后']",7.999464427542764,97.82273551313915
顾漫,7,7.457142857142857,7.463747084938313,288950,25.0,中国,"['何以笙箫默', '微微一笑很倾城', '何以笙箫默', '杉杉来吃', '骄阳似我', '微微一笑很倾城（典藏版）', '你是我的荣耀']",7.756681984923525,97.53261548103589
天下霸唱,14,7.728571428571429,7.734109799907744,244668,28.0,中国,"['鬼吹灯之精绝古城', '鬼吹灯之云南虫谷', '鬼吹灯之龙岭迷窟', '鬼吹灯之昆仑神宫', '鬼吹灯Ⅱ之一·黄皮子坟', '鬼吹灯Ⅱ之二·南海归墟', '鬼吹灯Ⅱ之三·怒晴湘西', '鬼吹灯Ⅱ之四巫峡棺山', '鬼吹灯之牧野诡事', '贼猫', '河神1·鬼水怪谈', '谜踪之国 I', '鬼吹燈（4本）', '鬼吹灯全集']",7.846325464162225,97.35455081494302
唐七公子,9,7.722222222222222,7.724830295197702,229296,35.0,中国,"['三生三世 十里桃花', '华胥引（全二册）', '三生三世 枕上书', '岁月是朵两生花', '三生三世十里桃花', '三生三世 枕上书·终篇', '华胥引', '华胥引（全2册）', '三生三世十里桃花2·緣之卷']",7.884298844220164,97.31411393748064
汪曾祺,15,8.94,8.919177570058038,66438,25.0,中国,"['人间草木', '受戒', '生活，是很好玩的', '岁朝清供', '五味', '汪曾祺谈吃', '生活是很好玩的', '大淖记事', '汪曾祺散文', '人间滋味', '慢煮生活', '受戒', '人间草木', '人间草木', '汪曾祺小说经典']",8.749009190954116,97.14934375105496
钱钟书,9,8.988888888888889,8.973488587035863,70244,18.6,中国,"['围城', '围城', '围城', '写在人生边上', '围城', '围城', '宋诗选注', '宋诗选注', '写在人生边上 写在人生边上的边上 石语']",8.698584558505878,97.07398040418393
莫言,20,8.26,8.25504790280612,125938,35.0,中国,"['檀香刑', '蛙', '生死疲劳', '蛙', '丰乳肥臀', '丰乳肥臀', '蛙', '红高粱家族', '丰乳肥臀', '透明的红萝卜', '檀香刑', '蛙', '檀香刑', '红高粱', '酒国', '生死疲劳', '红高粱', '丰乳肥臀', '红高粱家族', '檀香刑']",8.243207352763292,96.80454195676928
保罗·柯艾略,6,8.15,8.14985671236065,140342,23.5,巴西,"['牧羊少年奇幻之旅', '维罗妮卡决定去死', '我坐在彼德拉河畔，哭泣', '维罗妮卡决定去死', '朝圣', '波多贝罗的女巫']",8.161834892643846,96.7327996573791
李娟,12,8.708333333333334,8.698923089776432,81651,27.9,中国,"['我的阿勒泰', '冬牧场', '阿勒泰的角落', '遥远的向日葵地', '阿勒泰的角落', '羊道·春牧场', '羊道·前山夏牧场', '走夜路请放声歌唱', '羊道·深山夏牧场', '走夜路请放声歌唱', '九篇雪', '记一忘三二']",8.551775518769547,96.72247612996513
伊坂幸太郎,26,8.080769230769231,8.082390634368773,153251,35.0,日,"['金色梦乡', '金色梦乡', '余生皆假期', '死神的精确度', '重力小丑', '一首小夜曲', '家鸭与野鸭的投币式寄物柜', '华丽人生', '奥杜邦的祈祷', '重力小丑', '不然你搬去火星啊', '死神的精确度', '恐妻家', '一首朋克救地球', '家鸭与野鸭的投币式寄物柜', '奥杜邦的祈祷', '阳光劫匪', '死神的浮力', '沙漠', '一首朋克救地球', '孩子们', '末日的愚者', '摩登时代', '汽油生活', '杀手界', '魔王']",8.096134961905882,96.66654719249983
九把刀,17,8.352941176470589,8.345492528769219,111979,25.0,中国,"['那些年，我们一起追的女孩', '楼下的房客', '那些年，我们一起追的女孩', '等一个人咖啡', '後青春期的詩', '功夫', '后青春期的诗', '杀手', '少林寺第八铜人', '等一個人咖啡', '殺手.流離尋岸的花', '殺手：風華絕代的正義', '这些年，二哥哥很想你', '月老', '樓下的房客', '吸血鬼猎人/猎命师传奇', '杀手，无与伦比的自由']",8.312735628140105,96.64449254719183
龙应台 / 安德烈,2,8.7,8.696046677557687,109959,27.9,德,"['亲爱的安德烈', '亲爱的安德烈']",8.325740545583185,96.64413007777122
乙一,16,8.15,8.14916337686173,137007,29.8,日,"['ZOO', '夏天·烟火·我的尸体', '暗黑童话', '平面狗', 'GOTH断掌事件', '夏天、烟火和我的尸体', 'Goth.斷掌事件', '只有你聽到 Calling You', '只有你听到Calling You', '天帝妖狐', '动物园', '寂寞的频率', '失踪HOLIDAY', '夏天．煙火．我的屍體', '瀕死之綠', '在黑暗中等待']",8.156199229480109,96.46984918066971
萧红,6,8.75,8.739646730492712,85775,23.0,中国,"['呼兰河传', '生死场', '呼兰河传', '呼兰河传', '呼兰河传', '呼兰河传']",8.489107619916572,96.43197153963867
王小波 / 李银河,4,8.6,8.593184491010284,101391,19.0,中国,"['爱你就像爱生命', '爱你就像爱生命', '东宫·西宫', '爱你就像爱生命']",8.364464868786921,96.41509100619942
陀思妥耶夫斯基,11,9.045454545454545,9.02653597811779,58927,22.0,俄,"['罪与罚', '罪与罚', '白痴', '白夜', '地下室手记', '卡拉马佐夫兄弟', '罪与罚', '罪与罚', '卡拉马佐夫兄弟', '死屋手记', '白夜']",8.773761488692642,96.3716247325342
菲茨杰拉德,5,8.26,8.258197832157357,122939,25.0,美,"['了不起的盖茨比', '了不起的盖茨比', '了不起的盖茨比', '了不起的盖茨比', '返老还童']",8.21801838190823,96.31066958245434
玛格丽特·杜拉斯,12,7.891666666666667,7.8967240265857725,174984,18.0,法,"['情人', '情人', '情人', '中国北方的情人', '琴声如诉', '写作', '物质生活', '情人 乌发碧眼', '爱', '情人 乌发碧眼', '夏夜十点半钟', '毁灭，她说']",7.975304930534254,96.28151415151243
伊藤潤二,17,8.711764705882352,8.698050477822473,73597,100.0,中国,"['漩涡', '魚', '伊藤潤二恐怖漫畫精選【1】', '富江 PARTIII', '至死不渝的愛', '伊藤潤二的貓日記', '伊藤潤二恐怖漫畫精選【2】', '魚2', '漩渦2', '人頭氣球', '闇之聲', '漩渦3', '伊藤潤二恐怖漫畫精選【7】', '地獄星', '禁入空間', '快樂的暑假', '伊藤潤二恐怖漫畫精選【15】']",8.59000835541283,96.26283882430796
伍绮诗,2,8.2,8.199525656729268,128504,48.5,美,"['无声告白', '小小小小的火']",8.182883402726041,96.2611744525169
蒋勋,15,8.313333333333334,8.306970711942538,110846,38.0,中国,"['孤独六讲', '生活十讲', '写给大家的西方美术史', '蒋勋说红楼梦（第一辑）', '吴哥之美', '汉字书法之美', '蒋勋说宋词', '蒋勋说唐诗', '给青年艺术家的信', '孤独六讲', '蒋勋说红楼梦（第二辑）', '写给大家的中国美术史', '蒋勋细说红楼梦', '蒋勋说红楼梦（第三辑）', '品味四讲']",8.279009190954117,96.16819378604163
肯·福莱特,4,8.5,8.498525315123103,103703,150.0,英,"['巨人的陨落', '世界的凛冬', '永恒的边缘', '圣殿春秋']",8.320020424342477,96.09037832622477
郑渊洁,18,8.63888888888889,8.625058882478916,76576,16.0,中国,"['舒克和贝塔历险记', '皮皮鲁传', '鲁西西传', '智齿', '金拇指', '大灰狼罗克', '病菌集中营', '白客', '皮皮鲁和鲁西西的故事', '生化保姆', '我是钱', '罐头小人', '鬼车', '五个苹果折腾地球', '舒克和贝塔历险记', '郑渊洁十二生肖童话（12册）', '皮皮鲁和罐头小人', '魔方大厦']",8.53826886169923,96.02181603167622
余秋雨,12,7.683333333333334,7.686905077137655,208503,31.0,中国,"['文化苦旅', '行者无疆', '千年一叹', '文化苦旅', '山居笔记', '霜冷长河', '借我一生', '山居笔记', '文化苦旅', '千年一叹', '霜冷长河', '中国文脉']",7.828246107004841,95.87811556279422
辛夷坞,15,7.453333333333333,7.460417466535542,277097,29.8,中国,"['致我们终将逝去的青春', '原来你还在这里', '我在回忆里等你', '许我向你看', '山月不知心底事', '我们', '浮世浮城', '许我向你看（终结篇）', '致我们终将逝去的青春', '致我们终将逝去的青春', '致我们终将逝去的青春', '原来', '蚀心者', '应许之日', '晨昏']",7.634009190954115,95.67036898407582
古斯塔夫·勒庞,3,8.233333333333333,8.232226337047846,115857,24.8,法,"['乌合之众', '乌合之众', '乌合之众']",8.197522977385287,95.58410639239395
莎士比亚,9,8.622222222222222,8.608424108573905,80298,13.0,英,"['哈姆莱特', '罗密欧与朱丽叶（名著名译插图本）', '威尼斯商人', '仲夏夜之梦', '李尔王', '麦克白', '莎士比亚喜剧悲剧集', '莎士比亚全集（全8册）', '莎士比亚悲剧集']",8.462870272791593,95.57553075937065
郭敬明,27,6.825925925925926,6.839779571743314,784553,23.0,中国,"['梦里花落知多少', '幻城', '悲伤逆流成河', '1995-2005夏至未至', '小时代1.0折纸时代', '小时代2.0虚铜时代', '左手倒影，右手年华。', '幻城', '爱与痛的边缘', '小时代3.0：刺金时代', '1995-2005夏至未至', '夏至未至', '临界·爵迹 I', '悲伤逆流成河', '临界·爵迹 Ⅱ', '幻城', '天亮说晚安', '无极', '猜火车', '左手倒影.右手年华', '刻下来的幸福时光', '爵迹.燃魂书', '岛・陆眼（Vol.02)', '小时代2.0', '岛', '愿风裁尘', '一梦三四年']",7.0368807443463215,95.51067235075283
木心,17,8.447058823529412,8.4394121083218,88200,26.0,中国,"['云雀叫了一整天', '素履之往', '哥伦比亚的倒影', '云雀叫了一整天', '琼美卡随想录', '我纷纷的情欲', '温莎墓园日记', '素履之往', '即兴判断', '哥伦比亚的倒影', '鱼丽之宴', '西班牙三棵树', '木心诗选', '我纷纷的情欲', '木心作品八种', '爱默生家的恶客', '琼美卡随想录']",8.385462900867378,95.48839869172262
阿城,10,8.91,8.893416167412713,60325,24.5,中国,"['棋王', '棋王·树王·孩子王', '阿城精选集', '棋王', '棋王.樹王.孩子王', '常识与通识', '威尼斯日记', '闲话闲说', '棋王 树王 孩子王', '遍地风流']",8.66534558793882,95.38395158417607
吴军,12,8.633333333333333,8.622080698445036,74694,59.0,中国,"['浪潮之巅', '数学之美', '智能时代', '见识', '文明之光（第一册）', '态度', '见识', '数学之美 （第二版）', '浪潮之巅（第2版）（套装上下册）', '文明之光（第二册）', '文明之光 （第三册）', '硅谷之谜']",8.498834342298958,95.36685165164921
J. D. 塞林格,3,8.033333333333333,8.032940605478215,124428,13.0,美国,"['麦田里的守望者', '麦田里的守望者', '麦田里的守望者']",8.122522977385287,95.28930156020911
吴承恩,3,9.1,9.089368524380161,71090,15.0,中国,"['西游记（全二册）', '西游记', '西游记（全三册）']",8.522522977385286,95.21120652415262
莫泊桑,5,8.219999999999999,8.217834153574554,109675,14.0,中国,"['羊脂球', '漂亮朋友', '莫泊桑短篇小说选', '漂亮朋友', '一生']",8.198018381908229,95.14034667510815
斯蒂芬·金,7,8.242857142857142,8.242703334773218,104473,32.0,美,"['肖申克的救赎', '写作这回事', '宠物公墓', '肖申克的救赎', '杜马岛', '重生', '它']",8.215015318256858,94.93841425907378
京极夏彦,14,8.335714285714285,8.330414685764854,92609,29.0,日,"['姑获鸟之夏', '魍魉之匣（上）', '魍魉之匣（下）', '巷说百物语', '狂骨之梦', '络新妇之理（上）', '铁鼠之槛（上）', '不如去死', '络新妇之理（下）', '铁鼠之槛（下）', '涂佛之宴·宴之支度（上）', '涂佛之宴·宴之支度（下）', '涂佛之宴·宴之始末（上）', '涂佛之宴·宴之始末（下）']",8.293693885214857,94.84794728139015
彼得·海斯勒,2,9.0,8.998160330807071,78811,34.5,美,"['寻路中国', '江城']",8.41145483129747,94.83764377482572
落落,11,7.663636363636363,7.669146806559658,181587,24.8,中国,"['年华是无效信', '不朽', '尘埃星球', '须臾', '那些生命中温暖而美好的事情', '剩者为王', '年华是无效信', '千秋', '万象', '剩者为王Ⅱ', '剩者为王Ⅰ']",7.823761488692643,94.7418058209185
夏达,9,8.766666666666667,8.754840005973964,63790,18.0,中国,"['子不语 1-2', '游园惊梦', '长歌行 01', '长歌行 02', '长歌行 03', '长歌行 04', '夏达短篇漫画集(共2册)', '长歌行 05', '长歌行 06']",8.555727415648736,94.65515571840236
三岛由纪夫,14,8.607142857142858,8.593278054174064,68681,26.5,日,"['金阁寺', '潮骚', '春雪', '假面自白', '爱的饥渴', '金阁寺', '春雪', '天人五衰', '奔马', '金阁寺', '午后曳航', '晓寺', '萨德侯爵夫人', '禁色']",8.493693885214856,94.59632796955951
李碧华,18,8.127777777777778,8.129791830274499,111209,18.0,中国,"['霸王别姬 青蛇', '青蛇', '霸王别姬', '胭脂扣', '霸王别姬', '胭脂扣 生死桥', '饺子', '生死桥', '潘金莲之前世今生 诱僧', '青蛇', '饺子', '胭脂扣', '秦俑 满洲国妖艳——川岛芳子', '诱僧', '秦俑', '潘金莲之前世今生', '霸王别姬', '流星雨解毒片']",8.138268861699231,94.55997486049868
林语堂,11,8.372727272727273,8.36745390972345,86796,25.0,中国,"['京华烟云', '苏东坡传', '苏东坡传', '苏东坡传', '生活的艺术', '吾国与吾民', '人生不过如此', '京华烟云', '吾国与吾民', '苏东坡传', '风声鹤唳']",8.311261488692644,94.51007497830057
沈复,5,8.58,8.57019875110944,78490,32.0,中国,"['浮生六记', '浮生六记', '浮生六记', '浮生六记', '浮生六记']",8.37801838190823,94.4264605933852
李可,5,7.779999999999999,7.780461218530876,136848,29.8,中国,"['杜拉拉升职记', '杜拉拉2华年似水', '杜拉拉3', '杜拉拉大结局', '杜拉拉升職記']",7.978018381908229,94.35309871850332
张小娴,40,7.6450000000000005,7.652826921106704,206278,18.0,中国,"['面包树上的女人', '三个A Cup的女人', '永不永不说再见', '面包树上的女人', '谢谢你离开我', '荷包里的单人床', '我终究是爱你的', '流浪的面包树', '面包树出走了', '三个 A Cup 的女人', '三月里的幸福饼', '红颜露水', '拥抱', '卖海豚的女孩', '蝴蝶过期居留', '荷包里的单人床', '我在云上爱你', '魔法蛋糕店', '收到你的信已经太迟', '雪地里的蜗牛奄列', '再见野鼬鼠', '流波上的舞', '我们都是丑小鸭', '爱上了你', '永不永不说再见', '吸血盟1：蓝蝴蝶之吻', '我的爱如此麻辣', '荷包里的单人床', '想念', '离别曲', '情人无泪', '思念里的流浪狗', '相逢', '面包树上的女人', '情人无泪', '相逢', '三个A Cup的女人', '那年的梦想', '蝴蝶过期居留', '刻骨的爱人']",7.704004084868496,94.27378165895098
钱穆,4,9.125,9.112210951549729,57628,19.0,中国,"['中国历代政治得失', '中国历代政治得失', '中国历代政治得失', '国史新论']",8.597798202120256,94.24718262638946
欧·亨利,4,8.675,8.666444059304357,72835,21.9,美,"['麦琪的礼物', '欧·亨利短篇小说选', '欧亨利短篇小说精选', '欧·亨利短篇小说精选']",8.397798202120255,94.02145993323636
格林兄弟,2,8.9,8.892779300970568,73616,17.225,德,"['格林童话全集', '格林童话']",8.382883402726042,93.94388315896236
笛安,12,7.625,7.63134053375644,173331,24.8,中国,"['西决', '东霓', '南音 （上）', '告别天堂', '南音 （下）', '南方有令秧', '芙蓉如面柳如眉', '告别天堂', '妩媚航班', '芙蓉如面柳如眉', '景恒街', '告别天堂']",7.787069636416605,93.93514154267739
安东尼,6,7.8500000000000005,7.856079624351392,121459,28.8,中国,"['陪安东尼度过漫长岁月', '橙', '黄', '红', '绿', '尔本']",7.998198529007482,93.63763172171758
儒尔·凡尔纳,2,8.45,8.444076559861681,82388,21.0,法国,"['海底两万里', '海底两万里']",8.254311974154614,93.43226762663365
M·斯科特·派克,3,8.233333333333333,8.228711349934569,88535,26.0,美,"['少有人走的路', '少有人走的路Ⅱ', '少有人走的路']",8.197522977385287,93.37933295700225
马里奥·普佐,5,8.82,8.808973675038414,59089,42.0,美,"['教父', '教父', '教父 2：西西里人', '教父3', '教父']",8.49801838190823,93.36617269158049
八月长安,8,7.9375,7.943215946852113,112058,50.0,中国,"['最好的我们', '暗恋·橘生淮南', '橘生淮南·暗恋', '你好，旧时光', '时间的女儿', '暗恋', '被偷走的那五年', '暗恋：橘生淮南']",8.029244909160177,93.35427052655105
弗雷德里克·巴克曼,6,8.25,8.249734427958087,85959,40.9,瑞典,"['一个叫欧维的男人决定去死', '外婆的道歉信', '清单人生', '一个叫欧维的男人决定去死', '熊镇', '时间的礼物']",8.2163803471893,93.35153384064718
列夫·托尔斯泰,9,8.766666666666667,8.75101110996741,54653,37.0,中国,"['复活', '安娜·卡列尼娜', '战争与和平（全四册）', '安娜·卡列尼娜', '战争与和平（全四册）', '复活', '安娜·卡列尼娜', '安娜·卡列尼娜', '伊凡·伊里奇之死']",8.555727415648736,93.33252830198376
王朔,21,7.904761904761905,7.908272096198392,123997,19.8,中国,"['动物凶猛', '看上去很美', '致女儿书', '过把瘾就死', '我是你爸爸', '顽主', '我的千岁寒', '一半是火焰一半是海水', '空中小姐', '永失我爱', '动物凶猛', '一半是火焰 一半是海水', '过把瘾就死', '我是你爸爸', '和我们的女儿谈话', '玩的就是心跳', '王朔文集（纯情卷）', '我是你爸爸', '新狂人日记', '千万别把我当人', '动物凶猛']",7.956930146887781,93.31904159388833
凤歌,13,8.484615384615385,8.478089203328606,66796,20.0,中国,"['昆仑1', '昆仑2', '昆仑6', '沧海Ⅰ', '昆仑4', '昆仑3', '昆仑5', '昆仑前传', '沧海Ⅱ', '沧海Ⅲ', '沧海Ⅵ', '沧海Ⅴ', '沧海Ⅳ']",8.398899101060127,93.30684262453958
曹禺,5,8.42,8.41517522216985,74951,9.2,中国,"['雷雨', '日出', '雷雨', '北京人', '原野']",8.298018381908228,93.14196358058793
马伯庸,19,7.563157894736841,7.574824020021341,178947,32.0,中国,"['长安十二时辰 上', '古董局中局', '长安十二时辰 下', '显微镜下的大明', '古董局中局 2', '古董局中局 3', '古董局中局 4', '我读书少，你可别骗我', '风起陇西', '三国机密（上）', '三国机密（下）', '三国配角演义', '龙与地下铁', '殷商舰队玛雅征服史', '古董局中局', '草原动物园', '马伯庸笑翻中国简史', '古董局中局 大全集', '她死在QQ上']",7.690840992461761,93.0195723293881
刘震云,9,8.155555555555557,8.154467422727343,88598,29.8,中国,"['一句顶一万句', '我不是潘金莲', '一地鸡毛', '一句顶一万句', '我叫刘跃进', '手机', '吃瓜时代的儿女们', '温故一九四二', '一地鸡毛']",8.162870272791594,92.99040472605476
张悦然,19,7.563157894736841,7.569731473847429,175296,23.0,中国,"['水仙已乘鲤鱼去', '樱桃之远', '誓鸟', '十爱', '葵花走失在1890', '红鞋', '鲤·暧昧', '鲤·最好的时光', '樱桃之远', '鲤·谎言', '是你来检阅我的忧伤了吗', '鲤·上瘾', '鲤·逃避', '鲤·因爱之名', '茧', '水仙已乘鲤鱼去', '樱桃之远', '昼若夜房间', '鲤·变老']",7.690840992461761,92.86103654346283
海莲·汉芙,2,8.2,8.199782012812708,84661,26.5,美,"['查令十字街84号', '查令十字街84号']",8.182883402726041,92.84644939093542
施耐庵 / 罗贯中,3,8.766666666666667,8.751341879429786,63216,15.75,明,"['水浒传（全二册）', '水浒传', '水浒传']",8.397522977385286,92.82897784120881
乔治·R. R. 马丁,3,9.433333333333334,9.420322679832198,45558,148.0,美,"['冰与火之歌（卷一）', '冰与火之歌·卷五·魔龙的狂舞（全三册）', '冰与火之歌·卷三·冰雨的风暴（全三册）']",8.647522977385286,92.7599335646006
斯塔夫里阿诺斯,5,9.059999999999999,9.048027199960075,47205,88.0,美,"['全球通史(上)', '全球通史（第7版 上册）', '全球通史', '全球通史(下)', '全球通史']",8.618018381908229,92.74949483064734
青山七惠,7,7.642857142857143,7.647304518420981,131560,20.0,日,"['一个人的好天气', '温柔的叹息', '一个人的好天气', '窗灯', '碎片', '离别之音', '温柔的叹息']",7.865015318256859,92.70671227401854
卡夫卡,4,8.625,8.618416438979247,60747,22.0,奥,"['变形记', '城堡', '卡夫卡小说全集（全三册）', '变形记']",8.375575979898032,92.25269317487397
豪·路·博尔赫斯,8,8.975,8.954550119434174,41086,24.0,阿根廷,"['小径分岔的花园', '沙之书', '恶棍列传', '杜撰集', '阿莱夫', '虚构集', '恶棍列传', '博尔赫斯全集']",8.667706447621715,92.08092048039423
托尔金,9,8.744444444444445,8.731440937985322,47998,18.9,英国,"['魔戒（第一部）', '魔戒（第三部）', '魔戒（第二部）', '魔戒前传', '魔戒（第二部）', '魔戒（第一部）', '魔戒（第三部）', '魔戒（前传）', '精灵宝钻']",8.541441701363023,92.06764880308019
张德芬,3,7.933333333333333,7.933764318011755,87858,29.0,中国,"['遇见未知的自己', '遇见心想事成的自己', '活出全新的自己']",8.085022977385286,92.0357663741088
简·奥斯丁,10,8.440000000000001,8.434593526977576,60916,14.5,英国,"['傲慢与偏见', '傲慢与偏见', '傲慢与偏见', '理智与情感', '爱玛', '理智与情感', '傲慢与偏见', '理智与情感', '傲慢与偏见', '曼斯菲尔德庄园']",8.352012254605487,92.01635368078043
张嘉佳,4,7.2,7.208979677260841,144652,40.0,中国,"['从你的全世界路过', '云边有个小卖部', '让我留在你身边', '从你的全世界路过']",7.7422426465647,91.99404754143049
弗拉基米尔·纳博科夫,3,8.266666666666666,8.255488659727904,72085,26.0,美,"['洛丽塔', '黑暗中的笑声', '微暗的火']",8.210022977385286,91.83415723070858
曹文轩,7,8.871428571428572,8.855092052898337,43608,18.0,中国,"['草房子', '青铜葵花', '山羊不吃天堂草', '根鸟', '草房子', '草房子', '草房子']",8.581681984923526,91.6782702384679
七堇年,7,7.471428571428571,7.481013495144623,133893,22.0,中国,"['被窝是青春的坟墓', '大地之灯', '澜本嫁衣', '尘曲', '少年残像', '平生欢', '灯下尘']",7.765015318256858,91.66448172348063
考琳·麦卡洛,3,8.700000000000001,8.689910278447163,56775,35.0,澳,"['荆棘鸟', '荆棘鸟', '荆棘鸟']",8.372522977385287,91.6529120671911
王国维,3,9.033333333333333,9.019833081113994,48287,19.0,中国,"['人间词话', '人间词话手稿本全编', '人间词话']",8.497522977385287,91.64526153710452
加缪,6,8.966666666666667,8.950931375506437,42062,23.5,法,"['异乡人', '局外人', '局外人', '西西弗的神话', '局外人', '加缪全集 （小说卷）']",8.607289438098391,91.64115454293189
井上雄彦,3,9.566666666666668,9.548022762596922,37401,30.0,日,"['灌篮高手31', '灌篮高手（全31卷）', '浪客行 (Vol. 01)']",8.697522977385287,91.58038952506699
梁文道,8,7.825,7.829735982961489,97078,29.0,中国,"['常识', '我执', '读者', '噪音太多', '访问', '味道·第一宗罪', '味道·人民公社', '味道·味觉现象']",7.960014139929408,91.40707403045046
尼尔·波兹曼,3,8.566666666666666,8.56361755670653,58181,34.0,美,"['娱乐至死', '娱乐至死', '娱乐至死 童年的消逝']",8.322522977385287,91.30915689944663
司汤达,4,8.45,8.44148264942946,58935,19.0,法,"['红与黑', '红与黑', '红与黑', '红与黑']",8.297798202120255,91.14473631887162
梭罗,2,8.45,8.447992207501722,61263,19.5,美,"['瓦尔登湖', '瓦尔登湖']",8.254311974154614,90.98684897364261
曹天元,4,9.225,9.209938292581052,37282,35.9,中国,"['上帝掷骰子吗', '上帝掷骰子吗？', '上帝掷骰子吗', '上帝掷骰子吗?']",8.6422426465647,90.97077600767123
史蒂芬·霍金,2,8.7,8.696857933750747,54771,43.5,英,"['时间简史', '果壳中的宇宙']",8.325740545583185,90.84160886976242
奥尔罕·帕慕克,8,8.25,8.245668297935225,62826,32.5,土耳其,"['我的名字叫红', '伊斯坦布尔', '纯真博物馆', '我脑袋里的怪东西', '白色城堡', '雪', '天真的和感伤的小说家', '我的名字叫红']",8.22155260146787,90.83286577281373
沃尔特·艾萨克森,2,8.899999999999999,8.88753418576257,50755,68.0,美,"['史蒂夫·乔布斯传', '史蒂夫·乔布斯传（修订版）']",8.382883402726042,90.82674032535188
苏童,14,7.885714285714286,7.888476871502623,89885,18.0,中国,"['妻妾成群', '我的帝王生涯', '黄雀记', '红粉', '米', '碧奴', '河岸', '武则天', '罂粟之家', '香椿树街故事', '米', '城北地带', '刺青时代', '妇女生活']",7.962114937846437,90.8182515490013
北岛,8,8.475,8.468049981157122,52107,25.0,中国,"['城门开', '青灯', '北岛诗歌集', '蓝房子', '时间的玫瑰', '失败之书', '午夜之门', '时间的玫瑰']",8.360014139929408,90.79873026541028
紫金陈,6,7.6499999999999995,7.654813634977889,99410,35.9,中国,"['坏小孩', '长夜难明', '无证之罪', '高智商犯罪', '高智商犯罪2', '设局']",7.8891076199165715,90.78010378476253
狄更斯,6,8.4,8.392221507959556,56078,21.0,英,"['雾都孤儿', '大卫·科波菲尔（上下）', '雾都孤儿', '远大前程', '双城记', '远大前程']",8.298198529007482,90.73679031137364
蔡康永,11,7.763636363636365,7.771484422393806,98117,42.0,中国,"['有一天啊，宝宝……', '那些男孩教我的事', 'LA流浪记', '蔡康永的說話之道', '有一天啊，寶寶', 'LA流浪記', '痛快日记', '你睡不著我受不了', '蔡康永的情商课', '蔡康永爱情短信', '蔡康永的说话之道']",7.8925114886926435,90.71594391250972
米奇·阿尔博姆,6,8.233333333333333,8.231032231642308,63071,16.5,美,"['相约星期二', '你在天堂里遇见的五个人', '你在天堂里遇见的5个人', '相约星期二', '一日重生', '相约星期二']",8.207289438098389,90.70722722626591
蔡智恒,15,7.573333333333333,7.577946361119367,124961,20.0,中国,"['檞寄生', '爱尔兰咖啡', '雨衣', '暖暖', '孔雀森林', '亦恕与珂雪', '夜玫瑰', '第一次亲密接触', '回眸', '鲸鱼女孩 池塘男孩', '洛神红茶（痞子蔡）', '蝙蝠', '第一次的亲密接触', '檞寄生', '爱尔兰咖啡']",7.724009190954114,90.6471564916754
蕾秋·乔伊斯,2,7.85,7.853472509669212,73568,38.9,英,"['一个人的朝圣', '一个人的朝圣2']",8.082883402726042,90.57662183477808
博多·舍费尔,6,8.316666666666666,8.315733876294685,57211,25.0,德,"['小狗钱钱', '小狗钱钱', '财务自由之路', '小狗钱钱2', '小狗钱钱', '财务自由之路']",8.252743983552936,90.404840320809
道格拉斯·亚当斯,6,8.566666666666666,8.56033770285158,47147,26.0,英,"['银河系漫游指南', '银河系搭车客指南', '宇宙尽头的餐馆', '宇宙尽头的餐馆', '生命，宇宙以及一切', '再会，谢谢所有的鱼']",8.389107619916572,90.27558028991376
夏目漱石,10,8.27,8.26436158577004,56996,26.0,日,"['我是猫', '我是猫', '心', '我是猫', '心', '草枕', '三四郎', '少爷', '我是猫', '后来的事']",8.238678921272152,90.21974544209634
马克·李维,6,7.433333333333334,7.44576933287093,109787,34.0,中国,"['偷影子的人', '伊斯坦布尔假期', '如果一切重来', '偷影子的人', '第一日', '比恐惧更强烈的情感']",7.770925801734754,90.19174674057608
奥斯卡·王尔德,7,8.757142857142856,8.746245621415778,39680,29.0,英,"['道连·葛雷的画像', '自深深处', '夜莺与玫瑰', '道林·格雷的画像', '自深深处', '自深深处', '莎乐美']",8.515015318256857,90.16232759866058
周国平,14,8.25,8.24676140836029,56720,23.9,中国,"['妞妞', '灵魂只能独行', '宝贝，宝贝', '人与永恒', '尼采', '妞妞', '周国平人生哲思录', '守望的距离：周国平散文集', '妞妞', '我喜欢生命本来的样子', '岁月与性情', '爱与孤独', '各自的朝圣路', '风中的纸屑']",8.230535990478014,90.09062218223855
吴念真,3,8.133333333333335,8.13714370964768,62185,28.0,中国,"['这些人，那些事', '台湾念真情', '特别的一天']",8.160022977385287,90.06939663347771
萧鼎,9,7.955555555555555,7.956950492424397,73822,22.0,中国,"['诛仙1', '诛仙4', '诛仙2', '诛仙3', '诛仙5', '诛仙8（大结局）', '诛仙7', '诛仙6', '诛仙全集（全六册）']",8.034298844220164,90.05987526418238
丹尼尔·凯斯,4,8.5,8.496645044145563,50056,37.5,美,"['24个比利', '献给阿尔吉侬的花束', '献给阿尔吉侬的花束', '比利战争']",8.320020424342477,90.03025573419056
是枝裕和,5,8.5,8.49505798916697,48860,42.0,日,"['步履不停', '小偷家族', '有如走路的速度', '比海更深', '拍电影时我在想的事']",8.33801838190823,90.02337332072152
王安忆,6,7.933333333333333,7.937177803153347,72179,21.0,中国,"['长恨歌', '长恨歌', '长恨歌', '桃之夭夭', '天香', '我爱比尔']",8.043653074462025,89.98368960217294
卡森·麦卡勒斯,4,8.325,8.321959372336615,54892,15.0,美,"['心是孤独的猎手', '伤心咖啡馆之歌', '伤心咖啡馆之歌', '婚礼的成员']",8.242242646564698,89.94875710450262
阿兰·德波顿,12,8.016666666666667,8.018460608580142,69139,25.0,英,"['旅行的艺术', '身份的焦虑', '爱情笔记', '机场里的小旅行', '幸福的建筑', '拥抱逝水年华', '身份的焦虑', '写给无神论者', '旅行的艺术', '哲学的慰藉', '旅行的艺术', '无聊的魅力']",8.0635402246519,89.85919490015493
雷蒙德·卡佛,3,8.299999999999999,8.296212552661961,55228,25.0,美,"['当我们谈论爱情时我们在谈论什么', '大教堂', '雷蒙德·卡佛短篇小说自选集']",8.222522977385285,89.78373021780047
廖一梅,5,8.120000000000001,8.116660984598486,60967,29.8,中国,"['悲观主义的花朵', '像我这样笨拙地生活', '琥珀·恋爱的犀牛', '柔软', '恋爱的犀牛']",8.14801838190823,89.77571731002307
流潋紫,11,7.7727272727272725,7.777730845156492,85945,25.0,中国,"['后宫·甄嬛传Ⅰ', '后宫·甄嬛传Ⅲ', '后宫·甄嬛传Ⅱ', '后宫·甄嬛传VII', '后宫·甄嬛传V', '后宫·如懿传', '后宫·甄嬛传Ⅳ', '后宫·甄嬛传Ⅵ', '后宫·如懿传2', '后宫·甄嬛传（套装共6册）', '后宫·如懿传3']",7.898761488692643,89.74157700663713
石黑一雄,8,8.2125,8.208779405589057,56703,28.5,英,"['远山淡影', '长日将尽', '小夜曲', '被掩埋的巨人', '浮世画家', '莫失莫忘', '别让我走', '长日留痕']",8.198475678390947,89.73723566385516
匪我思存,20,7.045,7.062138591817667,228611,25.9,中国,"['佳期如梦', '东宫', '来不及说我爱你', '千山暮雪', '寂寞空庭春欲晚', '佳期如梦之海上繁花', '碧甃沉', '如果这一秒，我没遇见你', '佳期如梦之今生今世', '香寒', '冷月如霜', '景年知几时', '爱你是最好的时光', '当时明月在', '迷雾围城（全两册）', '星光璀璨', '爱情的开关', '爱你是最好的时光Ⅱ', '东宫', '寻找爱情的邹小姐']",7.271207352763292,89.72511013719246
都梁,5,8.7,8.690859034642724,41103,30.0,中国,"['亮剑', '血色浪漫', '血色浪漫', '亮剑', '狼烟北平']",8.438018381908229,89.64433203670525
渡边淳一,18,7.411111111111111,7.423921203175316,135871,28.0,中国,"['失乐园', '失乐园', '钝感力', '男人这东西', '失乐园', '情人', '紫阳花日记', '男人这东西', '无影灯', '女人这东西', '爱的流放地', '飞往巴黎的末班机', '男人这东西', '白色猎人', '欲情课', '失乐园', '光与影', '复乐园']",7.57739929648184,89.56083263814907
叔本华,5,9.0,8.98571844895464,33579,28.0,中国,"['人生的智慧', '作为意志和表象的世界', '人生的智慧', '人生的智慧', '叔本华人生哲学']",8.58801838190823,89.50163034273797
岛田庄司,15,7.673333333333333,7.683983821407829,94474,28.0,日,"['占星术杀人魔法', '斜屋犯罪', '异邦骑士', '占星术杀人魔法', '奇想·天动', '北方夕鹤2/3杀人事件', '黑暗坡食人树', '御手洗洁的问候', '斜屋犯罪', '寝台特急1/60秒障碍', '眩晕', '螺丝人', '异邦骑士', '出云传说7/8杀人事件', 'Y之构造']",7.799009190954115,89.34615532197213
陈丹青,9,8.033333333333333,8.035677934001903,62195,36.0,中国,"['退步集', '荒废集', '纽约琐记（修订版）', '笑谈大先生', '退步集续编', '多余的素材', '多余的素材', '无知的游历', '陈丹青音乐笔记']",8.084298844220164,89.23486226137122
约翰·威廉斯,3,8.799999999999999,8.78966574321697,40361,49.0,美,"['斯通纳', '奥古斯都', '屠夫十字镇']",8.410022977385285,89.1937099591723
海子,3,8.866666666666667,8.850051757375262,38364,20.0,中国,"['海子的诗', '海子的诗', '海子的诗']",8.435022977385287,89.03083131702408
伊恩·麦克尤恩,10,8.03,8.030392732697909,60976,24.5,英,"['最初的爱情 最后的仪式', '只爱陌生人', '赎罪', '在切瑟尔海滩上', '最初的爱情，最后的仪式', '梦想家彼得', '床笫之间', '水泥花园', '水泥花园', '赎罪']",8.078678921272152,89.01292036645809
李笑来,5,8.120000000000001,8.11832186711329,55420,39.0,中国,"['把时间当作朋友', '把时间当作朋友（第3版）', '韭菜的自我修养', '财富自由之路', '把时间当作朋友']",8.14801838190823,88.99847333019434
九夜茴,6,7.783333333333332,7.788297081476359,71277,33.5,中国,"['匆匆那年（上下）', '匆匆那年', '曾少年', '初恋爱', '匆匆那年', '花开半夏']",7.961834892643844,88.96827402675838
雷米,8,7.875,7.877598680280195,67949,29.8,中国,"['心理罪', '心理罪', '心理罪', '心理罪之第七个读者', '心理罪', '心理罪之画像', '心理罪2：教化场', '殉罪者']",7.990783370698638,88.90967027799663
歌德,5,8.3,8.294952889332365,48569,12.0,德,"['少年维特的烦恼', '少年维特的烦恼', '浮士德', '浮士德', '少年维特之烦恼']",8.23801838190823,88.8944902353138
J.K. 羅琳,5,8.940000000000001,8.928868610360889,32425,299.0,中国,"['神秘的魔法石', '哈利波特7', '消失的密室', '阿茲卡班的逃犯', '火盃的考驗']",8.55801838190823,88.88970516434105
阿瑟·克拉克,7,8.871428571428572,8.85532637396361,31441,29.0,英,"['2001：太空漫游', '2001太空漫游', '神的九十亿个名字', '与罗摩相会', '2001：太空漫游', '童年的终结', '2010太空漫游']",8.581681984923526,88.87103924693781
CLAMP / 大川七濑,6,8.466666666666667,8.45995863883193,42634,38.0,日本,"['東京BABYLON (Vol. 1)', '圣传', 'X.1', '魔卡少女樱', 'xxxHOLiC(01)', 'CLOVER(01)']",8.334562165371118,88.85002313869403
尼·奥斯特洛夫斯基,3,7.7,7.705713923719325,66208,16.0,苏,"['钢铁是怎样炼成的', '钢铁是怎样炼成的', '钢铁是怎样炼成的']",7.9975229773852865,88.77707710767075
何马,10,7.7299999999999995,7.733640890567676,76265,29.8,中国,"['藏地密码1', '藏地密码2', '藏地密码3', '藏地密码4', '藏地密码5', '藏地密码6', '藏地密码7', '藏地密码9', '藏地密码10', '藏地密码8']",7.878678921272152,88.57197062320822
波波,6,7.6000000000000005,7.6052927202685625,78048,22.9,中国,"['绾青丝Ⅰ', '绾青丝Ⅲ', '绾青丝Ⅱ', '绾青丝Ⅳ（上）', '绾青丝Ⅳ（下）', '绾青丝']",7.861834892643845,88.56429424724631
巴金,8,8.2875,8.281443909308187,46193,26.0,中国,"['家', '家', '春', '秋', '家', '寒夜', '家', '家春秋（全3册）']",8.244629524544791,88.5523107310827
巴尔扎克,5,8.14,8.135590913222185,51716,8.8,法,"['欧也妮·葛朗台', '高老头', '欧也妮·葛朗台', '高老头', '欧叶妮·格朗台 高老头']",8.15801838190823,88.5433937299115
特德·姜,4,8.475,8.469774603590057,41909,35.5,美,"['你一生的故事', '呼吸', '降临', '软件体的生命周期']",8.308909313231366,88.43404616264958
杰克·凯鲁亚克,4,7.825,7.82924150616858,60770,23.0,美,"['在路上', '达摩流浪者', '在路上', '垮掉的一代']",8.020020424342476,88.33946617490093
藤萍,14,8.321428571428571,8.316500776313841,42439,18.0,中国,"['香初上舞', '香初上舞·终上', '香初上舞·再上', '吉祥纹莲花楼·玄武', '吉祥纹莲花楼·朱雀', '姑洗徵舞', '太和舞', '吉祥纹莲花楼终篇之青龙·白虎', '南吕羽舞', '送神舞', '钧天舞', '太簇角舞', '祀风师乐舞', '吉祥纹莲花楼（完美典藏版）']",8.283167569425384,88.26416292165587
贾雷德·戴蒙德,3,8.7,8.687559760240857,37615,45.0,美,"['枪炮、病菌与钢铁', '第三种黑猩猩', '枪炮、病菌与钢铁']",8.372522977385286,88.20607656435384
儒勒·凡尔纳,8,8.5875,8.575133439349303,35031,10.35,法,"['八十天环游地球', '神秘岛', '格兰特船长的儿女', '海底两万里', '神秘岛（全三册）', '八十天环游地球', '八十天环游地球', '海底两万里（共二册）']",8.429244909160177,88.20376378395493
阿加莎·克里斯蒂 / 阿加莎·克里斯蒂,3,8.333333333333334,8.333025891741164,44679,28.0,英,"['东方快车谋杀案', 'ABC谋杀案', '斯泰尔斯庄园奇案']",8.235022977385286,88.17470714528986
冯唐,20,7.279999999999999,7.29323304997514,135977,26.0,中国,"['万物生长', '三十六大', '十八岁给我一个姑娘', '北京，北京', '活着活着就老了', '18岁给我一个姑娘', '如何成为一个怪物', '活着活着就老了', '活着活着就老了', '无所畏', '冯唐诗百首', '北京，北京', '欢喜', '天下卵', '在宇宙间不易被风吹散', '女神一号', '成事', '万物生长', '万物生长', '猪和蝴蝶']",7.459207352763292,88.1696836792542
原研哉,2,8.85,8.844258349044269,37482,73.0,日,"['设计中的设计', '设计中的设计 | 全本']",8.368597688440328,88.13508138936174
福楼拜,5,8.58,8.56718039363231,36979,14.5,中国,"['包法利夫人', '包法利夫人', '包法利夫人', '包法利夫人', '包法利夫人']",8.37801838190823,88.12110746974314
吉米·哈利,4,9.025,9.005630526731636,29153,30.799999999999997,英,"['万物有灵且美', '万物既伟大又渺小', '万物既聪慧又奇妙', '万物刹那又永恒']",8.553353757675811,87.93144809508529
孔飞力,4,8.899999999999999,8.885383117866255,30909,36.5,美,"['叫魂', '叫魂', '叫魂', '中国现代国家的起源']",8.497798202120254,87.857333773513
明晓溪,11,6.754545454545454,6.7664518565331155,199215,22.0,中国,"['会有天使替我爱你', '泡沫之夏', '泡沫之夏Ⅱ', '泡沫之夏Ⅲ', '烈火如歌', '烈火如歌', '水晶般透明', '无往而不胜的童话', '冬日最灿烂的阳光', '午后薰衣茶', '旋风少女']",7.198761488692643,87.84033108929887
桑德拉·希斯内罗丝,2,7.9,7.90108111551141,50970,26.25,美国,"['芒果街上的小屋', '芒果街上的小屋']",8.097169117011756,87.76531421743017
猫腻,8,8.05,8.053666444099155,50201,28.0,中国,"['庆余年·壹', '庆余年·贰', '庆余年·陆', '庆余年·叁', '庆余年·肆', '庆余年·伍', '将夜之花开彼岸天', '择天记']",8.098475678390948,87.65636321104449
戴尔·卡耐基,2,7.949999999999999,7.951335140322573,49167,28.5,美,"['人性的弱点全集', '人性的弱点']",8.11145483129747,87.62803262625349
乔治•奥威尔,2,9.350000000000001,9.326580303337602,29546,24.0,中国,"['动物庄园', '动物农场']",8.51145483129747,87.61468173254521
卢梭,6,8.6,8.589257620814658,33500,20.0,法,"['社会契约论', '忏悔录', '论人类不平等的起源和基础', '爱弥儿', '一个孤独漫步者的遐想', '社会契约论']",8.40728943809839,87.5983278373597
王尔德,3,9.033333333333333,9.024234261660723,29847,10.0,英,"['王尔德童话', '快乐王子', '道连·格雷的画像']",8.497522977385287,87.55739854993371
巫哲,4,8.475,8.470997990648463,37539,54.8,中国,"['撒野', '撒野 2', '格格不入', '狼行成双']",8.308909313231366,87.519090416504
冨樫義博,2,8.9,8.895853052661849,34128,79.6,中国,"['幽游白书（全19册）', 'HUNTER X HUNTER 1']",8.382883402726042,87.4997216529607
艾米,2,7.85,7.851112609269862,49905,26.5,中国,"['山楂树之恋', '山楂树之恋']",8.082883402726042,87.43979619343887
柏拉图,3,9.0,8.982935233391958,29577,26.0,古希腊,"['理想国', '会饮篇', '斐多']",8.485022977385286,87.3514967816333
雷蒙德·钱德勒,4,8.1,8.100652773594414,45047,32.25,美,"['漫长的告别', '漫长的告别', '漫长的告别', '长眠不醒']",8.1422426465647,87.24806971992973
冶文彪,7,8.471428571428572,8.461104153643145,34497,56.0,中国,"['清明上河图密码', '清明上河图密码 2', '清明上河图密码3', '清明上河图密码4', '清明上河图密码5', '清明上河图密码6', '人皮论语']",8.348348651590193,87.2290284906991
柏杨,4,8.175,8.170165340608207,42788,51.5,中国,"['丑陋的中国人', '丑陋的中国人', '中国人史纲（上中下）', '中国人史纲（上下）']",8.175575979898033,87.18463934345404
J.K.罗琳,2,9.149999999999999,9.144612824935976,30094,286.5,中国,"['哈利•波特', '哈利・波特与凤凰社']",8.454311974154614,87.18183160809124
海宴,3,8.466666666666667,8.461398003613306,37055,64.0,中国,"['琅琊榜', '琅琊榜（全三册）', '琅琊榜']",8.285022977385285,87.15997909868405
沈从文,6,8.783333333333333,8.767436346094735,27710,22.9,中国,"['边城', '边城', '边城', '边城 湘行散记', '边城', '从文自传']",8.50728943809839,87.02603808934315
鸟山明,2,9.4,9.38488114406429,27009,4.4,中国,"['七龍珠 34', '七龙珠']",8.525740545583185,86.99633635817725
本哈德·施林克,3,8.533333333333333,8.527576659160363,34999,28.0,德,"['朗读者', '朗读者', '朗读者']",8.310022977385287,86.94862917407534
马歇尔·卢森堡,2,8.4,8.394164215775103,37806,31.0,美,"['非暴力沟通', '非暴力沟通']",8.2400262598689,86.85193307467254
乔治.R.R.马丁 / 乔治·马丁,2,9.45,9.441743403916341,26011,76.5,美,"['冰与火之歌（卷二）', '冰与火之歌（卷三）']",8.540026259868899,86.82058211241953
埃勒里·奎因,8,8.0125,8.015974888561747,46321,28.0,美,"['X的悲剧', 'Y的悲剧', '希腊棺材之谜', 'Z的悲剧', '哲瑞·雷恩的最后一案', '中国橘子之谜', 'X的悲剧', '法国粉末之谜']",8.075398755314023,86.75701521214268
大冰,7,6.871428571428572,6.885973185119354,119076,39.0,中国,"['乖，摸摸头', '阿弥陀佛么么哒', '他们最幸福', '好吗好的', '我不', '你坏', '小孩']",7.415015318256859,86.66318151716472
三浦紫苑,6,8.366666666666667,8.362798055884818,34802,32.0,日,"['强风吹拂', '多田便利屋', '编舟记', '真幌站前多田便利屋', '假如岁月足够长', '真幌站前番外地']",8.280016710825663,86.58793418762436
茨威格,4,8.5,8.491257656625885,32743,17.5,奥,"['一个陌生女子的来信', '昨日之旅', '人类的群星闪耀时', '一个女人一生中的二十四小时']",8.320020424342477,86.49888449235935
史蒂芬·柯维,2,8.3,8.298637497634433,37418,39.0,美,"['高效能人士的七个习惯（精华版）', '高效能人士的七个习惯']",8.211454831297472,86.46607639763006
斯蒂芬妮·梅尔,5,7.68,7.68367698842366,53591,35.0,美,"['暮色', '破晓', '月食', '新月', '暮光之城-豪华珍藏版']",7.928018381908229,86.3294216550367
冯友兰,3,9.133333333333333,9.116268687281496,24366,38.0,中国,"['中国哲学简史', '中国哲学简史', '中国哲学简史']",8.535022977385285,86.21213938388269
许先哲,7,8.428571428571429,8.420418073738363,31484,39.9,中国,"['镖人', '镖人', '镖人', '镖人', '镖人', '镖人', '镖人']",8.32334865159019,86.20714033108338
墨香铜臭,2,8.2,8.198784170535351,37348,189.0,中国,"['魔道祖師 一', '无羁']",8.182883402726041,86.14989902747405
维多利亚·希斯洛普,2,7.9,7.899688055825257,41364,28.0,英,"['岛', '回归']",8.097169117011756,86.07444934701526
饶雪漫,13,6.838461538461539,6.854322499852082,152638,25.0,中国,"['左耳', '沙漏', '左耳', '沙漏II', '沙漏Ⅲ', '校服的裙摆', '甜酸', '小妖的金色城堡', '离歌（Ⅰ）', '十年', '离歌Ⅱ', '糖衣', '没有人像我一样']",7.210010212171239,86.05746293424775
斯宾塞·约翰逊,3,7.566666666666666,7.569498200503997,50340,18.6,美,"['谁动了我的奶酪？', '谁动了我的奶酪？', '谁动了我的奶酪?-纪念版']",7.947522977385287,86.04445463916856
鲍鲸鲸,2,7.65,7.656471436982715,45254,28.5,中国,"['失恋33天', '等风来']",8.025740545583185,86.03648793243157
林海音,4,9.1,9.078029449886671,22422,19.0,中国,"['城南旧事', '城南旧事', '城南旧事', '城南旧事']",8.586687091009143,86.02007884680808
斯科特·菲茨杰拉德,2,8.6,8.596563236932429,31583,28.5,美,"['了不起的盖茨比', '了不起的盖茨比']",8.297169117011757,85.96204022360247
尼采,4,8.9,8.884064120717301,24641,24.9,中国,"['查拉图斯特拉如是说', '查拉图斯特拉如是说', '悲剧的诞生', '查拉图斯特拉如是说']",8.497798202120254,85.93149941985301
迟子建,6,8.483333333333333,8.474203405137455,29661,28.5,中国,"['额尔古纳河右岸', '世界上所有的夜晚', '群山之巅', '白雪乌鸦', '额尔古纳河右岸', '额尔古纳河右岸']",8.343653074462026,85.91978582958755
石田衣良,8,7.775,7.778916804044341,50725,20.0,日,"['池袋西口公园', '孤独小说家', '计数器少年', '骨音', '电子之星', '秋叶原@DEEP', '反自杀俱乐部', '灰色的彼得潘']",7.929244909160177,85.90697665709699
古典,3,7.966666666666666,7.9665198558883725,39694,35.0,中国,"['拆掉思维里的墙', '跃迁', '你的生命有什么可能']",8.097522977385285,85.7445130204893
周浩晖,11,7.918181818181818,7.922724941007183,44970,28.8,中国,"['死亡通知单', '死亡通知单·暗黑者', '死亡通知单2：宿命（上）', '死亡通知单3：离别曲（下）', '邪恶催眠师', '死亡通知单3：离别曲（上）', '死亡通知单2：宿命（下）', '凶画', '鬼望坡', '暗黑者外传：惩罚', '死亡通知单2·宿命']",7.998761488692643,85.69691580336615
朱光潜,5,8.879999999999999,8.862629603510547,23015,15.0,中国,"['谈美', '给青年的十二封信', '西方美学史', '谈美', '给青年的十二封信']",8.528018381908229,85.65494677868675
S·A·阿列克谢耶维奇,3,8.933333333333332,8.920968714751856,24864,42.0,白俄,"['我不知道该说什么，关于死亡还是爱情', '切尔诺贝利的悲鸣', '我还是想你，妈妈']",8.460022977385286,85.62572390500961
尤·奈斯博,5,8.26,8.256777981770629,33497,45.0,挪威,"['雪人', '猎豹', '幽灵', '警察', '知更鸟']",8.21801838190823,85.62551418300886
高桥留美子,2,8.5,8.497920961984427,31401,43.25,日,"['乱马1/2', '犬夜叉01']",8.268597688440328,85.61824375345265
齐邦媛,2,8.8,8.787223760272234,27999,35.5,中国,"['巨流河', '巨流河']",8.354311974154614,85.54781868141893
易中天,13,7.592307692307693,7.602749660348322,61379,26.0,中国,"['品三国（上）', '品三国（下）', '品人录', '读城记', '帝国的惆怅', '易中天中华史：祖先', '易中天品读汉代风云人物', '中国的男人和女人', '闲话中国人', '易中天中华史：国家', '帝国的终结', '易中天中华史：魏晋风度', '易中天中华史：三国纪']",7.754454656615684,85.49161666679647
曼昆,3,9.266666666666666,9.24163824691171,21117,88.0,美,"['经济学原理（上下）', '经济学原理（第4版）', '经济学原理(第7版)']",8.585022977385286,85.48863750327527
塞万提斯,4,8.575,8.562527282896049,27576,34.5,中国,"['堂吉诃德', '堂吉诃德', '堂吉诃德（上下）', '堂吉诃德']",8.35335375767581,85.41084833892913
张大春,8,8.35,8.343681539980349,30040,34.5,中国,"['认得几个字', '城邦暴力团（上）', '聆听父亲', '城邦暴力团（下）', '小说稗类', '四喜忧国', '离魂', '大唐李白·少年游']",8.283091063006331,85.40130614834482
圣埃克絮佩里,3,9.166666666666666,9.153811271628271,21770,9.0,法,"['小王子', '小王子', '小王子']",8.547522977385286,85.37551512252125
S. A. 阿列克谢耶维奇,4,8.775,8.762418727506475,24518,55.0,白俄,"['二手时间', '切尔诺贝利的祭祷', '锌皮娃娃兵', '我是女兵，也是女人']",8.442242646564699,85.3274653216411
天衣有风,3,7.8,7.801938550014614,40794,49.8,中国,"['凤囚凰（上中）', '凤囚凰（下）', '凤囚凰']",8.035022977385285,85.30233338419397
麦家,5,7.56,7.568622698499782,51028,23.0,中国,"['人生海海', '风声', '暗算', '解密', '解密']",7.868018381908229,85.29049456519535
孙睿,6,7.433333333333334,7.441160029203437,58146,19.85,中国,"['草样年华', '草样年华Ⅱ', '活不明白', '草样年华3', '我是你儿子', '朝三暮四']",7.770925801734754,85.25272544752444
夏达 编绘,2,8.85,8.845613823724115,26534,21.5,中国,"['子不语3', '哥斯拉不说话']",8.368597688440328,85.24437626943441
路内,7,8.285714285714286,8.281659422164191,30221,35.0,中国,"['少年巴比伦', '追随她的旅程', '慈悲', '云中人', '花街往事', '少年巴比伦', '天使坠落在哪里']",8.240015318256859,85.00667944750589
林欣浩,3,8.566666666666666,8.560620958855537,27089,42.0,中国,"['哲学家们都干了些什么', '哲学家们都干了些什么？', '佛祖都说了些什么?']",8.322522977385287,84.94732568802809
张宏杰,8,8.2875,8.283629216739788,29591,39.8,中国,"['饥饿的盛世', '曾国藩传', '大明王朝的七张面孔', '曾国藩的正面与侧面', '曾国藩的正面与侧面', '饥饿的盛世', '简读中国史', '中国国民性演变历程']",8.244629524544791,84.88059906392076
梦枕貘,9,8.266666666666667,8.263042232126892,29971,20.0,日,"['阴阳师', '阴阳师·飞天卷', '阴阳师·凤凰卷', '阴阳师·生成姬', '阴阳师·付丧神卷', '阴阳师·龙笛卷', '妖猫传', '妖猫传 1', '阴阳师·太极卷']",8.234298844220165,84.87930804434798
顾城,2,8.95,8.941668592229837,24490,21.0,中国,"['顾城的诗', '顾城的诗 顾城的画']",8.397169117011757,84.86230317357489
山冈庄八,6,8.616666666666667,8.603251808376955,23877,26.0,日,"['德川家康（第一部）', '德川家康（第二部）', '德川家康（第三部）', '织田信长', '德川家康（第四部）', '德川家康（第五部）']",8.4163803471893,84.84311319577944
李泽厚,2,9.0,8.993610350545605,23807,39.5,中国,"['美的历程', '美的历程']",8.41145483129747,84.76876551078979
南怀瑾,5,8.74,8.726842601028157,22421,27.0,中国,"['金刚经说什么', '论语别裁(上下)', '易经杂说', '老子他说', '庄子諵譁（上）']",8.458018381908229,84.73071877356074
李海鹏,2,8.1,8.100250007730923,32490,30.0,中国,"['佛祖在一号线', '晚来寂静']",8.154311974154613,84.7128509014287
北野武,2,8.35,8.347206816160313,29657,37.0,日,"['北野武的小酒馆', '菊次郎与佐纪']",8.225740545583186,84.70445783500143
绫辻行人,14,7.607142857142857,7.619398983030368,54908,27.0,中国,"['钟表馆幽灵', '十角馆杀人预告', '钟表馆事件', '替身', '十角馆事件', '钟表馆事件', '迷宫馆的诱惑', '黑猫馆手记', '水车馆幻影', '十角馆事件', '迷宫馆事件', '雾越邸杀人事件', '水车馆事件', '咚咚吊桥坠落']",7.756851779951699,84.65387868912251
妹尾河童,5,8.28,8.277568204370226,29382,18.0,日,"['河童旅行素描本', '窥视印度', '窥视日本', '河童杂记本', '窥视工作间']",8.228018381908228,84.65126466907097
丹·艾瑞里,3,8.066666666666666,8.067514621740733,32863,42.0,美,"['怪诞行为学', '怪诞行为学', '怪诞行为学2']",8.135022977385287,84.60532183991015
湊佳苗,3,7.866666666666667,7.8743364099212085,35827,28.0,中国,"['告白', '赎罪', '往复书简']",8.060022977385287,84.5213099681423
安意如,9,6.9,6.919908521438953,97779,23.8,中国,"['人生若只如初见', '当时只道是寻常', '思无邪', '陌上花开缓缓归', '美人何处', '陌上花开', '观音', '惜春纪', '世有桃花']",7.355727415648736,84.52080444882645
吉本芭娜娜,9,7.711111111111112,7.720698386722075,45624,18.0,日,"['厨房', '厨房', '阿根廷婆婆', '哀愁的预感', '蜜月旅行', '不伦与南美', '雏菊人生', 'N·P', '虹']",7.877155987077308,84.50779222519232
克莱儿·麦克福尔,3,6.2,6.24523896763781,86275,36.0,英,"['摆渡人', '摆渡人3无境之爱', '黑石之墓']",7.4350229773852865,84.50131674758057
毕飞宇,5,8.24,8.237797110402573,29304,20.0,中国,"['小说课', '推拿', '推拿', '玉米', '青衣']",8.208018381908229,84.42368329186156
那多,13,7.615384615384615,7.626796249935952,51723,18.0,中国,"['19年间谋杀小叙', '幽灵旗', '返祖', '亡者永生', '凶心人', '过年', '神的密码', '铁牛重现', '甲骨碎', '坏种子', '百年诅咒', '那多三国事件簿之桃园三结义', '暗影38万']",7.771121323282349,84.3452420872695
乔治·R.R.马丁,3,9.200000000000001,9.184918039117308,18829,120.0,美,"['冰与火之歌', '冰与火之歌·卷一·权力的游戏（全三册）', '冰与火之歌：七王国的骑士']",8.560022977385287,84.25807485248527
秋乃茉莉,2,9.0,8.992660190820914,22171,12.0,日,"['恐怖宠物店（10）', '恐怖宠物店1']",8.41145483129747,84.16994203742038
雅歌塔·克里斯多夫,3,8.566666666666666,8.561102314519681,24661,22.0,匈牙利,"['恶童日记', '二人证据', '第三谎言']",8.322522977385287,84.16583196982377
卡洛·罗韦利,3,8.799999999999999,8.787094261661876,22098,49.0,意,"['七堂极简物理课', '时间的秩序', '现实不似你所见']",8.410022977385285,84.12787888172205
東野圭吾,8,8.0625,8.065195297470655,31978,280.0,中国,"['嫌疑犯X的獻身', '解憂雜貨店', '雪地殺機', '超. 殺人事件: 推理作家的苦惱', '惡意', '使命與心的極限', '單戀', '名偵探的守則']",8.106167986083253,84.08394070265456
斯蒂格·拉森 / 斯蒂格·拉赫松,3,8.799999999999999,8.790543976767212,21948,39.9,瑞典,"['龙文身的女孩', '玩火的女孩', '直捣蜂窝的女孩']",8.410022977385285,84.0706000802773
舒仪,3,7.6000000000000005,7.606081229816675,38558,25.0,中国,"['曾有一个人，爱我如生命', '格子间女人', '曾有一个人爱我如生命']",7.960022977385286,84.0574033655554
苏小懒,2,7.8,7.80147097536412,33282,20.8,中国,"['全世爱', '全世爱Ⅱ·丝婚四年']",8.068597688440327,84.01671043062015
阿道司·赫胥黎,2,8.7,8.690177668801432,23853,22.5,英,"['美丽新世界', '美丽新世界']",8.325740545583185,83.9210268988236
乔治·马丁,4,9.425,9.393721586581966,14920,28.9,中国,"['冰与火之歌（卷一）', '冰与火之歌·卷四·群鸦的盛宴（全三册）', '冰与火之歌（卷一）', '冰与火之歌（卷一）']",8.731131535453589,83.91075698858789
莉兹·克里莫,2,8.2,8.201153159634332,28218,44.0,美,"['我可以咬一口吗', '一见你就好心情']",8.182883402726041,83.85614984590856
戴维·迈尔斯,2,9.2,9.176073882403717,19927,218.0,美,"['社会心理学', '社会心理学']",8.468597688440328,83.83810983465335
安德烈·艾席蒙,2,8.7,8.695810911183129,23556,34.85,美,"['夏日终曲', '请以你的名字呼唤我']",8.325740545583185,83.81671451190009
树下野狐,7,8.585714285714285,8.571535214319598,20984,25.0,中国,"['搜神记Ⅰ-神农使者', '搜神记Ⅱ·大荒惊变', '搜神记Ⅲ·灵山十巫', '搜神记Ⅳ·太乙火真', '搜神记Ⅴ·三生石', '搜神记Ⅵ·似是故人来', '蛮荒记1·鲲鹏']",8.41501531825686,83.74255656468601
几米,6,8.65,8.634712179723161,20451,31.0,中国,"['森林里的秘密', '微笑的鱼', '又寂寞又美好', '时光电影院', '幸运儿', '布瓜的世界']",8.434562165371117,83.72008041584384
白岩松,6,7.416666666666667,7.43093388403135,48167,34.4,中国,"['幸福了吗?', '白说', '痛并快乐着', '痛并快乐着', '岩松看日本', '白岩松']",7.7618348926438445,83.69159802867598
菲利普·迪克,5,8.6,8.589106914447,21439,39.8,中国,"['仿生人会梦见电子羊吗？', '仿生人会梦见电子羊吗？', '少数派报告', '少数派报告', '高堡奇人']",8.388018381908228,83.65382152719062
席慕蓉,5,8.68,8.66546874000673,20430,20.0,中国,"['在黑暗的河流上', '席慕容诗集', '槭树下的家（席慕蓉作品典藏版）', '七里香', '席慕蓉经典作品']",8.42801838190823,83.64646960629464
卡罗琳·帕克丝特,3,7.599999999999999,7.6125430482997265,36517,25.0,美,"['巴别塔之犬', '巴别塔之犬', '伊甸园的鹦鹉']",7.960022977385286,83.6245035171384
贡布里希,2,9.55,9.523169124606495,17299,254.0,英,"['艺术的故事', '艺术的故事']",8.568597688440327,83.6163330550045
宗萨蒋扬钦哲仁波切,3,8.799999999999999,8.786461955238266,20655,38.0,中国,"['正见', '人间是剧场', '八万四千问']",8.410022977385285,83.55997925886801
林夕,6,7.316666666666666,7.3290439980841215,51021,27.5,中国,"['原来你非不快乐', '曾经', '我所爱的香港', '人情·世故', '就算天空再深', '十方一念']",7.70728943809839,83.54711147041026
倾泠月,3,7.8999999999999995,7.9017598998311485,31229,23.0,中国,"['且试天下1', '且试天下2', '兰因·璧月（上、下）']",8.072522977385287,83.54362564591173
石田裕辅,4,7.925,7.931248875434035,31542,26.5,日,"['不去会死！', '不去会死！', '用洗脸盆吃羊肉饭', '最危险的厕所和最美丽的星空']",8.06446486878692,83.54065425822391
书海沧生,4,7.625,7.632600902165154,37086,54.8,中国,"['十年一品温如言', '昭奚旧草', '十年一品温如言', '十年一品温如言（修订珍藏版）']",7.931131535453588,83.44360764736929
阿来,3,8.733333333333333,8.723003348186388,20925,22.0,中国,"['尘埃落定', '尘埃落定', '尘埃落定']",8.385022977385287,83.42047792605388
Twentine,6,8.066666666666666,8.065965666707063,28882,35.5,中国,"['打火机与公主裙·荒草园', '忍冬', '打火机与公主裙·长明灯', '阿南', '有生之年', '那个不为人知的故事']",8.116380347189299,83.36341125705086
连岳,6,8.033333333333333,8.035387988542846,29533,25.5,中国,"['我爱问连岳', '我爱问连岳Ⅱ', '我爱问连岳Ⅲ', '我是鸡汤', '神了', '来去自由']",8.098198529007481,83.35716603365177
廖信忠,3,7.2,7.222580206558718,43082,29.8,中国,"['我们台湾这些年', '我们台湾这些年2', '台湾这些年所知道的祖国']",7.8100229773852865,83.33984740715903
博尔赫斯,3,9.1,9.084986756756358,17651,19.0,阿根廷,"['博尔赫斯小说集', '小径分岔的花园', '博尔赫斯诗选']",8.522522977385286,83.33838043340417
美国纽约摄影学院,3,9.1,9.083074196302443,17599,90.0,中国,"['美国纽约摄影学院摄影教材（上）', '美国纽约摄影学院摄影教材（上册）', '美国纽约摄影学院摄影教材（下）']",8.522522977385286,83.31323737676868
朗达·拜恩,2,7.35,7.359197478461818,35901,33.5,澳,"['秘密', '力量']",7.940026259868899,83.27934879675712
矢泽爱,2,8.95,8.936475931606832,20040,51.25,日,"['NANA（1-13）', '近所物语']",8.397169117011757,83.1784564030822
岛田洋七,2,8.75,8.739431460566088,21446,22.5,日,"['佐贺的超级阿嬷', '佐贺的超级阿嬷']",8.3400262598689,83.17791795258991
马可·奥勒留,3,8.4,8.390308528993874,23576,22.0,古罗马,"['沉思录', '沉思录', '沉思录']",8.260022977385287,83.16213385748726
托克维尔,3,8.9,8.888609283504856,18632,48.0,法,"['旧制度与大革命', '论美国的民主', '旧制度与大革命']",8.447522977385287,83.06187032216317
尾魚,6,8.216666666666667,8.212718063639592,24952,250.0,中国,"['怨氣撞鈴1·食骨', '怨氣撞鈴2·根鬚', '怨氣撞鈴4·黑蝶', '怨氣撞鈴3·飛天', '怨氣撞鈴5·同路', '七根凶簡 套裝']",8.198198529007481,83.00470510011252
由貴香織里 / 由贵香织里,2,8.5,8.496957555533427,22852,30.0,日本,"['天使禁獵區', '伯爵該隱 ~ 诅咒之子']",8.268597688440328,82.99057282962153
贾平凹,6,7.283333333333334,7.2980663964074255,48566,38.0,中国,"['废都', '自在独行', '秦腔', '废都', '高兴', '极花']",7.689107619916572,82.97085026415519
蝴蝶蓝,6,8.816666666666668,8.793322331161349,16816,25.0,中国,"['全职高手1·放逐斗神', '全职高手2·千机初芒', '全职高手3·副本风云', '全职高手4·满城追杀', '全职高手5·王牌对决', '全职高手6·神之领域']",8.525471256280209,82.95407627860824
凯文·凯利,3,8.433333333333332,8.429030279271055,22627,58.0,美,"['失控', '必然', '科技想要什么']",8.272522977385286,82.9481193092813
J.D.塞林格,5,8.22,8.216930306447598,24777,18.0,美,"['麦田里的守望者', '九故事', '麦田里的守望者', '弗兰妮与祖伊', '麦田里的守望者']",8.19801838190823,82.94518438170049
珍妮特·温特森,5,7.94,7.941377844450736,29103,25.0,英,"['橘子不是唯一的水果', '我要快乐，不必正常', '橘子不是唯一的水果', '写在身体上', '给樱桃以性别']",8.05801838190823,82.82539673915713
蘅塘退士 / 陈婉俊,2,9.4,9.372690266094374,16542,0.61,中国,"['唐诗三百首', '唐诗三百首']",8.525740545583185,82.81664221963084
王强,4,7.925000000000001,7.92657643944009,28764,28.0,中国,"['圈子圈套1', '圈子圈套2', '圈子圈套3', '圈子圈套']",8.06446486878692,82.79717250009263
George Orwell,3,9.366666666666667,9.342978469549719,14786,9.99,中国,"['1984', 'Animal Farm', '1984']",8.622522977385287,82.78918623080764
紫式部,4,8.175,8.171034513837434,24786,65.0,日,"['源氏物语', '源氏物语', '源氏物语（上、中、下）', '源氏物语']",8.175575979898033,82.72108767211907
朱德庸,5,8.22,8.216462821452485,24098,29.8,中国,"['绝对小孩', '大家都有病', '绝对小孩2', '关于上班这件事', '什么事都在发生']",8.19801838190823,82.71739574454097
恰克·帕拉尼克,3,8.4,8.394860955513389,22237,35.0,美,"['肠子', '搏击俱乐部', '肠子']",8.260022977385287,82.67917755580048
理查德·耶茨 / Richard Yates,2,8.399999999999999,8.390145925086495,22560,20.0,中国,"['十一种孤独', '复活节游行']",8.240026259868898,82.59784220272391
尾鱼,6,8.183333333333334,8.180786193836196,24087,45.9,中国,"['七根凶简', '司藤', '撞铃', '西出玉门 上', '开封志怪（全三册）', '四月间事']",8.180016710825663,82.53202559728031
欧文·斯通,2,8.95,8.942633629989269,18534,27.4,美,"['梵高传', '渴望生活']",8.397169117011757,82.52247510581259
武志红,6,8.183333333333332,8.180327961499904,24039,34.4,中国,"['为何家会伤人', '为何家会伤人（升级版）', '为何爱会伤人', '感谢自己的不完美', '身体知道答案', '心灵的七种兵器']",8.180016710825662,82.51570906917587
盐野七生,5,8.92,8.896278233476115,15561,39.0,中国,"['罗马人的故事1', '罗马人的故事2', '罗马人的故事3', '罗马人的故事4', '罗马人的故事（礼品装，全15册）']",8.548018381908228,82.5104938800383
吴思,4,8.25,8.245930501507814,23171,28.0,中国,"['血酬定律', '潜规则（修订版）', '血酬定律', '隐蔽的秩序']",8.208909313231366,82.50528427806601
克里希那穆提,5,8.6,8.587739566260193,18682,22.0,中国,"['人生中不可不想的事', '重新认识你自己', '爱的觉醒', '一生的学习', '爱与寂寞']",8.388018381908228,82.49925846833696
慕容引刀,5,8.74,8.723299822086815,17214,25.0,中国,"['被爱路过', '微笑的咖啡杯', '让爱点亮', '朋友刀刀', '亲爱的沙皮']",8.458018381908229,82.49558995489542
蔡骏,20,6.76,6.781563680624605,121744,23.0,中国,"['地狱的第19层', '荒村公寓', '蝴蝶公墓', '荒村归来', '沉睡之城', '玛格丽特的秘密', '罗刹之国', '谋杀似水年华', '宛如昨日', '猫眼', '大空城之夜', '末日审判', '旋转门', '病毒', '诅咒', '人间（上卷）', '偷窥一百二十天', '爱人的头颅', '肉香', '地狱变']",7.043207352763292,82.47373225251762
熊培云,4,7.875,7.8815642826760755,28221,39.0,中国,"['自由在高处', '重新发现社会', '一个村庄里的中国', '自由在高处（增订版）']",8.042242646564699,82.41575336223512
罗贝托·波拉尼奥,5,8.52,8.50808743838613,19133,49.8,智利,"['地球上最后的夜晚', '2666', '遥远的星辰', '2666', '智利之夜']",8.34801838190823,82.30496762463228
纳西姆·尼古拉斯·塔勒布,4,7.949999999999999,7.951077249906376,26417,44.0,美,"['黑天鹅', '反脆弱', '黑天鹅', '随机漫步的傻瓜']",8.075575979898032,82.22390657812402
小春,2,8.1,8.09947650373746,23934,26.8,中国,"['不负如来不负卿1', '不负如来不负卿Ⅱ·大结局']",8.154311974154613,82.22071943398839
寐语者,6,7.966666666666666,7.969313408240349,26857,25.0,中国,"['帝王业（上下）', '衣香鬓影', '衣香鬓影2·千秋素光同', '在寂与寞的川流上', '凤血', '明月照人来']",8.061834892643844,82.21716401808322
横沟正史,8,7.925,7.9279254760698885,28207,15.0,中国,"['恶魔吹着笛子来', '狱门岛', '八墓村', '犬神家族', '女王蜂', '本阵杀人事件', '狱门岛', '罪恶的拍球歌']",8.021552601467869,82.19974452277629
大风刮过,6,8.1,8.099631732073783,24397,30.9,中国,"['又一春', '桃花债', '皇叔', '如意蛋', '张公案', '如意蛋 上']",8.134562165371118,82.17743302746555
金子,4,7.625,7.631668765249359,31594,25.0,中国,"['梦回大清', '梦回大清', '绿红妆之军营穿越', '夜上海']",7.931131535453588,82.17250404317296
刘墉,5,8.02,8.020925882372904,25519,22.8,美,"['我不是教你诈', '你不可不知的人性', '靠自己去成功', '超越自己·创造自己·肯定自己', '我不是教你诈(1)']",8.09801838190823,82.172355763166
张羽,3,8.433333333333334,8.427958576623949,20582,35.0,中国,"['只有医生知道!', '只有医生知道！2', '只有医生知道！3']",8.272522977385286,82.16452454753075
慕容雪村,8,7.55,7.561590284422001,37880,20.0,中国,"['成都，今夜请将我遗忘', '原谅我红尘颠倒', '天堂向左，深圳往右', '中国，少了一味药', '成都今夜请将我遗忘', '天堂向左深圳往右', '伊甸樱桃', '成都今夜请将我遗忘']",7.790783370698639,82.13203498462572
罗伯特·麦基,2,9.2,9.1883147881214,16125,57.0,美,"['故事', '故事']",8.468597688440328,82.0453678166825
谷崎润一郎,7,8.071428571428571,8.072406712256116,24575,20.0,日,"['阴翳礼赞', '春琴抄', '细雪', '痴人之爱', '细雪', '卍', '钥匙']",8.115015318256859,82.03895539602355
路易斯·贾内梯,2,9.100000000000001,9.080995744030504,16601,174.0,美,"['认识电影', '认识电影：全彩插图第12版']",8.4400262598689,82.01408528414456
舒国治,4,7.85,7.854220587862917,27017,31.5,中国,"['理想的下午', '流浪集', '门外汉的京都', '台北小吃札记']",8.031131535453587,81.95174295429453
罗曼·罗兰,3,8.6,8.58993166361982,18602,20.5,中国,"['约翰·克利斯朵夫', '名人传', '约翰·克利斯朵夫（共四册）']",8.335022977385286,81.94226216451506
兰晓龙,3,9.233333333333334,9.213500948726706,14165,35.0,中国,"['士兵突击', '我的团长我的团（上部）', '我的团长我的团（下部）']",8.572522977385287,81.9413181857582
CLAMP,3,8.233333333333333,8.2339618754958,21934,29.8,中国,"['圣传画集', 'CLOVER（VOL.1--4）', '魔法騎士（マジックナイト）レイアース 01']",8.197522977385287,81.94111835272827
双雪涛,3,7.933333333333334,7.941776156913015,25128,45.0,中国,"['平原上的摩西', '飞行家', '猎人']",8.085022977385286,81.91565661123886
马尔科姆·格拉德威尔,5,7.7,7.706397852140837,30278,29.8,美,"['异类', '异类', '引爆点', '引爆点', '引爆点']",7.938018381908229,81.90613812336099
小川糸,2,7.9,7.9038545035698675,24307,48.9,日,"['山茶文具店', '闪闪发光的人生']",8.097169117011756,81.76975458141212
陈磊,4,7.525,7.5315883143721,31667,39.9,中国,"['半小时漫画世界史', '半小时漫画中国史2', '半小时漫画中国史3', '半小时漫画中国史4']",7.886687091009144,81.73022719061136
尼尔·盖曼,5,7.92,7.921805269730808,25652,36.0,英,"['美国众神', '美国众神', '北欧众神', '坟场之书', '星尘']",8.048018381908228,81.70682900190366
N.格里高利·曼昆,2,9.350000000000001,9.335309743758268,14757,48.0,美,"['经济学原理', '经济学原理']",8.51145483129747,81.70605611272005
凑佳苗,4,7.8,7.811208585530895,26930,29.0,日,"['告白', '告白', '为了N', '夜行观览车']",8.008909313231365,81.69915074851583
孙皓晖,3,8.666666666666666,8.653600773482324,17486,57.0,中国,"['大秦帝国', '大秦帝国·第一部 黑色裂变（上、下）', '大秦帝国·第二部 国命纵横（上、下）']",8.360022977385286,81.67084537429785
丹·西蒙斯,4,8.975,8.952904288195867,14360,59.3,美,"['海伯利安', '海伯利安', '海伯利安的陨落', '海伯利安的陨落']",8.531131535453587,81.66230707240587
弗洛伊德,3,8.1,8.098306688476509,22521,22.0,奥地利,"['梦的解析', '梦的解析', '性学三论・爱情心理学']",8.147522977385286,81.65649495462482
可爱淘,7,6.714285714285714,6.728446099345,69546,20.0,韩,"['那小子真帅', '狼的诱惑', '那小子真帅2', '狼的诱惑', '局外人', '局外人2', '局外人3']",7.323348651590192,81.65356566879923
十四夜,4,7.65,7.656793763840961,28898,25.9,中国,"['醉玲珑（上卷）', '醉玲珑（下卷）', '醉玲珑（中卷）', '醉玲珑']",7.942242646564699,81.57923991896243
袁腾飞,5,7.62,7.626627044896418,30351,32.8,中国,"['历史是个什么玩意儿1', '历史是个什么玩意儿2', '历史是个什么玩意儿3', '历史是个什么玩意儿4', '两宋风云']",7.89801838190823,81.51242824544383
傅雷,3,8.666666666666666,8.653346178720499,16970,25.0,中国,"['傅雷家书', '傅雷家书', '世界美术名作二十讲']",8.360022977385286,81.4204481170931
韓寒,2,8.05,8.049890636195325,22039,280.0,中国,"['一座城池', '青春']",8.1400262598689,81.40526271781164
弗·司各特·菲茨杰拉德,2,8.4,8.393164193416144,19489,18.5,美,"['了不起的盖茨比', '了不起的盖茨比']",8.2400262598689,81.39215135618564
曹雪芹 / 高鹗,2,9.55,9.523000217259751,13337,33.25,中国,"['红楼梦', '红楼梦（上下）']",8.568597688440327,81.38773164656656
李歆,3,7.866666666666667,7.872825927228864,24222,25.0,中国,"['独步天下（上下卷）', '秀丽江山·白虎卷', '秀丽江山·青龙卷']",8.060022977385287,81.3663984225648
藤子·F. 不二雄,2,9.6,9.57237205239219,13062,92.975,日本,"['机器猫哆啦A梦（共45册）', '机器猫哆啦A梦1']",8.582883402726042,81.34461291550997
西蒙娜·德·波伏瓦,3,9.066666666666666,9.043321157533159,14076,49.0,法,"['第二性Ⅰ', '第二性Ⅱ', '第二性（合卷本）']",8.510022977385287,81.2902715422469
欧阳应霁,9,7.7444444444444445,7.752194564020788,29103,29.8,中国,"['设计私生活', '半饱', '回家真好', '两个人住', '香港味道1', '香港味道2', '梦·想家', '寻常放荡', '放大意大利']",7.8985845585058785,81.18663531530774
威廉·莎士比亚,4,8.9,8.881598437866925,14088,21.0,英,"['哈姆雷特', '麦克白', '哈姆雷特', '莎士比亚四大悲剧']",8.497798202120254,81.1807377508525
茅海建,2,9.25,9.232332074547585,14308,45.5,中国,"['天朝的崩溃', '天朝的崩溃（修订版）']",8.482883402726042,81.16969128009126
阿耐,8,7.65,7.660359786919989,30812,67.0,中国,"['大江东去（共三部）', '大江大河四部曲', '欢乐颂 第一季', '大江东去', '欢乐颂 第三季', '都挺好', '欢乐颂 第二季', '欢乐颂']",7.8523218322371005,81.15917961177666
毕淑敏,10,7.45,7.464905762541886,37729,26.5,中国,"['女心理师（上）', '女心理师（下）', '花冠病毒', '非洲三万里', '红处方', '鲜花手术', '拯救乳房', '愿你与这世界温暖相拥', '血玲珑', '蓝色天堂']",7.692012254605486,81.06004671489171
扬·马特尔,3,8.533333333333333,8.526329592397502,17123,35.0,加拿大,"['少年Pi的奇幻漂流', '葡萄牙的高山', '少年Pi的奇幻漂流']",8.310022977385287,81.00806736995138
冯骥才,3,8.166666666666666,8.165557465987414,20048,22.0,中国,"['俗世奇人', '俗世奇人·贰', '俗世奇人（足本）']",8.172522977385286,80.95647777284927
罗永浩,2,7.449999999999999,7.457790196874462,25724,35.5,中国,"['我的奋斗', '生命不息，折腾不止']",7.968597688440328,80.92285114841826
夏茗悠,9,7.533333333333333,7.546594349189508,33661,23.0,中国,"['8分钟的温暖', '再见，冥王星', '三年K班', '陪你到世界终结', '尘埃眠于光年', '声息', '声息2', '日界线', '曾有你的天气']",7.762870272791593,80.92112917943405
安·兰德,3,8.9,8.885559053431615,14448,98.0,美,"['源泉', '阿特拉斯耸耸肩（上下）', '源泉']",8.447522977385287,80.9135892500174
杜鲁门·卡波特,4,8.35,8.343815701152655,18072,28.0,美,"['蒂凡尼的早餐', '冷血', '冷血', '别的声音，别的房间']",8.25335375767581,80.90081284199692
索甲仁波切,2,8.6,8.592915619200053,17090,33.9,中国,"['西藏生死书', '西藏生死之书']",8.297169117011757,80.86675983613239
格非,6,8.016666666666667,8.01761348856958,21882,32.5,中国,"['人面桃花', '望春风', '春尽江南', '山河入梦', '人面桃花', '雪隐鹭鸶']",8.089107619916572,80.83821678206328
朱天文,4,7.975,7.977458032022133,21829,27.5,中国,"['荒人手记', '最好的时光', '巫言', '世纪末的华丽']",8.086687091009143,80.79441782907756
六六,3,7.6000000000000005,7.604470292394397,25511,25.0,中国,"['蜗居', '心术', '双面胶']",7.960022977385286,80.76959065049901
筱原千绘,3,8.233333333333333,8.232484571158798,18999,18.0,中国,"['闍河魅影', '灵猫', '魔影紫光']",8.197522977385287,80.76358880883635
里尔克,3,9.0,8.98037006392428,13590,7.2,奥,"['给青年诗人的信', '里尔克诗选', '给一个青年诗人的十封信']",8.485022977385286,80.75334748082423
村上春樹,4,8.125,8.121184086818907,20000,450.0,中国,"['1Q84', '1Q84 BOOK 3', '沒有色彩的多崎作和他的巡禮之年', '挪威的森林']",8.15335375767581,80.74704510806258
高尔基,4,7.825,7.829169790382701,23579,11.875,苏,"['童年', '在人间', '我的大学', '童年']",8.020020424342476,80.74680211164167
薛兆丰,3,8.233333333333334,8.231455244992034,18950,68.0,中国,"['薛兆丰经济学讲义', '薛兆丰经济学讲义', '经济学通识']",8.197522977385287,80.7424205208283
丁墨,6,7.016666666666667,7.034966584844862,44365,45.0,中国,"['他来了，请闭眼', '如果蜗牛有爱情', '美人为馅', '你和我的倾城时光', '慈悲城', '莫负寒夏（上下）']",7.543653074462027,80.71881304953135
周云蓬,2,8.0,8.000200041908098,20589,32.4,中国,"['绿皮火车', '春天责备']",8.125740545583184,80.70941201420759
李欣频,6,7.55,7.564874391190474,29725,37.9,中国,"['十四堂人生创意课', '诚品副作用', '十四堂人生创意课Ⅱ', '广告拜物教', '希腊', '恋物百科全书']",7.834562165371118,80.69424603762458
明前雨后,3,8.1,8.099119570021083,20001,25.0,中国,"['忽而今夏', '忽而今夏', '忽而今夏Ⅱ']",8.147522977385286,80.6897071021001
侧侧轻寒,4,7.775,7.779889941586258,24051,32.8,中国,"['簪中录', '簪中录2', '簪中录4', '簪中录3']",7.997798202120255,80.68157577876183
路易莎·梅·奥尔科特,2,8.3,8.297298222702839,18414,21.0,美,"['小妇人', '小妇人']",8.211454831297472,80.6440477880898
彼得·德鲁克,2,8.8,8.784285744443446,15550,38.0,美,"['卓有成效的管理者', '管理的实践']",8.354311974154614,80.63481853031844
青山刚昌,2,8.8,8.790325930953468,15510,7.95,中国,"['名侦探柯南42', '名侦探柯南1']",8.354311974154614,80.61330203661649
西泽保彦,6,7.816666666666666,7.82370891137534,24370,28.0,日,"['解体诸因', '死了七次的男人', '解体诸因', '死了七次的男人', '神的逻辑，人的魔法', '她死去的那一晚']",7.980016710825662,80.6073392536314
矢澤愛 / 矢泽爱,2,8.95,8.940619636813437,14741,79.0,日,"['天堂之吻 (Vol. 1)', 'NANA 12']",8.397169117011757,80.59985696533775
保罗·乔尔达诺,2,7.95,7.9529615362151915,20625,30.5,意,"['质数的孤独', '质数的孤独']",8.111454831297472,80.58168814719771
山田宗树,3,8.633333333333333,8.623605476692031,15566,45.0,日,"['被嫌弃的松子的一生', '百年法', '被嫌弃的松子的一生']",8.347522977385285,80.57787607027855
豆豆,2,8.5,8.49507645466359,17016,34.5,中国,"['遥远的救世主', '天幕红尘']",8.268597688440328,80.55241510576843
卡尔维诺,4,8.975,8.953196445230217,12591,20.65,意大利,"['卡尔维诺文集（第三卷）', '卡尔维诺文集（第五卷）', '卡尔维诺文集（第四卷）', '一个分成两半的子爵']",8.531131535453587,80.54085137881891
中村明日美子,3,9.4,9.368582553466235,11182,650.0,中国,"['同級生', '卒業生−春− ＥＤＧＥＣＯＭＩＸ', '卒業生−冬− ＥＤＧＥＣＯＭＩＸ']",8.635022977385287,80.49697985472173
阿信,3,9.166666666666666,9.145519228673225,12287,380.0,中国,"['Happy Birth Day', '浪漫的逃亡', 'Happy.Birth.Day']",8.547522977385286,80.48671121118004
Vivibear,6,7.3999999999999995,7.412640861561943,32146,23.5,中国,"['寻找前世之旅（上下册）', '兰陵缭乱', '兰陵缭乱Ⅱ', '兰陵缭乱3', '寻找前世之旅续集', '寻找前世之流年转']",7.752743983552936,80.45855396403834
宫西达也,3,9.1,9.074567611346868,12588,24.8,中国,"['你看起来好像很好吃', '永远永远爱你', '我是霸王龙']",8.522522977385286,80.45754885448196
缪娟,4,7.949999999999999,7.950536780959553,21176,27.0,中国,"['我的波塞冬', '丹尼海格', '智斗', '浮生若梦1']",8.075575979898032,80.43815519721078
宫部美雪,6,8.083333333333334,8.083153829043276,19826,37.0,中国,"['模仿犯BOOK1', '所罗门的伪证', '模仿犯BOOK3', '模仿犯BOOK2', '理由', '火车']",8.125471256280209,80.39991237023148
维克多·弗兰克,2,8.6,8.592142656543949,16092,20.5,奥,"['活出生命的意义', '追寻生命的意义']",8.297169117011757,80.36753896466915
張愛玲,2,8.15,8.153198839803348,18685,48.1,中国,"['半生缘', '小團圓']",8.168597688440329,80.34248647369594
阎真,2,8.5,8.491607391567815,16362,29.5,中国,"['沧浪之水', '沧浪之水']",8.268597688440328,80.22836747293232
顾爷,4,7.6,7.610631090026941,25019,44.8,中国,"['小顾聊绘画·壹', '小顾聊绘画·贰', '小顾聊神话', '小顾聊绘画·文艺复兴']",7.920020424342477,80.20945865556028
伊藤潤二 / 伊藤润二,5,8.84,8.816157266648805,12389,100.0,中国,"['伊藤潤二恐怖漫畫精選【5】', '伊藤潤二恐怖漫畫精選【3】', '伊藤潤二恐怖漫畫精選【4】', '伊藤潤二恐怖漫畫精選【6】', '伊藤潤二恐怖漫畫精選【12】']",8.50801838190823,80.1850526870531
罗伯特·弗兰克,2,7.45,7.456089768845283,23430,39.8,美,"['牛奶可乐经济学', '牛奶可乐经济学']",7.968597688440328,80.17855743121444
谢尔・希尔弗斯坦,2,8.95,8.936889618246996,13983,19.0,中国,"['失落的一角', '爱心树']",8.397169117011757,80.15659775006003
阿加莎.克里斯蒂,2,7.9,7.901943069650352,19770,18.5,英,"['ABC谋杀案', '死亡约会']",8.097169117011756,80.09696610842668
乔治·R·R·马丁,2,8.95,8.939615870525596,13825,47.0,中国,"['冰与火之歌·卷四·群鸦的盛宴（全两册）', '热夜之梦']",8.397169117011757,80.0611812095406
海飘雪,3,7.633333333333333,7.637808072425752,22877,24.8,中国,"['木槿花西月锦绣1', '木槿花西月锦绣3', '木槿花西月锦绣2']",7.972522977385286,80.02763577479384
杰克·伦敦,2,8.9,8.887563525556022,13994,20.0,中国,"['野性的呼唤', '热爱生命']",8.382883402726042,80.02682254386728
保罗·奥斯特,6,8.066666666666666,8.067446145662224,19077,22.0,美,"['幻影书', '孤独及其所创造的', '纽约三部曲', '神谕之夜', '红色笔记本', '布鲁克林的荒唐事']",8.116380347189299,79.99740752391855
J.K. Rowling,3,9.266666666666667,9.23886353352781,11137,10.99,中国,"['Harry Potter and the Sorcerer&#39;s Stone', 'Harry Potter And The Chamber Of Secrets', 'Harry Potter and the Goblet of Fire']",8.585022977385286,79.99625682821105
J. K. Rowling,3,9.1,9.073642113946502,11922,9.95,中国,"['哈利波特5 鳳凰會的密令', 'Harry Potter and the Philosopher&#39;s Stone', 'Harry Potter and the Prisoner of Azkaban']",8.522522977385286,79.99431471195396
稻盛和夫,5,7.840000000000001,7.846733868942198,21742,27.0,中国,"['活法', '干法', '活法（修订版）', '活法', '干法']",8.00801838190823,79.97645712322966
靡宝,3,7.466666666666666,7.478272534742331,24517,25.0,中国,"['歌尽桃花', '歌尽桃花', '爱如指间沙']",7.910022977385286,79.94789014755486
斯台芬·茨威格,2,8.7,8.691581273446465,14665,18.0,奥,"['一个陌生女人的来信', '一个女人一生中的二十四小时']",8.325740545583185,79.8712199454834
楚惜刀,4,8.65,8.636038467175947,13612,25.0,中国,"['魅生·妖颜卷', '魅生·幻旅卷', '魅生·凤鸣卷', '魅生·涅槃卷']",8.386687091009144,79.83103352063745
米切尔,2,9.3,9.275684808052262,11973,38.75,美,"['飘（全二册）', '飘（上下）']",8.497169117011756,79.79260636099069
凡尔纳,4,8.575,8.561624124436866,14040,17.5,中国,"['地心游记', '海底两万里', '神秘岛', '格兰特船长的儿女']",8.35335375767581,79.77233061938799
艾丽丝·门罗,3,8.133333333333333,8.131192382006011,17458,39.5,中国,"['逃离', '亲爱的生活', '逃离']",8.160022977385285,79.70392655466677
黑泽明,2,8.45,8.443056334702042,15570,32.25,日,"['蛤蟆的油', '蛤蟆的油']",8.254311974154614,79.68023948303986
毛泽东,2,9.3,9.27561928200257,11766,31.5,中国,"['毛泽东选集 第一卷', '毛泽东选集 第二卷']",8.497169117011756,79.64442738102728
桩桩,5,7.26,7.278012325844367,30288,39.0,中国,"['蔓蔓青萝（全2册）', '永夜（上下）', '微雨红尘（上下）', '放弃你，下辈子吧', '小女花不弃']",7.718018381908229,79.63868053991787
高晓松,5,7.260000000000001,7.273437389603859,30237,39.8,中国,"['如丧', '鱼羊野史·第1卷', '鱼羊野史·第2卷', '晓说', '鱼羊野史·第3卷']",7.71801838190823,79.625674145065
张悦然 主编,5,7.4799999999999995,7.491168554269867,26105,25.0,中国,"['鲤·孤独', '鲤·嫉妒', '鲤·荷尔蒙', '鲤·来不及', '鲤·写信']",7.82801838190823,79.61032424039915
余秀华,2,8.3,8.29760756075142,16137,28.5,中国,"['月光落在左手上', '摇摇晃晃的人间']",8.211454831297472,79.56022763267283
墨宝非宝,7,7.357142857142857,7.369713362174511,30771,29.8,中国,"['蜜汁炖鱿鱼', '一生一世，美人骨', '至此终年', '一厘米的阳光', '十二年故人戏', '很想很想你', '轻易放火']",7.698348651590192,79.55750994753738
亚米契斯,3,8.133333333333333,8.131349002857547,17143,18.0,中国,"['爱的教育', '爱的教育', '爱的教育']",8.160022977385285,79.55535687897321
公子欢喜,5,8.1,8.100739060381937,17531,180.0,中国,"['纨绔', '艳鬼', '思凡', '庸君', '狐缘']",8.138018381908228,79.5229501788214
鲜橙,4,7.625,7.641669992865404,22596,39.8,中国,"['阿麦从军：全新修订版', '太子妃升职记', '阿麦从军', '和亲公主']",7.931131535453588,79.51413368502543
蒋廷黻,3,8.833333333333334,8.818398997633246,12584,14.0,中国,"['中国近代史', '中国近代史', '中国近代史']",8.422522977385286,79.51081440651548
墨香銅臭,6,7.666666666666667,7.678391411965369,23279,330.0,中国,"['魔道祖師 二', '魔道祖師 三', '人渣反派自救系統 上', '魔道祖師 四', '人渣反派自救系統 下', '人渣反派自救系統 中']",7.898198529007481,79.41914980341066
电线,3,7.133333333333333,7.144530366463941,26711,26.8,中国,"['香蜜沉沉烬如霜', '薄荷荼靡梨花白', '两只前夫一台戏']",7.785022977385286,79.35171299939825
崔曼莉,2,7.85,7.851484851486257,18265,32.0,中国,"['浮沉', '浮沉2']",8.082883402726042,79.31569147771124
托尔斯泰,2,9.0,8.974440479279217,12389,104.0,俄罗斯,"['安娜·卡列尼娜（上下）', '战争与和平']",8.41145483129747,79.27497550505764
田中芳树,3,9.166666666666666,9.139073363468905,10620,24.8,日,"['银河英雄传说', '银河英雄传说VOL.1 黎明篇', '银河英雄传说VOL.2 野望篇']",8.547522977385286,79.24056781010107
欧内斯特·海明威,4,8.525,8.514604522375699,13485,19.0,美国,"['老人与海', '乞力马扎罗的雪', '老人与海', '永别了，武器']",8.331131535453588,79.22412378442701
约翰·S. 戈登,2,8.45,8.441146555541149,14691,48.5,美,"['伟大的博弈', '伟大的博弈']",8.254311974154614,79.20060550111408
逯薇,2,8.55,8.542713034654845,14161,63.0,中国,"['小家，越住越大', '小家，越住越大2']",8.282883402726043,79.17043020877787
高木直子 图文,2,8.2,8.198398895542493,15885,22.5,日,"['一个人的第一次 第一次一个人旅行', '一个人漂泊的日子①']",8.182883402726041,79.1546145195387
胡里奥·科塔萨尔,3,8.766666666666667,8.753011536475197,12354,25.0,阿根廷,"['万火归一', '南方高速', '克罗诺皮奥与法玛的故事']",8.397522977385286,79.11991734315374
松本清张,6,7.75,7.758835592108338,21153,29.8,日,"['点与线', '砂器', '零的焦点', '黑色皮革手册', '点与线·零的焦点', '富士山禁恋']",7.943653074462026,79.1154823806198
罗杰·克劳利,3,8.966666666666667,8.947026619429097,11339,55.0,英,"['1453', '海洋帝国', '财富之城']",8.472522977385285,79.10025040749281
傅真,2,8.6,8.593972118724384,13715,39.8,中国,"['最好金龟换酒', '泛若不系之舟']",8.297169117011757,79.04147411028282
苏珊·桑塔格,3,8.633333333333335,8.623279638177499,12898,22.0,美,"['论摄影', '论摄影', '疾病的隐喻']",8.347522977385287,79.00851253360942
李诞,4,6.800000000000001,6.812102142219071,34314,36.0,中国,"['笑场', '宇宙超度指南', '冷场', '笑场']",7.5644648687869225,78.99826231961268
奥尔加·托卡尔丘克,3,8.700000000000001,8.687072583282395,12494,55.0,波兰,"['太古和其他的时间', '白天的房子，夜晚的房子', '云游']",8.372522977385287,78.97871122537205
黄易,3,8.133333333333333,8.13548805441017,15964,168.0,中国,"['大唐双龙传', '寻秦记', '覆雨翻云']",8.160022977385285,78.9739598766906
袁哲生,2,8.5,8.489476263904923,13999,41.0,中国,"['寂寞的游戏', '猴子·罗汉池']",8.268597688440328,78.93875266742141
亚当·斯密,2,8.9,8.887002858548506,12263,49.5,英,"['国富论', '道德情操论']",8.382883402726042,78.92001383837776
玖月晞,4,7.25,7.263842386735676,25812,50.0,中国,"['少年的你，如此美丽', '他知道风从哪个方向来', '白色橄榄树', '亲爱的阿基米德']",7.764464868786922,78.87635308073357
今敏,3,8.5,8.494499665668,13424,88.0,日,"['OPUS 作品', '我的造梦之路', '梦的化石']",8.297522977385286,78.86690974318134
郭建龙,3,8.4,8.393138055789228,14010,68.0,中国,"['中央帝国的财政密码', '汴京之围', '穿越百年中东']",8.260022977385287,78.86337897754451
理查德·怀斯曼,2,7.1,7.111656854814408,22398,27.4,英,"['怪诞心理学', '正能量']",7.868597688440328,78.81794581010026
曹昇,2,8.149999999999999,8.148549087153292,15469,29.8,中国,"['流血的仕途', '流血的仕途·终结版']",8.168597688440327,78.79966777899683
克里斯·安德森,3,7.766666666666667,7.770888423811506,18402,39.0,美,"['长尾理论', '免费', '演讲的力量']",8.022522977385286,78.78333348629555
聂鲁达,3,8.6,8.588345523793484,12702,20.0,中国,"['二十首情诗与绝望的歌', '疑问集', '聂鲁达诗选']",8.335022977385286,78.76257865792039
近藤麻理惠,2,7.75,7.758911214792156,17639,30.0,日,"['怦然心动的人生整理魔法', '怦然心动的人生整理魔法2']",8.054311974154613,78.75445300995914
刘同,3,6.833333333333333,6.8485953894019245,28631,42.0,中国,"['你的孤独，虽败犹荣', '我在未来等你', '向着光亮那方']",7.672522977385286,78.73758103725815
秦文君,4,8.275,8.270315461562534,14440,18.5,中国,"['男生贾里 女生贾梅', '女生贾梅全传', '男生贾里全传', '小丫林晓梅']",8.220020424342477,78.7299307834923
木浮生,4,7.5,7.5079320057536005,21925,27.4,中国,"['良言写意', '独家记忆', '世界微尘里', '衾何以堪']",7.8755759798980325,78.7197560224423
十四郎,6,7.416666666666667,7.431952692609014,25337,26.5,中国,"['三千鸦杀', '琉璃美人煞（上中下）', '销魂殿', '斩春', '佳偶天成', '半城风月']",7.7618348926438445,78.70547558996104
许知远,5,7.58,7.591199865348533,21722,32.0,中国,"['那些忧伤的年轻人', '祖国的陌生人', '一个游荡者的世界', '那些忧伤的年轻人', '醒来']",7.8780183819082295,78.67089117242448
BENJAMIN,3,7.866666666666667,7.867659917930461,17302,22.0,中国,"['地下室', '我们去哪儿', '一天']",8.060022977385287,78.6548237453249
杨红樱,5,8.4,8.390836485863213,13104,18.0,中国,"['淘气包马小跳系列', '女生日记', '女生日记', '男生日记', '五·三班的坏小子']",8.28801838190823,78.57662294565841
桔子樹,3,9.366666666666667,9.331083709635656,9067,280.0,中国,"['麒麟之与子同袍', '麒麟之生死與共', '麒麟之快意人生']",8.622522977385287,78.57280108934197
原田玲仁,2,7.1,7.10679727985507,21703,30.4,日,"['每天懂一点色彩心理学', '每天懂一点好玩心理学']",7.868597688440328,78.56992965954453
夏尔·波德莱尔,4,8.625,8.609280655928513,11800,25.05,法,"['恶之花', '恶之花', '巴黎的忧郁', '恶之花 巴黎的忧郁']",8.375575979898032,78.52889410594813
山本文绪,4,7.675,7.681858156789313,19367,25.0,中国,"['蓝另一种蓝', '然后，我就一个人了', '涡虫', '31岁又怎样']",7.95335375767581,78.51055732206906
托马斯·弗里德曼,2,7.65,7.65512324965388,17704,57.0,美,"['世界是平的', '世界是平的（3.0版）']",8.025740545583185,78.5046026979092
江户川乱步,5,7.919999999999999,7.924762152592005,17129,28.0,日,"['人间椅子', '阴兽', 'D坂杀人事件', '两分铜币', '孤岛之鬼']",8.048018381908228,78.45680408455267
万维钢,2,8.2,8.196884357925997,14523,44.8,中国,"['万万没想到', '智识分子']",8.182883402726041,78.42113550862113
彭浩翔,3,7.7,7.7073113923230805,18130,39.8,中国,"['爱的地下教育', '再不相爱就软了', '愛的地下教育']",7.9975229773852865,78.41873953121664
弗吉尼亚·伍尔夫,3,8.5,8.490779704967338,12714,22.0,英,"['到灯塔去', '伍尔夫读书随笔', '一间自己的房间']",8.297522977385286,78.41605353065736
悉达多·穆克吉,2,8.899999999999999,8.887902253978622,11522,65.0,美,"['众病之王', '基因传']",8.382883402726042,78.39756652812575
奈良美智,3,8.666666666666666,8.65358823780145,11786,46.8,中国,"['奈良美智·用小刀划开', '小星星通信', '奈良美智横滨手稿']",8.360022977385286,78.37314637607446
埃克哈特·托利,2,8.4,8.39614970268116,13486,25.0,德,"['当下的力量', '当下的力量']",8.2400262598689,78.35837758687738
笙离,3,7.533333333333334,7.5442502958818025,19434,26.8,中国,"['爱你，是我做过最好的事', '一个人的欢喜与忧伤', '耳洞']",7.9350229773852865,78.3570096392699
季羡林,3,8.466666666666667,8.456715551955106,12679,19.9,中国,"['牛棚杂忆', '留德十年', '留德十年']",8.285022977385285,78.2750845592166
约翰·欧文,2,8.25,8.245447645790613,13984,78.95,美,"['独居的一年', '苹果酒屋的规则']",8.197169117011757,78.24805009152503
胡迁,3,8.066666666666666,8.06339404285263,14874,39.8,中国,"['大裂', '牛蛙', '大象席地而坐']",8.135022977385287,78.15672262320338
李银河,4,7.875,7.879358251707281,16519,29.0,中国,"['李银河说爱情', '人间采蜜记', '虐恋亚文化', '同性恋亚文化']",8.042242646564699,78.10889077537011
野夫,2,7.800000000000001,7.801615757641088,15853,32.0,中国,"['1980年代的爱情', '身边的江湖']",8.068597688440327,78.03283730165285
黃碧雲,2,8.5,8.492132678602369,12442,148.5,中国,"['她是女子，我也是女子', '無愛紀']",8.268597688440328,77.9638923274056
李敖,3,7.966666666666666,7.9717913382678605,15128,20.0,中国,"['北京法源寺', '李敖有话说', '北京法源寺']",8.097522977385285,77.93354677808429
远藤周作,4,8.525,8.512162752686809,11488,28.5,中国,"['深河', '沉默', '深河', '沉默']",8.331131535453588,77.88895952873567
史蒂芬・霍金,3,8.833333333333334,8.810950910670668,10363,62.0,中国,"['时间简史', '时间简史', '果壳中的宇宙']",8.422522977385286,77.87543530587035
晴空蓝兮,5,7.0,7.0200559976912205,28590,28.0,中国,"['良辰讵可待', '这么远，那么近', '末路相逢', '尽在不言中', '薄暮晨光']",7.588018381908229,77.85949763777688
约翰·格雷,2,7.6,7.606200682591231,16596,28.9,美,"['男人来自火星 女人来自金星', '男人来自火星，女人来自金星']",8.01145483129747,77.84712421591543
北条司,2,8.1,8.101678266861068,13987,6.9,日,"['城市猎人', '猫眼三姐妹']",8.154311974154613,77.84069596185809
奥森·斯科特·卡德,3,8.700000000000001,8.686307713384183,10849,26.0,美,"['死者代言人', '安德的影子', '安德的游戏']",8.372522977385287,77.7968167094988
莫莉蓟野,2,9.0,8.981490754683573,10373,48.0,日,"['猫国物语', '子猫絮语']",8.41145483129747,77.78121031012675
刘若英,5,7.540000000000001,7.550279205175215,19861,26.0,中国,"['我敢在你怀里孤独', '我的不完美', '我想跟你走', '下楼谈恋爱', '一个人的KTV']",7.85801838190823,77.76737898091122
郭敬明 主编,9,7.288888888888888,7.308332256038552,27358,20.0,中国,"['最小说（第一辑）', '岛（Vol.10）', '岛（Vol.05）', '岛（Vol.6）', '岛（Vol.09）', '岛（Vol.8）', '岛（VOL.7）', '岛（Vol.4）', '最小说（第四辑）']",7.605727415648735,77.70620210724732
马克-安托万·马修,3,8.700000000000001,8.686468155813307,10731,72.0,法,"['3秒', '方向', '画的秘密']",8.372522977385287,77.70526193643788
J.R.R.托尔金,2,9.05,9.032379810127104,10113,102.5,英,"['霍比特人', '魔戒']",8.425740545583185,77.69944837416011
帕特里克·莫迪亚诺,3,7.666666666666667,7.672693892107545,16656,25.0,法,"['青春咖啡馆', '暗店街', '地平线']",7.985022977385286,77.61910118605047
米兰Lady,3,8.466666666666667,8.458108872258762,11646,24.8,中国,"['孤城闭', '孤城闭', '孤城闭']",8.285022977385285,77.57104556937837
蓝淋,6,7.8999999999999995,7.904540198340773,15744,190.0,中国,"['非卖品', '归途', '兄友弟攻（上）', '殊途', '无处可寻', '期待度']",8.025471256280209,77.5603863733835
法医秦明,4,7.0,7.019603290143609,24947,36.3,中国,"['尸语者', '无声的证词', '守夜者', '天谴者']",7.65335375767581,77.48675465670574
萨拉·沃特斯,3,8.566666666666666,8.556437003853768,11038,32.0,英,"['荆棘之城', '指匠', '轻舔丝绒']",8.322522977385287,77.47594547885201
梁实秋,2,8.75,8.738844225544428,10819,22.9,中国,"['雅舍谈吃', '雅舍小品']",8.3400262598689,77.4717678789219
岳南,4,8.225,8.219259645915823,12682,43.9,中国,"['南渡北归（第一部）', '南渡北归（第二部）', '南渡北归（第三部）', '南渡北归']",8.197798202120254,77.45294327760833
弗朗索瓦丝·萨冈,3,7.8,7.802867065265491,15322,24.0,法,"['你好，忧愁', '你好，忧愁', '孤独的池塘']",8.035022977385285,77.43440226685082
角田光代,2,8.149999999999999,8.148544633183626,13045,36.4,日,"['第八日的蝉', '坡道上的家']",8.168597688440327,77.40756644726861
安德烈·纪德,3,8.133333333333333,8.131492154178812,13095,28.0,法,"['窄门', '人间食粮', '窄门']",8.160022977385285,77.35752471849575
J.K.Rowling,2,8.8,8.784763404587462,10480,61.495000000000005,中国,"['Harry Potter and the Deathly Hallows', 'Harry Potter and the Order of the Phoenix']",8.354311974154614,77.3385340878491
日本NHK特别节目录制组,2,8.0,8.003223532692571,13533,41.5,中国,"['无缘社会', '老后破产']",8.125740545583184,77.299847354682
黄晓阳,2,7.95,7.951726847593422,13751,40.0,中国,"['二号首长', '二号首长2']",8.111454831297472,77.29356272616316
马克·吐温,4,8.15,8.14758375259589,12922,13.5,中国,"['百万英镑', '汤姆·索亚历险记', '百万英镑', '王子与贫儿']",8.164464868786922,77.29106167883249
安东尼·伯吉斯,2,8.25,8.242541312204658,12408,35.0,英,"['发条橙', '发条橙']",8.197169117011757,77.26796941220394
浦沢直樹,2,9.4,9.37501332875945,8625,97.5,中国,"['20世紀少年01', 'MONSTER-怪物-01']",8.525740545583185,77.26483213183488
常书欣,4,7.875,7.878469462831406,14761,38.0,中国,"['余罪', '余罪2', '余罪3', '余罪4']",8.042242646564699,77.20401417073798
柏瑞尔·马卡姆,2,8.95,8.929884446779926,9819,34.45,英,"['夜航西飞', '夜航西飞']",8.397169117011757,77.18825979552798
威廉·戈尔丁,2,8.149999999999999,8.148930314965185,12654,21.5,英,"['蝇王', '蝇王']",8.168597688440327,77.15900272294999
彼得·萨伯,2,9.0,8.983569276584761,9591,20.5,美,"['洞穴奇案', '洞穴奇案']",8.41145483129747,77.12197718876223
格雷厄姆·格林,2,8.3,8.29123636225975,11905,63.95,英,"['恋情的终结', '命运的内核']",8.211454831297472,77.06284285547903
风弄,7,7.642857142857143,7.6553732365496785,17999,114.9,中国,"['不能动', '孤芳不自赏', '相会于加勒比海', '孤芳不自赏1', '蝙蝠（上）', '鳳于九天之一魂落西雷', '被享用的男人']",7.865015318256859,77.06241923527453
二月河,2,8.350000000000001,8.346232186901545,11710,83.0,中国,"['康熙大帝（共四册）', '雍正皇帝（全三册）']",8.225740545583186,77.06107230782376
彼得·梅尔,2,7.85,7.858894962191297,13784,29.8,英,"['普罗旺斯的一年', '有关品位']",8.082883402726042,77.04068017467769
玛赞·莎塔碧,2,9.3,9.275700851685961,8642,29.5,中国,"['我在伊朗长大', '我在伊朗长大1']",8.497169117011756,77.02263214882883
加·泽文,3,7.699999999999999,7.704260631307861,15223,38.0,美,"['玛格丽特小镇', '太年轻', '时光倒流的女孩']",7.997522977385286,77.02117198744494
郁达夫,2,7.85,7.853098658672315,13744,14.0,中国,"['春风沉醉的晚上', '沉沦']",8.082883402726042,77.0171919390347
罗素,3,8.733333333333334,8.716786093863272,9741,21.8,中国,"['西方哲学史', '幸福之路', '幸福之路']",8.385022977385287,77.00974240390434
威廉·曼彻斯特,2,8.8,8.788656759493026,10069,152.0,美,"['光荣与梦想', '光荣与梦想（套装共4册）']",8.354311974154614,77.00433330900557
天籁纸鸢,4,8.2,8.194600491369691,12119,28.3,中国,"['月上重火', '奥汀的祝福', '成功者的肖像', '月上重火之水落石出']",8.186687091009144,76.97624440762243
钱莉芳,2,7.75,7.755793638936147,14111,23.0,中国,"['天意', '天命']",8.054311974154613,76.9571852326537
罗斯·特里尔,2,8.100000000000001,8.099190007718596,12444,56.5,美,"['毛泽东传', '毛泽东传']",8.154311974154615,76.88761277494997
秦明,5,7.5200000000000005,7.531250603336323,17677,36.0,中国,"['第十一根手指', '幸存者', '清道夫', '偷窥者', '法医秦明作品集']",7.848018381908229,76.7542178538721
唐家三少,2,7.1,7.1109532859113145,17211,195.0,中国,"['斗罗大陆（全14卷）', '琴帝']",7.868597688440328,76.74528242704329
贾樟柯 / 万佳欢 编,2,8.65,8.64160361912788,10216,49.0,中国,"['贾想 I', '贾想II']",8.311454831297471,76.72975751871067
冯仑,2,7.95,7.954810817868939,12756,42.0,中国,"['野蛮生长', '理想丰满']",8.111454831297472,76.68435898810503
鲁思·本尼迪克特,3,8.233333333333334,8.228861680397335,11500,25.0,中国,"['菊与刀', '菊与刀', '菊与刀(插图评注版）']",8.197522977385287,76.64839135989273
翁贝托·埃科,2,8.45,8.443727435653544,10779,31.5,意,"['玫瑰的名字', '波多里诺']",8.254311974154614,76.64498332793899
桔子树,3,8.066666666666666,8.06690070702325,12322,26.0,中国,"['我的青春从爱你开始', '人间烟火', '奢侈品男人']",8.135022977385287,76.62559320699603
高橋留美子,3,8.733333333333333,8.716004345844791,9300,120.0,中国,"['人魚之傷', '福星小子 1', '相聚一刻（1）']",8.385022977385287,76.62131028855822
朱天心,3,8.166666666666666,8.161237016616354,11789,24.8,中国,"['初夏荷花时期的爱情', '击壤歌', '猎人们']",8.172522977385286,76.61746006778326
小佚,3,7.3,7.312439456501782,17324,29.8,中国,"['潇然梦（上）', '潇然梦（下）', '少年丞相世外客']",7.847522977385286,76.59108521141245
陈丹燕,4,8.275,8.269444257113033,11114,22.5,中国,"['上海的金枝玉叶', '我的妈妈是精灵', '咖啡苦不苦', '漫卷西风']",8.220020424342477,76.5781280672066
松浦弥太郎,3,7.366666666666667,7.378054356019059,16650,42.0,日,"['100个基本', '今天也要用心过生活', '不能不去爱的两件事']",7.8725229773852865,76.52269901659625
安德烈·塔可夫斯基,2,9.3,9.276181769847515,8087,35.0,苏,"['雕刻时光', '雕刻时光']",8.497169117011756,76.45868979367086
米兰・昆德拉,2,8.45,8.44235932717477,10460,26.0,中国,"['好笑的爱', '生活在别处']",8.254311974154614,76.3970361024304
道尾秀介,3,7.633333333333333,7.64244779564866,14479,28.0,日,"['向日葵不开的夏天', '乌鸦的拇指', '向日葵不开的夏天']",7.972522977385286,76.38094506208783
玛格丽特.米切尔,2,9.45,9.420718582580346,7657,14.05,中国,"['飘', '乱世佳人']",8.540026259868899,76.37777722289654
苏静 等编著,6,7.6499999999999995,7.6622368806234356,15882,35.0,中国,"['知日·猫', '知日·奈良美智', '知日·妖怪', '知日·制服uniforms', '知日·铁道', '知日·了不起的推理']",7.8891076199165715,76.31137456427723
葛亮,2,7.65,7.658206352266086,13461,40.0,中国,"['北鸢', '朱雀']",8.025740545583185,76.30574092965414
王小立,2,7.8999999999999995,7.900166938337313,12376,16.4,中国,"['任凭这空虚沸腾', '下垂眼']",8.097169117011756,76.30444394806118
庆山,3,7.266666666666667,7.277684526102614,16800,49.0,中国,"['得未曾有', '夏摩山谷', '月童度河']",7.835022977385286,76.22845609244125
泰戈尔,2,9.05,9.032195787318932,8487,5.575,中国,"['飞鸟集', '新月集·飞鸟集']",8.425740545583185,76.2226924094673
契诃夫,2,8.55,8.54276557002942,9895,19.0,俄,"['契诃夫短篇小说选', '变色龙']",8.282883402726043,76.20158234464276
迈克尔·桑德尔,2,9.05,9.027100979994696,8458,58.5,美,"['公正', '公正']",8.425740545583185,76.19385583493187
玄色,3,7.433333333333334,7.443591176124996,15437,25.0,中国,"['哑舍', '哑舍Ⅱ', '哑舍Ⅲ']",7.897522977385286,76.16834966312153
大風刮過 / 喜喜果,2,8.5,8.492997433755455,9972,200.0,中国,"['桃花债 上', '桃花债(下)']",8.268597688440328,76.13424370231319
王实甫,2,8.55,8.538434539988152,9812,18.95,中国,"['西厢记', '西厢记']",8.282883402726043,76.13181894857205
韩寒 主编,2,7.15,7.1626865822149774,15544,32.0,中国,"['很高兴见到你', '想得美']",7.882883402726042,76.08160440628355
石康,5,7.540000000000001,7.555677731919106,15989,16.0,中国,"['晃晃悠悠', '晃晃悠悠', '支离破碎', '心碎你好', '奋斗（上）']",7.85801838190823,76.0634083078992
珠雅 主编,3,7.333333333333333,7.34895697332605,15916,48.0,中国,"['青春酷语（第四辑）', '花雨青春酷语（第五辑）', '青春酷语 第七辑']",7.860022977385286,76.04684628500705
克莉丝汀·汉娜,2,7.949999999999999,7.952954404142754,11759,36.0,美,"['萤火虫小巷', '再见，萤火虫小巷']",8.11145483129747,76.02427963299036
德波顿 著,2,8.3,8.294943013798761,10488,18.0,中国,"['哲学的慰藉', '爱上浪漫']",8.211454831297472,76.02232518894824
刘小枫,3,8.533333333333333,8.523363401161758,9386,29.0,中国,"['沉重的肉身', '沉重的肉身', '这一代人的怕和爱']",8.310022977385287,76.01245355472554
胡兰成,2,7.65,7.658555596239676,12937,22.9,中国,"['今生今世', '山河岁月']",8.025740545583185,75.98710150204415
新垣平,2,8.149999999999999,8.14884366745591,10944,30.4,中国,"['剑桥倚天屠龙史', '剑桥简明金庸武侠史']",8.168597688440327,75.97317014915468
于丹,2,7.1,7.110640684165718,15568,20.0,中国,"['于丹《论语》心得', '于丹《庄子》心得']",7.868597688440328,75.95586491332524
潇湘冬儿,2,7.65,7.655941958058156,12847,74.9,中国,"['11处特工皇妃', '暴君，我来自军情9处']",8.025740545583185,75.93107733527144
达夫妮·杜穆里埃,2,8.350000000000001,8.343549803290886,10134,16.5,英,"['蝴蝶梦', '蝴蝶梦']",8.225740545583186,75.87217484170469
詹姆斯·乔伊斯,2,8.5,8.493085682259455,9643,42.0,爱尔兰,"['都柏林人', '尤利西斯']",8.268597688440328,75.85686961482543
弗兰克·赫伯特,2,8.15,8.14666004769748,10758,55.0,美,"['沙丘', '沙丘']",8.168597688440329,75.83315942608327
高尔泰,2,9.3,9.273438616227885,7510,28.0,中国,"['寻找家园', '寻找家园（增订版）']",8.497169117011756,75.82978992882114
格拉宁,2,8.0,8.004074144134623,11291,22.5,苏,"['奇特的一生', '奇特的一生']",8.125740545583184,75.82819019880317
马克斯·韦伯,2,9.05,9.02695117813823,8066,13.4,中国,"['新教伦理与资本主义精神', '学术与政治']",8.425740545583185,75.79406036624697
伍迪·艾伦,2,8.05,8.050228341809966,11011,20.5,美,"['中央公园西路', '门萨的娼妓']",8.1400262598689,75.75711504517177
林崇德,3,9.166666666666666,9.13142563779712,7061,37.5,中国,"['中国少年儿童百科全书', '中国少年儿童百科全书', '中国少年儿童百科全书']",8.547522977385286,75.75228200673375
村上龙,3,7.5,7.5094546986041735,14201,20.0,日,"['孤独美食家', '69', '无限近似于透明的蓝']",7.922522977385286,75.74833611878721
比尔·波特,2,8.45,8.443093340401543,9662,30.9,美,"['空谷幽兰', '禅的行囊']",8.254311974154614,75.74205729463215
彼得・梅尔,2,8.05,8.050272906765477,10965,28.8,中国,"['永远的普罗旺斯', '重返普罗旺斯']",8.1400262598689,75.72304081141786
小林泰三,2,8.4,8.394114261357798,9787,40.9,日,"['醉步男', '看海的人']",8.2400262598689,75.71687967803112
蜘蛛,6,6.416666666666667,6.449070359697385,35883,29.8,中国,"['十宗罪', '十宗罪2', '十宗罪3', '十宗罪 4', '十宗罪5', '十宗罪前传']",7.2163803471892995,75.68573475509176
劳伦斯·布洛克,3,7.833333333333333,7.8380633948937835,12125,26.0,美,"['八百万种死法', '八百万种死法', '父之罪']",8.047522977385286,75.67172114323513
吉田修一,3,8.1,8.102626526847695,10781,42.0,日,"['怒', '横道世之介', '同栖生活']",8.147522977385286,75.65491112767987
hansey 主编,5,7.659999999999999,7.670458468092877,14073,15.0,中国,"['HANA', '镜之国', '哈娜·宅', '知更鸟', '哈娜·时间胶囊']",7.9180183819082295,75.63357988474367
张鸣,2,7.8999999999999995,7.9035380593244895,11387,30.9,中国,"['重说中国近代史', '辛亥：摇晃的中国']",8.097169117011756,75.63011379191552
梁羽生,4,7.9,7.90459757225754,11889,29.8,中国,"['白发魔女传', '萍踪侠影录', '云海玉弓缘（上下）', '七剑下天山']",8.053353757675811,75.56826639445262
江本胜,3,7.433333333333334,7.446363134023337,14208,20.0,中国,"['水知道答案', '水知道答案', '水知道答案2']",7.897522977385286,75.51319930470261
囧叔,2,7.25,7.260568956192751,13949,31.299999999999997,中国,"['我讲个笑话，你可别哭啊', '我讲个故事，你可别当真啊']",7.911454831297471,75.50087096379124
韩松落,2,7.7,7.707408425452524,11952,37.4,中国,"['为了报仇看电影', '猛虎细嗅蔷薇']",8.040026259868899,75.48569662491673
吴敬梓,2,8.350000000000001,8.343977712528405,9645,10.7,中国,"['儒林外史', '儒林外史']",8.225740545583186,75.46539997648037
曾炜,3,6.633333333333333,6.655643304760553,20488,20.0,中国,"['一光年的距离有多远', '心的1/2', '喜欢你']",7.597522977385286,75.42549911437756
萨缪尔·贝克特,2,8.4,8.393309018368418,9429,15.4,爱尔兰,"['等待戈多', '等待戈多']",8.2400262598689,75.40984765633597
劉慈欣,2,9.05,9.030408404378585,7686,349.5,中国,"['三體 Ⅱ', '三體']",8.425740545583185,75.38750932229848
阿兰·摩尔 编剧 / 戴夫·吉本斯 原画,2,9.6,9.56403434944837,6511,68.0,英,"['守望者（上）', '守望者（下）']",8.582883402726042,75.36974868611387
荷马,2,8.9,8.884136294026131,8012,20.0,古希腊,"['荷马史诗·奥德赛', '荷马史诗·伊利亚特']",8.382883402726042,75.35223419443896
司马迁,2,9.45,9.41519677338156,6746,27.0,中国,"['史记', '史记']",8.540026259868899,75.29615820436841
黄永玉,2,8.5,8.492847826852019,8996,30.5,中国,"['沿着塞纳河到翡冷翠', '比我老的老头']",8.268597688440328,75.28265873455159
大力金刚掌,4,7.925,7.929348516325596,11316,25.3,中国,"['茅山后裔1', '茅山后裔4', '茅山后裔2', '茅山后裔3']",8.06446486878692,75.27420942861445
连城三纪彦,2,8.55,8.538016942443043,8814,28.5,日,"['一朵桔梗花', '宵待草夜情']",8.282883402726043,75.2434530213601
文德琳·范·德拉安南,2,8.95,8.931640049289951,7785,34.4,美,"['怦然心动', '怦然心动']",8.397169117011757,75.23932829142912
天蚕土豆,4,6.95,6.96868115824361,19015,21.0,中国,"['斗破苍穹 2', '斗破苍穹', '斗破苍穹 1', '斗破苍穹3·寻找异火']",7.631131535453589,75.18981380854515
铃木光司,4,8.025,8.027003671926233,10608,21.8,中国,"['午夜凶铃', '午夜凶铃2：复活之路', '午夜凶铃3：永生不死', '环界1']",8.108909313231365,75.16519411391735
桂正和,2,8.1,8.100727702174837,10073,7.99,中国,"['I&#34;s', '电影少女']",8.154311974154613,75.16410852015586
张北海,2,7.85,7.854173698846198,10897,39.0,中国,"['侠隐', '侠隐']",8.082883402726042,75.14118836278313
天下归元,3,7.666666666666667,7.673260698775955,12210,49.8,中国,"['扶摇皇后（上下）', '凰权（上下）', '扶摇皇后·终结篇（上下）']",7.985022977385286,75.1398045430268
安东尼·布朗,2,8.8,8.786044722939021,8024,29.8,英国,"['我爸爸', '我妈妈']",8.354311974154614,75.10791253010666
吉住涉,2,7.6,7.606069369591133,11728,4.1,中国,"['薄荷关系', '橘子酱男孩']",8.01145483129747,75.06588719596886
丁丁张,2,7.1,7.118093840690102,13876,35.5,中国,"['人生需要揭穿', '世界与你无关']",7.868597688440328,75.05059089862996
彭磊,2,8.45,8.442111982267914,8873,78.9,中国,"['北海怪兽', '北海怪兽']",8.254311974154614,75.03896733211675
中岛敦,2,8.6,8.590150193032528,8436,36.5,日,"['山月记', '山月记']",8.297169117011757,75.00957895175374
白茶,2,7.65,7.656258312065498,11448,46.0,中国,"['就喜欢你看不惯我又干不掉我的样子', '就喜欢你看不惯我又干不掉我的样子2']",8.025740545583185,75.00582367862226
彼得·林奇 / 约翰·罗瑟查尔德,2,8.55,8.540584409295676,8561,43.0,美,"['彼得·林奇的成功投资', '战胜华尔街']",8.282883402726043,75.00224710647366
小桥老树,2,8.25,8.245595252717688,9394,29.8,中国,"['侯卫东官场笔记', '侯卫东官场笔记2']",8.197169117011757,74.9871531494923
苏珊·柯林斯,3,7.3999999999999995,7.411416988544992,13425,29.0,美,"['饥饿游戏2：燃烧的女孩', '饥饿游戏3：嘲笑鸟', '饥饿游戏三部曲']",7.885022977385287,74.94673656833385
刘心武,3,7.366666666666667,7.379045426832913,13574,28.0,中国,"['刘心武揭秘红楼梦（第一部）', '钟鼓楼', '刘心武揭秘红楼梦（第二部）']",7.8725229773852865,74.91481170491187
马塞尔·普鲁斯特,2,9.149999999999999,9.125725398244938,7049,198.0,法,"['追忆似水年华', '追忆似水年华（上下册）']",8.454311974154614,74.91182293639972
罗兰·巴特,2,8.6,8.586938778934641,8335,21.0,法,"['恋人絮语', '恋人絮语']",8.297169117011757,74.90965357052404
张乐平,2,9.1,9.076938778619319,7131,8.8,中国,"['三毛从军记全集', '三毛流浪记（全集）']",8.4400262598689,74.88284148928528
费尔南多·佩索阿,2,8.8,8.78569860716225,7795,38.5,葡萄牙,"['惶然录', '不安之书']",8.354311974154614,74.86604778508269
影照,3,7.8,7.805421663423183,11128,26.8,中国,"['午门囧事Ⅰ', '午门囧事Ⅱ', '午门囧事Ⅲ·午门篇']",8.035022977385285,74.86479666695381
霍桑,2,7.949999999999999,7.950877838904814,10186,11.2,中国,"['红字', '红字']",8.11145483129747,74.85954330268156
韩梅梅,2,7.55,7.556365856054743,11618,25.9,中国,"['有些事现在不做，一辈子都不会做了', '遇见一些人，流泪']",7.997169117011756,74.85667755692245
斯威夫特,3,7.866666666666667,7.870798664408883,10785,12.0,中国,"['格列佛游记', '格列佛游记', '格列佛游记']",8.060022977385287,74.84540783182923
尾崎南,2,8.6,8.5877750834277,8258,49.875,中国,"['Zetsuai 01', '绝爱-BRONZE-']",8.297169117011757,74.8326560885196
奥野宣之,2,7.1,7.121545971697521,13465,36.0,日,"['如何有效阅读一本书', '如何有效整理信息']",7.868597688440328,74.8140230571494
尼尔·唐纳德·沃尔什,2,8.3,8.2943922212861,9003,38.0,中国,"['与神对话（第一卷）', '与神对话']",8.211454831297472,74.76877955474443
阿乙,2,7.75,7.754665680667294,10668,24.4,中国,"['鸟，看见我了', '下面，我该干些什么']",8.054311974154613,74.70452981570674
小椴,3,8.6,8.583644474227356,7710,19.0,中国,"['杯雪·夜雨打金荷', '洛阳女儿行·卷一', '杯雪·传杯·秣陵冬']",8.335022977385286,74.6018159940696
约翰·卡雷鲁,2,8.45,8.440617638966835,8384,38.875,美,"['坏血', 'Bad Blood']",8.254311974154614,74.57110254812582
乐小米,3,7.433333333333334,7.44842169710466,12589,20.0,中国,"['凉生，我们可不可以不忧伤', '青城', '苍耳']",7.897522977385286,74.55781447992484
Wendelin Van Draanen,2,9.0,8.97790632376201,7052,15.469999999999999,中国,"['Flipped', 'Flipped']",8.41145483129747,74.53565367914317
章诒和,3,7.433333333333333,7.446682176783967,12533,29.8,中国,"['刘氏女', '杨氏女', '邹氏女']",7.897522977385286,74.52260814182988
埃默·托尔斯,2,8.25,8.253490939218452,8830,59.4,美,"['莫斯科绅士', '上流法则']",8.197169117011757,74.47967153778119
风维,2,8.05,8.05020119973428,9393,15.0,中国,"['一個爹爹三個娃', '凤非离']",8.1400262598689,74.46354765874143
卡梅伦·韦斯特,2,7.85,7.854016887660545,10016,24.0,美,"['24重人格', '24重人格']",8.082883402726042,74.45983656134223
刀尔登,4,7.925,7.930087144230537,10181,26.5,中国,"['中国好人', '旧山河', '七日谈', '不必读书目']",8.06446486878692,74.42191997100164
马洛伊·山多尔,2,8.55,8.540212555864148,7976,41.5,匈,"['烛烬', '伪装成独白的爱情']",8.282883402726043,74.41605579575403
刘猛,3,7.966666666666666,7.9689732968977465,9770,39.8,中国,"['狼牙', '最后一颗子弹留给我', '冰是睡着的水']",8.097522977385285,74.39335332295316
飘阿兮,2,7.5,7.512600939421045,11119,29.8,中国,"['过客，匆匆', '晨曦之雾']",7.982883402726042,74.37253775421487
长着翅膀的大灰狼,4,7.425,7.440504491643802,13092,28.0,中国,"['然后、爱情随遇而安', '只为爱', '谁的等待，恰逢花开', '听说姻缘命中注定']",7.842242646564699,74.3431507543311
L. S. 斯塔夫里阿诺斯,2,8.8,8.783206110372536,7320,25.0,美,"['全球通史', '全球通史']",8.354311974154614,74.34086356209224
王潇,4,7.475,7.490754102014794,12649,35.0,中国,"['按自己的意愿过一生', '女人明白要趁早之三观易碎', '女人明白要趁早', '女人明白要趁早']",7.864464868786921,74.2831147314883
弗诺·文奇,2,8.9,8.880152267235216,7048,53.0,美,"['深渊上的火', '天渊']",8.382883402726042,74.27772072659941
多丽丝·莱辛,2,8.0,8.00332205805149,9303,25.0,英,"['特别的猫', '天黑前的夏天']",8.125740545583184,74.2546397687846
雷·布拉德伯里,2,8.25,8.246677222973284,8572,36.5,美,"['华氏451', '华氏451']",8.197169117011757,74.23662113888035
雪满梁园,2,8.3,8.295672832954049,8417,37.8,中国,"['鹤唳华亭', '鹤唳华亭']",8.211454831297472,74.21617613083285
托马斯·哈代,2,8.0,8.00001093106168,9252,13.1,英,"['苔丝', '苔丝']",8.125740545583184,74.20997588871828
白落梅,2,6.300000000000001,6.321428844717335,16469,28.0,中国,"['你若安好便是晴天', '因为懂得 所以慈悲']",7.6400262598688995,74.1792750538671
青垚,2,7.800000000000001,7.806244674464954,9823,29.8,中国,"['天子谋', '改尽江山旧']",8.068597688440327,74.17125919230628
约翰·伯格,3,8.166666666666666,8.164414972565984,8708,24.0,英,"['观看之道', '我们在此相遇', '观看之道']",8.172522977385286,74.14204583855
李开复,3,6.833333333333333,6.86294016865838,15665,28.0,中国,"['做最好的自己', '微博：改变一切', '向死而生']",7.672522977385286,74.11080251526006
蜀客,2,7.15,7.162461735715915,12081,36.9,中国,"['落花时节又逢君', '重紫（全两册）']",7.882883402726042,74.09494198635349
森见登美彦,2,8.399999999999999,8.393125304839272,8008,29.5,中国,"['四叠半神话大系', '有顶天家族']",8.240026259868898,74.06400262392317
罗宾德拉纳特·泰戈尔,2,7.300000000000001,7.334824691777403,11421,32.0,印,"['泰戈尔诗集', '飞鸟集']",7.925740545583185,74.05254468588555
利利·弗兰克,2,8.6,8.585910209703535,7482,25.0,日,"['东京塔', '东京塔']",8.297169117011757,74.01397662102829
村上 春樹,3,8.133333333333333,8.131202111772334,8661,1890.0,中国,"['1Q84 BOOK 2', '1Q84 BOOK 3', '1Q84 BOOK 1']",8.160022977385285,73.98448785076086
王跃文,3,7.633333333333333,7.644996855444442,10664,36.0,中国,"['大清相国', '国画', '大清相国']",7.972522977385286,73.94293928376902
井上靖,3,8.033333333333333,8.033850183139556,8929,25.0,日,"['敦煌', '楼兰', '敦煌']",8.122522977385287,73.89198595023207
蒋方舟,2,6.8,6.830286938569523,13237,32.0,中国,"['我承认我不曾历经沧桑', '故事的结局早已写在开头']",7.782883402726043,73.8661537315038
张纯如,2,9.4,9.362818074053893,5789,38.5,美,"['南京大屠杀', '南京浩劫']",8.525740545583185,73.86605754275762
奥格·曼狄诺,2,7.65,7.658120323356107,9884,27.4,美,"['世界上最伟大的推销员', '羊皮卷']",8.025740545583185,73.82697133948848
池莉,4,7.375,7.391231483512346,12455,22.0,中国,"['来来往往', '所以', '生活秀', '熬至滴水成珠']",7.820020424342477,73.74246192036408
郎咸平,2,7.449999999999999,7.461189554285267,10444,32.0,中国,"['郎咸平说：我们的日子为什么这么难', '郎咸平说：谁在谋杀中国经济']",7.968597688440328,73.74043621066927
简媜,2,8.4,8.392499972746734,7688,18.0,中国,"['水问', '女儿红']",8.2400262598689,73.7280141252505
刘和平,2,9.2,9.168672535797192,5988,73.5,中国,"['大明王朝1566', '大明王朝1566']",8.468597688440328,73.65715047544913
冯梦龙,3,8.1,8.098861133403796,8436,19.1,中国,"['醒世恒言（上下）', '警世通言', '三言二拍']",8.147522977385286,73.6567206736065
齋藤千穗 / 齐藤千穗,3,8.066666666666666,8.067314129746137,8553,,日本,"['白木蘭圓舞曲 01', '芭蕾娃娃 01', '戀物語 01']",8.135022977385287,73.6557531800726
浅白色,2,7.3,7.312609772577742,10855,24.0,中国,"['巴黎没有摩天轮', '日光微澜']",7.925740545583185,73.64973162199028
陶涵,2,8.5,8.490993123744332,7371,63.5,美,"['蒋介石与现代中国', '蒋经国传']",8.268597688440328,73.63553630887868
马特·海格,2,8.0,8.00261894656196,8608,40.0,英,"['活下去的理由', '我遇见了人类']",8.125740545583184,73.62378776433746
托马斯·曼,2,8.3,8.29483430358322,7819,23.5,德,"['死于威尼斯', '魔山']",8.211454831297472,73.61109278099225
陈海贤,2,8.75,8.73396758170091,6778,55.5,中国,"['了不起的我', '幸福课']",8.3400262598689,73.57224953143661
威尔·杜兰特,2,8.600000000000001,8.588279884027532,7091,38.5,美,"['历史的教训', '哲学的故事']",8.297169117011757,73.56869748335099
郝舫,2,8.3,8.295406821120338,7740,43.0,中国,"['灿烂涅槃', '伤花怒放']",8.211454831297472,73.52771632639872
张小花,2,8.649999999999999,8.634274719543846,6936,26.8,中国,"['史上第一混乱·第一季神仙预备役', '史上第一混乱·第二季·山寨武校']",8.311454831297471,73.51169855573563
简·雅各布斯,2,8.6,8.586354197069797,7037,32.0,加拿大,"['美国大城市的死与生（纪念版）', '美国大城市的死与生']",8.297169117011757,73.50527932148421
顾西爵,5,7.0200000000000005,7.04612001491145,15807,28.0,中国,"['满满都是我对你的爱', '何所冬暖，何所夏凉', '最美遇见你', '最美遇见你', '我站在桥上看风景']",7.598018381908229,73.45970397034414
王怡颖,2,7.6,7.60805214618883,9589,26.5,中国,"['创意市集', '创意市集2·玩心大发']",8.01145483129747,73.4528326907778
盖伊·特立斯,2,8.2,8.197508788240956,7899,71.5,美,"['邻人之妻', '被仰望与被遗忘的']",8.182883402726041,73.43825299268008
约瑟夫·海勒,2,8.5,8.490120203068575,7178,30.75,美,"['第二十二条军规', '第二十二条军规']",8.268597688440328,73.4161791586176
理查德·耶茨,2,8.5,8.48985886266021,7172,27.5,中国,"['十一种孤独', '革命之路']",8.268597688440328,73.40926561499707
颜歌,2,8.4,8.392893393573111,7366,23.95,中国,"['异兽志', '五月女王']",8.2400262598689,73.37550441465011
闾丘露薇,3,7.633333333333333,7.644061003542904,9920,32.8,中国,"['不分东西', '行走中的玫瑰', '行走中的玫瑰']",7.972522977385286,73.36641721295103
让-保罗·萨特,2,8.55,8.539296187821458,6999,19.5,中国,"['存在主义是一种人道主义', '恶心']",8.282883402726043,73.33387842718076
亨利·戴维·梭罗,2,8.5,8.49101579016089,7096,27.5,美,"['瓦尔登湖', '瓦尔登湖']",8.268597688440328,73.32119002060001
卢思浩,3,6.6000000000000005,6.628898210723977,15706,35.8,中国,"['愿有人陪你颠沛流离', '你要去相信，没有到不了的明天', '离开前请叫醒我']",7.585022977385286,73.28544339204946
龍應台 / 安德烈,2,8.850000000000001,8.829041048117919,6313,192.5,中国,"['親愛的安德烈', '親愛的安德烈']",8.368597688440328,73.22962051862044
傅真 / 毛铭基,2,8.1,8.09917677444584,7894,27.0,中国,"['藏地白皮书', '藏地白皮书·十年爱情见证版']",8.154311974154613,73.17667274358918
奥威尔,2,9.3,9.265773099033595,5488,20.45,英,"['一九八四', '一九八四']",8.497169117011756,73.16488631082957
于晴,2,8.149999999999999,8.148113401637831,7724,230.0,中国,"['閒雲公子', '就是皇后']",8.168597688440327,73.12705992390127
水木丁,2,7.55,7.558926197651827,9308,27.9,中国,"['我们心中的怕和爱', '只愿你曾被这世界温柔相待']",7.997169117011756,73.08402492995731
马世芳,2,8.2,8.200448649721885,7541,36.5,中国,"['地下乡愁蓝调', '昨日书']",8.182883402726041,73.0587688238297
安藤忠雄,2,8.55,8.538617743663778,6758,59.0,中国,"['安藤忠雄论建筑', '建筑家安藤忠雄']",8.282883402726043,73.04368595939347
蔡智恆,2,7.85,7.855429239112973,8308,240.0,中国,"['檞寄生', '夜玫瑰']",8.082883402726042,72.94878689502303
尤金·扎米亚金,2,7.7,7.710871981039334,8716,21.5,俄,"['我们', '我们']",8.040026259868899,72.94740284152245
Jesse James Garrett,2,8.25,8.24583274470108,7305,32.0,中国,"['用户体验的要素', '用户体验要素']",8.197169117011757,72.92571508793424
庄雅婷,3,7.1000000000000005,7.124581588184348,11727,25.0,中国,"['那些有伤的年轻人', '爱你就像爱生病', '我们如何走到这一步']",7.772522977385286,72.82647610352059
素黑,3,7.633333333333333,7.645621835292683,9249,25.0,中国,"['一个人不要怕', '好好爱自己', '放下。爱']",7.972522977385286,72.80810006439981
胡安·鲁尔福,2,9.0,8.975367324561887,5733,23.0,墨西哥,"['佩德罗·巴拉莫', '佩德罗·巴拉莫']",8.41145483129747,72.79414867198872
汪洁,2,8.7,8.68418152085621,6253,38.9,中国,"['时间的形状', '时间的形状']",8.325740545583185,72.77510277056604
加来道雄,2,8.8,8.782387441880681,6063,37.9,美,"['超越时空', '平行宇宙']",8.354311974154614,72.7671009767105
西德尼·谢尔顿,2,8.25,8.244575997258792,7150,28.75,美,"['假如明天来临', '天使的愤怒']",8.197169117011757,72.74993727788407
马家辉,2,7.550000000000001,7.558485699661314,8884,41.9,中国,"['死在这里也不错', '龙头凤尾']",7.997169117011756,72.71121919760931
弯弯,2,8.05,8.047815736334687,7484,20.9,中国,"['可不可以不要上班', '可不可以不要上学']",8.1400262598689,72.61437651165421
彼得·希夫 / 安德鲁·希夫,2,8.1,8.098128320434832,7362,53.5,美,"['小岛经济学', '小岛经济学']",8.154311974154613,72.60781008786549
朱少麟,2,8.6,8.585369303386626,6314,24.0,中国,"['伤心咖啡店之歌', '燕子']",8.297169117011757,72.60589702897343
爱新觉罗·溥仪,2,7.65,7.657950282220728,8463,62.5,中国,"['我的前半生', '我的前半生(全本)']",8.025740545583185,72.58140384275475
安德烈·斯帕克沃斯基,2,8.8,8.779038684288693,5870,33.8,波兰,"['猎魔人1：白狼崛起', '猎魔人2：宿命之剑']",8.354311974154614,72.49688350231952
邱妙津,2,7.85,7.853204644462089,7853,30.0,中国,"['蒙马特遗书', '鳄鱼手记']",8.082883402726042,72.49358873952714
寂地 / 阿梗,2,8.9,8.875486673146135,5694,25.0,中国,"['踮脚张望1', '踮脚张望2']",8.382883402726042,72.48967545478989
笛卡尔,2,8.75,8.730426687413015,5927,31.0,法,"['谈谈方法', '第一哲学沉思集']",8.3400262598689,72.45349580367159
我吃西红柿,2,7.4,7.411959611423117,8984,24.9,中国,"['盘龙（1～10部）', '星辰变1']",7.9543119741546136,72.41058204898
江国香织,2,7.699999999999999,7.71029330894718,8033,22.5,日,"['沉落的黄昏', '东京塔']",8.040026259868899,72.29139614592881
独木舟,4,7.25,7.274399076891562,10971,24.4,中国,"['我亦飘零久', '一粒红尘', '月亮说它忘记了', '你是我的独家记忆']",7.764464868786922,72.23360750104696
卢丽莉,2,7.449999999999999,7.460567554423101,8636,25.8,中国,"['直到最后一句', '蔷薇求救讯号']",7.968597688440328,72.22586003051387
艾萨克·阿西莫夫 / none,2,8.95,8.925369677193832,5413,36.5,中国,"['基地前传2·迈向基地（上下）', '基地续集1·基地边缘（上下）']",8.397169117011757,72.18830877461966
宋鸿兵,2,7.300000000000001,7.313952655099549,9021,39.45,中国,"['货币战争2:金权天下', '货币战争3']",7.925740545583185,72.18305840553033
悠世,2,7.4,7.414305812504457,8680,25.9,中国,"['法老的宠妃', '法老的宠妃Ⅱ·荷鲁斯之眼']",7.9543119741546136,72.13679629466604
熊召政,2,8.4,8.391858539252045,6325,70.0,中国,"['张居正（全四册）', '张居正']",8.2400262598689,72.12019868534364
新井一二三,2,7.449999999999999,7.461991355071355,8498,25.0,日,"['独立，从一个人旅行开始', '我这一代东京人']",7.968597688440328,72.09751149472295
咪蒙,3,6.933333333333334,6.955288654389136,11458,32.8,中国,"['我喜欢这个&#34;功利&#34;的世界', '圣人请卸妆', '守脑如玉']",7.710022977385286,72.0619666595855
安房直子,2,9.2,9.164993644518349,4950,17.0,日本,"['风与树的歌', '花香小镇']",8.468597688440328,72.04528097687846
梁鸿,2,8.15,8.147632434330152,6763,32.4,中国,"['中国在梁庄', '出梁庄记']",8.168597688440329,72.04188302675753
陈晨,2,7.6,7.604426261800841,8031,24.8,中国,"['浮世德', '双CHEN记']",8.01145483129747,72.03250328680011
芮成钢,2,7.25,7.265027795521213,8985,34.0,中国,"['虚实之间', '30而励']",7.911454831297471,72.02132058379905
汉娜·阿伦特,2,8.649999999999999,8.634604072477266,5768,57.5,美,"['极权主义的起源', '艾希曼在耶路撒冷']",8.311454831297471,71.97931023328783
亚里士多德,2,9.1,9.068657380953056,5047,19.0,古希腊,"['诗学', '尼各马可伦理学']",8.4400262598689,71.96597200289463
吉井忍,2,8.5,8.490322581456798,5990,69.0,日,"['东京本屋', '四季便当']",8.268597688440328,71.92037532958564
冯小刚,3,7.166666666666667,7.191022061593067,10086,26.0,中国,"['我把青春献给你', '我把青春献给你', '不省心']",7.797522977385286,71.88538573314311
尼克·霍恩比,2,7.75,7.7560175674222505,7512,21.5,英,"['自杀俱乐部', '失恋排行榜']",8.054311974154613,71.8798223051682
陶立夏,2,6.85,6.868283597711489,10082,35.9,中国,"['分开旅行', '练习一个人']",7.797169117011757,71.87903091263686
爱伦·坡,2,8.65,8.63434000821821,5690,28.0,美,"['爱伦·坡短篇小说集', '爱伦坡惊悚小说全集']",8.311454831297471,71.86616826331299
田畈,3,7.333333333333333,7.352236608774672,9342,24.8,中国,"['告诉大雄我爱她', '你是我学生又怎样', '哪瓣洋葱不流泪']",7.860022977385286,71.85933792336188
李锐 / 蒋韵,2,8.3,8.294516959116939,6312,24.4,中国,"['人间', '人间']",8.211454831297472,71.85323745212432
达芙妮·杜穆里埃,2,8.2,8.19672634480008,6507,43.95,英,"['蝴蝶梦', '浮生梦']",8.182883402726041,71.85216003753544
庄羽,2,7.5,7.512178836859123,8108,18.0,中国,"['圈里圈外', '圈里圈外']",7.982883402726042,71.85177681180002
盈风,2,7.800000000000001,7.811988441924994,7363,30.0,中国,"['遇见弗洛伊德的眼泪', '十五年等待候鸟']",8.068597688440327,71.84568675187305
潘海天,2,8.0,8.001258023061956,6893,22.0,中国,"['九州·白雀神龟', '九州·铁浮图']",8.125740545583184,71.81860006307802
约瑟夫·布罗茨基,2,8.8,8.77943970449825,5390,51.5,美,"['小于一', '悲伤与理智']",8.354311974154614,71.78431014333385
彼得·圣吉,2,8.55,8.536755690254612,5778,43.0,美,"['第五项修炼', '第五项修炼']",8.282883402726043,71.74621954657293
堀辰雄,2,7.3,7.313695595737203,8477,25.5,中国,"['起风了', '起风了']",7.925740545583185,71.69014498142295
大前研一,4,7.15,7.177250687436379,10640,30.0,中国,"['思考的技术', '低智商社会', '专业主义', '低欲望社会']",7.7200204243424775,71.58365580346782
林徽因,2,7.55,7.562193695617488,7701,22.3,中国,"['你是那人间的四月天', '你是人间四月天']",7.997169117011756,71.56854827698959
阿瑟·柯南道尔,2,9.350000000000001,9.306138062946037,4412,88.0,中国,"['福尔摩斯探案全集（上中下）', '福尔摩斯探案全集']",8.51145483129747,71.4307675741434
姚非拉,2,8.850000000000001,8.825572201915548,5080,9.8,中国,"['80℃ 第1、2册', '80℃（3、4）']",8.368597688440328,71.41144812637182
方方,2,8.6,8.583498860266843,5449,21.9,中国,"['万箭穿心', '风景']",8.297169117011757,71.38362323126809
吕思勉,2,8.7,8.682166558638098,5270,25.5,中国,"['中国通史', '三国史话']",8.325740545583185,71.35139146973293
阎连科,3,7.8999999999999995,7.903825804482403,6895,28.0,中国,"['炸裂志', '日光流年', '我与父辈']",8.072522977385287,71.35058310778524
高阳,2,8.55,8.53686974242341,5506,50.0,中国,"['胡雪岩（全三册）', '红顶商人胡雪岩']",8.282883402726043,71.34689637824393
沧月 / ENO,2,7.8,7.805732728912345,6912,25.4,中国,"['神之右手', '彼岸花']",8.068597688440327,71.3357548764454
洪晃,3,6.966666666666666,6.994547549867105,10238,25.0,中国,"['无目的美好生活', '廉价哲学', '张大小姐']",7.722522977385286,71.30946238441065
保罗·科埃略,2,8.850000000000001,8.826416544016901,5005,15.0,巴西,"['炼金术士', '牧羊少年奇幻之旅']",8.368597688440328,71.2869995503374
J.M.库切,2,8.35,8.341741971056443,5791,17.9,中国,"['耻', '青春']",8.225740545583186,71.26973214212018
特立独行的猫,2,7.05,7.071439171189059,8705,34.8,中国,"['不要让未来的你，讨厌现在的自己', '当你的才华还撑不起你的梦想时']",7.854311974154614,71.25249384653551
斯·茨威格,2,8.85,8.826838721727317,4977,21.5,中国,"['斯·茨威格中短篇小说选', '一个陌生女人的来信']",8.368597688440328,71.24006017742039
菖蒲,2,8.2,8.195368594505922,5923,88.4,中国,"['谢长留', '相思门']",8.182883402726041,71.0828029428253
张德芬 著 / 范薇 绘,2,7.8,7.8058703083874486,6656,30.5,中国,"['遇见未知的自己', '重遇未知的自己']",8.068597688440327,71.03128824408104
布莱恩·魏斯,2,7.7,7.708038006449537,6807,28.5,中国,"['前世今生：16堂生死启蒙课', '前世今生']",8.040026259868899,70.96009527459611
籽月,2,6.55,6.584188498916829,9840,18.0,中国,"['夏有乔木雅望天堂', '夏有乔木 雅望天堂2']",7.711454831297471,70.90152640377623
麻耶雄嵩,3,7.7,7.711148166508653,7073,32.0,日,"['鸦', '有翼之暗', '独眼少女']",7.9975229773852865,70.89149418040958
弗朗西斯·福山,2,8.55,8.536180657081982,5194,83.0,美,"['政治秩序的起源', '历史的终结与最后的人']",8.282883402726043,70.86381057459712
许佳,2,7.8,7.805139720195186,6518,16.0,中国,"['我爱阳光', '最有意义的生活']",8.068597688440327,70.86226772222656
陈嘉映,2,8.7,8.680182016468919,4962,48.5,中国,"['何为良好生活', '哲学·科学·常识']",8.325740545583185,70.85010111865044
黎戈,2,8.1,8.098029986540997,5933,34.8,中国,"['私语书', '时间的果']",8.154311974154613,70.84836286516658
王欣,2,7.35,7.365678154523331,7485,40.0,中国,"['在不安的世界安静的活', '北京女子图鉴']",7.940026259868899,70.8313059731801
E·B·怀特,2,8.75,8.728866424305336,4877,21.5,中国,"['夏洛的网', '夏洛的网']",8.3400262598689,70.82759443867995
东东枪,2,7.8,7.808462522442799,6479,51.5,中国,"['六里庄遗事', '俗话说']",8.068597688440327,70.81385226657223
翁贝托·艾柯,2,8.4,8.390312209069197,5383,198.0,意,"['美的历史', '丑的历史']",8.2400262598689,70.79160542315533
隈研吾,2,7.85,7.855683980375682,6336,48.0,日,"['负建筑', '十宅论']",8.082883402726042,70.75886062550283
张佳玮,2,7.55,7.563076327958974,6953,31.799999999999997,中国,"['无非求碗热汤喝', '莫奈和他的眼睛']",7.997169117011756,70.75153347403705
陈磊·半小时漫画团队 / 陈磊,2,7.3,7.315342578005096,7527,50.95,中国,"['半小时漫画唐诗', '半小时漫画经济学2：金融危机篇']",7.925740545583185,70.74820899377636
墨舞碧歌,2,7.2,7.216292696960423,7770,50.9,中国,"['路从今夜白', '再生缘（上中下）']",7.897169117011757,70.74405818200559
不经语,2,7.75,7.757353221143424,6512,38.9,中国,"['别拿爱情说事儿', '误入浮华']",8.054311974154613,70.7293872814731
君子以泽,2,7.5,7.513443062953022,7016,34.0,中国,"['思念成城', '月都花落，沧海花开']",7.982883402726042,70.69714229800405
Stephenie Meyer,2,7.9,7.903699917972494,6184,17.99,中国,"['Twilight', 'Twilight']",8.097169117011756,70.68733323184588
宝树,2,7.199999999999999,7.2168100625989045,7691,23.4,中国,"['三体X', '时间之墟']",7.897169117011757,70.66336468289413
迈克尔·刘易斯,2,8.2,8.195829031739844,5617,38.5,美,"['说谎者的扑克牌', '大空头']",8.182883402726041,70.64881416621647
王晓磊,2,7.6,7.610258123403127,6750,37.45,中国,"['六神磊磊读唐诗', '卑鄙的圣人：曹操']",8.01145483129747,70.64056972383506
泰勒•本-沙哈尔,2,8.25,8.244787504194012,5483,28.0,中国,"['幸福的方法', '幸福的方法']",8.197169117011757,70.57426559161217
无印良品,2,7.699999999999999,7.708183387804208,6473,54.0,日,"['家', '家']",8.040026259868899,70.55564789804663
詹姆斯·希尔顿,2,7.65,7.65979627057879,6512,24.5,中国,"['消失的地平线', '消失的地平线']",8.025740545583185,70.4784856969432
罗振宇,2,7.25,7.266664699898239,7294,39.0,中国,"['罗辑思维', '罗辑思维：成大事者不纠结']",7.911454831297471,70.37195132976004
优米网,2,7.65,7.663307707097884,6329,37.0,中国,"['史玉柱自述', '伟大是熬出来的']",8.025740545583185,70.24975254558534
陈鲁豫,2,6.95,6.971309420803417,7879,20.0,中国,"['心相约', '心相约']",7.825740545583185,70.21319514238935
王雨辰,2,8.3,8.292794589120149,5159,21.8,中国,"['每夜一个骇故事', '每晚一个离奇故事2']",8.211454831297472,70.1971970625529
當年明月 / 当年明月,2,8.9,8.87101777817352,4318,250.0,中国,"['明朝那些事兒（陸）', '明朝那些事兒 壹']",8.382883402726042,70.17126579689709
韩寒 监制,2,6.800000000000001,6.827162516833306,8126,32.0,中国,"['去你家玩好吗', '在这复杂世界里']",7.782883402726043,70.06888779955916
苏静,2,7.6,7.608946072309481,6234,35.0,中国,"['知日·断舍离', '知日·书之国']",8.01145483129747,70.00356242314624
丹尼斯·勒翰,2,8.05,8.050867728972273,5403,37.45,美,"['夜色人生', '隔离岛']",8.1400262598689,69.96266855131994
黑柳彻子,2,7.75,7.758053603426321,5915,20.0,日,"['小时候就在想的事', '丢三落四的小豆豆']",8.054311974154613,69.95504867039148
王文华,2,7.05,7.070492036580232,7343,22.0,中国,"['蛋白质女孩', '61×57']",7.854311974154614,69.91624925556734
蒋峰,2,7.9,7.9040043855571644,5600,23.5,中国,"['维以不永伤', '为他准备的谋杀']",8.097169117011756,69.88424099786945
年年,2,7.7,7.710776617328101,5950,32.9,中国,"['琥珀', '收纳空白']",8.040026259868899,69.8783972280053
陈磊 / 半小时漫画团队 / 二混子,2,7.1,7.120225538072445,7176,49.9,中国,"['半小时漫画经济学', '半小时漫画唐诗2']",7.868597688440328,69.86242058732962
海岩,2,7.8999999999999995,7.903114850674108,5552,23.5,中国,"['玉观音', '玉观音']",8.097169117011756,69.81455003195822
F·S·菲茨杰拉德,2,8.25,8.244266270624415,4939,33.5,中国,"['了不起的盖茨比', '夜色温柔']",8.197169117011757,69.71791200224382
藍淋 / 蓝淋,2,7.9,7.904402041430703,5477,180.0,中国,"['不可抗力 上', '不可抗力 下']",8.097169117011756,69.70444269052629
瓦尔特·本雅明,2,8.25,8.24261066125991,4921,16.5,德,"['单行道', '迎向灵光消逝的年代']",8.197169117011757,69.68798922634636
奥田英朗,2,7.4,7.4163712259342445,6353,37.25,日,"['精神科的故事：在游泳池', '精神科的故事：空中秋千']",7.9543119741546136,69.65463579485186
亨利·米勒,2,7.9,7.904072966562517,5442,27.4,中国,"['北回归线', '北回归线']",8.097169117011756,69.65254233536314
厄休拉·勒古恩,2,8.55,8.533929838472982,4483,36.5,美,"['地海传奇：地海巫师', '黑暗的左手']",8.282883402726043,69.64472652401062
宁航一,2,7.35,7.369283198177679,6404,29.0,中国,"['必须犯规的游戏', '新房客和活死人']",7.940026259868899,69.59301382518422
张铁志,2,7.65,7.660980354842183,5793,28.5,中国,"['声音与愤怒', '时代的噪音']",8.025740545583185,69.53965639619271
崔永元,2,7.45,7.464305978884154,6146,35.5,中国,"['不过如此', '有话说']",7.968597688440328,69.51581053953915
张贤亮,2,7.75,7.758549675665514,5588,13.5,中国,"['绿化树', '男人的一半是女人']",8.054311974154613,69.49707916611548
李零,2,7.8,7.8096795551090175,5483,39.2,中国,"['丧家狗', '花间一壶酒']",8.068597688440327,69.4673183006673
李治,2,7.55,7.562330103972973,5909,35.0,中国,"['别告诉我你懂PPT', '不懂项目管理，还敢拼职场']",7.997169117011756,69.45062435983463
库尔特·冯内古特,2,7.85,7.856914846055524,5380,28.5,美,"['囚鸟', '没有国家的人']",8.082883402726042,69.43705668122058
艾丽斯·施罗德,2,8.05,8.05003641842133,5036,39.0,美,"['滚雪球（上）', '滚雪球（下）']",8.1400262598689,69.39019065235375
王海鸰,2,7.699999999999999,7.710171062450776,5568,23.5,中国,"['新结婚时代', '中国式离婚']",8.040026259868899,69.34499159066297
西村京太郎,2,8.35,8.340700278092852,4565,95.675,日,"['七個證人', '双曲线的杀人案']",8.225740545583186,69.3133211308034
施定柔,3,7.266666666666667,7.293741946145744,6856,29.8,中国,"['迷侠记', '结爱·异客逢欢', '沥川往事（上下）']",7.835022977385286,69.20695624239872
杨昌溢,3,5.933333333333334,5.9880632301780325,12451,48.0,中国,"['香蕉哲学', '薄荷日记', '樱桃之书']",7.335022977385286,69.16660062739528
饭卡,2,8.100000000000001,8.098398635917293,4826,29.8,中国,"['他，来自火星', '海妖']",8.154311974154615,69.16471463105152
绕梁三日,2,7.8,7.807620619989388,5280,27.9,中国,"['将嫁', '憾生']",8.068597688440327,69.16297654090042
托马斯·福斯特,2,8.2,8.195330827788329,4625,44.5,美,"['如何阅读一本小说', '如何阅读一本文学书']",8.182883402726041,69.05901768094971
陆琪,2,7.65,7.66173770267342,5383,27.4,中国,"['潜伏在办公室', '婚姻是女人一辈子的事']",8.025740545583185,68.95063680787149
殳俏,2,7.65,7.661067567722449,5375,31.5,中国,"['元气糖', '吃，吃的笑']",8.025740545583185,68.9387026189876
郑辰,2,8.15,8.14836160846307,4607,41.5,中国,"['罗摩桥', '玉森画廊的客人']",8.168597688440329,68.90660771525103
漫漫何其多,2,7.699999999999999,7.710112899895141,5224,320.0,中国,"['AWM「絕地求生」VOLUME #1', 'AWM「絕地求生」VOLUME #2']",8.040026259868899,68.83235383399165
张皓宸,2,5.699999999999999,5.7535554405782285,9989,37.9,中国,"['我与世界只差一个你', '后来时间都与你有关']",7.468597688440328,68.78085447741127
李尚龙,2,6.15,6.191511703828814,8363,36.5,中国,"['你只是看起来很努力', '你所谓的稳定，不过是在浪费生命']",7.597169117011757,68.61529199675952
林清玄,2,8.05,8.050322734761759,4546,33.75,中国,"['在云上', '人生最美是清欢']",8.1400262598689,68.5571160106062
青衫落拓,2,7.15,7.173015391442092,5982,27.4,中国,"['我的名字，你的姓氏', '被遗忘的时光']",7.882883402726042,68.55489388321706
史景迁,2,7.55,7.564415164099034,5278,32.5,美,"['前朝梦忆', '王氏之死']",7.997169117011756,68.54767082780185
郭庆光,2,8.05,8.04964891777674,4502,27.0,中国,"['传播学教程', '传播学教程']",8.1400262598689,68.47796375037882
乔·纳瓦罗 / 马文·卡尔林斯,2,6.8,6.82955982669736,6572,29.4,美,"['FBI教你破解身体语言', 'FBI教你读心术']",7.782883402726043,68.41719259013105
方文山,2,7.55,7.564821971400379,5159,23.5,中国,"['关于方文山的素颜韵脚诗', '关于方文山的素颜韵脚诗']",7.997169117011756,68.36533452145098
青崎有吾,2,7.7,7.711396878079711,4901,42.0,日,"['体育馆之谜', '敲响密室之门']",8.040026259868899,68.31930759584027
森博嗣,2,7.65,7.662440673740647,4920,24.0,中国,"['全部成为F', '全部成为F']",8.025740545583185,68.22896357870806
檸檬火焰,2,7.95,7.95352424399878,4497,180.0,中国,"['束縛（上）', '束縛（下）']",8.111454831297472,68.22859490544158
茂吕美耶,2,7.7,7.710624492461126,4800,33.5,日,"['字解日本', '江户日本']",8.040026259868899,68.15192184245537
凯特·汤普森,2,7.3,7.321092524964422,5408,29.0,爱尔兰,"['寻找时间的人', '寻找时间的人']",7.925740545583185,68.12823522775443
禹岩,2,7.699999999999999,7.71108921909992,4736,133.9,中国,"['极品家丁 1', '极品家丁全集']",8.040026259868899,68.04402303696072
苗炜,2,7.25,7.272910917016125,5399,25.5,中国,"['寡人有疾', '让我去那花花世界']",7.911454831297471,67.99226302404203
貓膩,2,8.05,8.050665105634456,4220,229.5,中国,"['慶餘年 卷7', '將夜1']",8.1400262598689,67.95153380752124
樱庭一树,2,7.95,7.9526530342213775,4327,30.0,中国,"['我的男人', '赤朽叶家的传说']",8.111454831297472,67.91608235443952
折原一,2,7.35,7.371490824977943,5173,26.5,中国,"['倒错的死角', '倒错的轮舞']",7.940026259868899,67.89835137888173
郭妮,7,5.928571428571429,5.989791631099609,19648,25.0,中国,"['天使街23号 Ⅰ', '麻雀要革命Ⅰ', '天使街23号II', '麻雀要革命Ⅱ', '天使街23号. V5', '天使街23号Ⅳ', '天使街23号Ⅲ']",6.865015318256859,67.86604297793278
蔡澜,2,7.1,7.123944861466503,5567,35.0,中国,"['我决定活得有趣', '日本料理']",7.868597688440328,67.86501211544986
克莱·舍基,2,7.25,7.273595832823471,5175,44.8,美,"['未来是湿的', '认知盈余']",7.911454831297471,67.65708319278303
CLAMP / 猫井椿 / 大川七濑 / 摩可那阿巴巴,2,7.35,7.371070458489842,4982,410.0,中国,"['CLAMP学园侦探团', 'CLAMP学園探偵団 (1)']",7.940026259868899,67.59969551329527
辰东,2,7.2,7.226443119320475,5021,25.0,中国,"['神墓1·潜龙出渊', '遮天1·九龙拉棺']",7.897169117011757,67.29638635789301
乐嘉,2,7.05,7.080840573798857,5105,36.5,中国,"['“色”眼识人', '本色']",7.854311974154614,67.06146341799861
美嘉,2,7.1,7.128856915684712,4970,24.0,日,"['恋空（上）', '恋空（下）']",7.868597688440328,66.97259592758233
知乎,2,7.25,7.276775874218046,4512,42.0,中国,"['创业时', '金钱有术']",7.911454831297471,66.57265662686422
郭敬明 / 猫某人 / 陌一飞,2,6.699999999999999,6.74024974583487,5063,14.8,中国,"['小时代1.5·青木时代VOL.2', '小时代1.5·青木时代VOL.1']",7.754311974154613,66.14359847956524
赵乾乾,2,6.45,6.500029033969014,5434,38.9,中国,"['致我们单纯的小美好', '致我们暖暖的小时光']",7.682883402726042,66.07752069674345
小妮子,2,6.0,6.061870229104281,5017,20.0,中国,"['龙日一，你死定了', '恶魔之吻1']",7.554311974154614,64.36868120043756
