tag,count
小说,18888
日本,9004
中国,6398
推理,4621
历史,4228
文学,4050
外国文学,4014
美国,3887
漫画,3850
随笔,3632
英国,2731
科幻,2477
绘本,2331
中国文学,2232
散文,1968
传记,1711
文化,1696
台湾,1627
爱情,1608
电影,1605
日本文学,1515
法国,1511
悬疑,1494
哲学,1484
青春,1285
东野圭吾,1269
奇幻,1251
武侠,1135
经典,1113
诗歌,1003
村上春树,996
香港,953
社会学,946
心理学,900
艺术,876
言情,837
科普,816
社会,798
旅行,794
推理小说,792
日系推理,753
BL,751
政治,732
美国文学,684
摄影,674
童话,598
杂文,588
日本漫画,585
儿童文学,578
生活,564
Com,550
英国文学,543
德国,512
图书馆,490
法国文学,463
短篇小说,456
纪实,451
戏剧,450
大陆,444
金庸,444
散文随笔,432
女性,429
心理,429
free,423
读书,417
耽美,408
韩寒,403
亦舒,400
O,399
阿加莎克里斯蒂,397
宗教,395
长篇小说,394
意大利,393
上圖外借,376
kindle,374
张爱玲,366
当代文学,359
刘慈欣,357
短篇集,357
科幻小说,355
设计,354
轻小说,352
成长,344
岛田庄司,328
游记,326
古典文学,324
名著,321
伊坂幸太郎,321
古龙,320
王小波,319
人类学,317
拉美文学,316
余华,306
人生,305
ebook,303
入门,302
人性,300
毛姆,299
短篇,291
励志,288
网络小说,288
回忆录,281
加西亚马尔克斯,279
拉美,275
建筑,273
外国,273
午夜文库,271
当代,269
中国小说,268
侦探,258
童年,255
音乐,249
恐怖,249
电影理论,247
Kindle,243
人文,242
俄罗斯,241
文化研究,241
内地,241
文学理论,238
教育,234
中国历史,231
剧本,229
中国当代文学,228
美学,222
艺术史,218
小說,215
東野圭吾,215
穿越,212
魔幻,208
美食,208
书,208
科学,205
武侠小说,205
教材,204
管理,203
星,202
商业,199
三毛,198
工具书,198
经济,197
日本小说,194
台湾文学,192
米兰昆德拉,186
网络文学,185
思维,183
郭敬明,182
犯罪,181
安妮宝贝,181
绫辻行人,181
卡尔维诺,177
古典,177
三岛由纪夫,175
外国小说,172
诗,167
日本推理,167
博尔赫斯,166
电子书,166
玄幻,166
捷克,165
政治学,163
阿西莫夫,163
马尔克斯,163
杂志,163
互联网,162
后浪,161
经济学,160
鲁迅,160
几米,160
严歌苓,159
社科,159
青春文学,159
Borrow,158
民国,156
奥地利,156
南派三叔,155
写作,153
JK罗琳,153
治愈,152
乙一,151
反乌托邦,150
军事,150
乔治奥威尔,149
评论,148
二战,148
私藏书,148
冯唐,146
太宰治,145
哈利波特,145
思想,144
惊悚,144
西元年,144
人物传记,142
自传,142
神话,141
思想史,139
西方哲学,138
童书,137
倪匡,136
哥伦比亚,133
百家,133
长篇,131
加拿大,131
画册,131
阿根廷,131
诗词,130
侦探小说,130
推理悬疑,130
有声书,129
灵异,128
盗墓,128
情感,128
理想国,127
职场,127
现代文学,126
京极夏彦,126
DC,126
编剧,126
文学小说,126
影评,125
画集,125
搞笑,124
SF,124
文學,122
政治哲学,122
张悦然,122
百科,122
木心,122
世界史,120
战争,120
电影书,119
伤槿,119
城市,118
文学评论,117
侦探推理,117
埃勒里奎因,117
随笔散文,117
考古,116
新本格,116
饮食,115
徐汇图书馆,115
写真,114
盗墓笔记,114
校园,114
s,114
杜拉斯,113
书信,113
故事,112
国学,112
藏书,112
马伯庸,111
三联,110
儿童,110
九把刀,110
张小娴,110
stars,110
文革,109
现当代文学,109
思考,108
伊恩麦克尤恩,108
茨威格,108
近代史,107
龙应台,107
英文,107
加缪,106
美漫,106
丹布朗,106
刘瑜,105
钱钟书,105
陈丹青,105
明史,105
印度,105
绘画,104
王朔,104
幽默,104
上海译文出版社,104
非虚构,103
民俗,103
探险,103
阿兰德波顿,102
莫言,102
梁文道,102
绮艺,101
白先勇,100
自然,100
三体,100
喜马拉雅,100
人物,99
诺贝尔文学奖,99
欧洲,99
数学,99
二一七,99
蒋勋,98
雷蒙德卡佛,98
爱尔兰,98
hp,98
少年向,98
亲情,97
张大春,97
郑渊洁,97
英语,96
西泽保彦,96
诺奖,96
法律,95
温暖,95
明朝,95
苏联,95
红楼梦,95
徐皓峰,95
学术,94
谷崎润一郎,94
幻想,94
书店,93
西班牙,93
横沟正史,93
现代,92
青年向,92
李碧华,91
苏童,90
斯蒂芬金,90
动物,89
其他,89
专业相关,89
DM,89
日本文化,88
文艺,88
刘震云,88
陀思妥耶夫斯基,88
当年明月,88
通俗文学,88
艺术史研究,88
挪威,87
美术,87
杨绛,87
德国文学,87
朱天文,87
瑞典,87
历史小说,87
高木直子,86
蔡康永,86
古希腊,86
严肃文学,85
夏目漱石,85
意大利文学,85
落落,85
海外中国研究,85
路内,84
金融,84
王尔德,84
后,84
劳伦斯布洛克,83
古代,83
波兰,82
北京,82
保罗奥斯特,81
幾米,81
伊藤润二,81
中篇小说,81
集英社,81
同志,80
理论,80
松本清张,80
短经典,80
井上雄彦,80
漫畫,80
卫斯理,80
林达,79
外国名著,79
中国古典文学,79
买来读读,79
访谈,78
阅读,78
Library,78
二一八,78
年夏以往,78
猫,77
北岛,77
方法论,77
笛安,77
师太,77
时间管理,77
西西弗,77
企业管理,77
传播学,76
石黑一雄,76
吉本芭娜娜,76
晋江,76
原版,76
师图,76
尼采,75
土耳其,75
普鲁斯特,75
营销,75
汉学,75
九州,75
电影改编,75
柒书坊,75
电影原著,74
青山七惠,74
爱尔兰文学,74
桐华,74
I,74
老舍,73
巴西,73
王安忆,73
菲茨杰拉德,73
佛教,73
文学批评,72
渡边淳一,72
知日,72
阿城,71
中国近代史,71
物理,71
K,71
茅盾文学奖,70
文艺理论,70
南海出版公司,70
陪顺顺看的书,70
未读完,70
实体,70
黄仁宇,69
俄国,69
尼尔盖曼,69
治愈系,69
纳博科夫,68
奥尔罕帕慕克,68
个人管理,68
台版,68
上海译文,68
卡夫卡,67
读库,67
中短篇,67
吴念真,67
匪我思存,67
江户川乱步,67
二一六,67
Fiction,66
萧红,66
佛学,66
川端康成,66
三津田信三,66
西藏,66
三島由紀夫,66
乔治RR马丁,66
村上春樹,66
自我完善,66
才情者的小说,66
心灵,65
折原一,65
柴静,65
三国,65
戏曲,65
米泽穗信,65
首图,65
理查德耶茨,64
计算机,64
冒险,64
海明威,64
今何在,64
玛格丽特杜拉斯,64
香港文学,64
秦汉史,64
女性作家,64
朱天心,63
英文原版,63
医学,63
電影,63
日漫,63
来自图书馆,63
黑塞,62
汪曾祺,62
电影评论,62
澳大利亚,62
阿富汗,62
江南,62
诗集,61
黄碧云,61
史诗,61
沧月,61
艺术理论,61
存在主义,60
好书值得一读,60
匈牙利,60
夏达,60
道格拉斯亚当斯,60
创业,60
罗马,60
蝴蝶蓝,60
李娟,59
村上,59
性学,59
陈丹燕,59
广告,59
一般,59
文学研究,59
世纪,59
森博嗣,59
乱读,59
广西师范大学出版社,58
纪实文学,58
MOOK,58
伍迪艾伦,58
廖一梅,58
上海,58
天下霸唱,58
产品设计,58
辛夷坞,58
HarryPotter,58
赫尔曼黑塞,57
社会史,57
电影史,57
已购,57
蔡智恒,57
中国现代文学,57
国外小说,57
契诃夫,56
爱,56
沈从文,56
道尾秀介,56
塞林格,56
网络,56
猎奇,55
魏晋南北朝,55
韩国,55
古言,55
迟子建,55
余秋雨,55
学习,55
听书,55
莎士比亚,54
电影研究,54
地理,54
雷蒙德钱德勒,54
宫部美雪,54
雷米,54
麻耶雄嵩,54
鲤,54
和电影有关,54
岩井俊二,53
是枝裕和,53
伊藤潤二,53
新闻,53
网游,53
梁羽生,53
国产推理,52
语言学,52
何伟,52
创意,52
冰与火之歌,52
架空,52
繪本,52
新闻传播媒介,52
凑佳苗,51
约翰狄克森卡尔,51
贾樟柯,51
那多,51
连城三纪彦,51
唐七公子,51
文化史,51
西尾维新,51
中短篇集,51
暗黑系,51
黑色幽默,50
女性主义,50
摇滚,50
历史地理,50
伊塔洛卡尔维诺,50
AgathaChristie,50
顾漫,50
漫画绘本,50
写真集,49
讽刺,49
陈忠实,49
灵修,49
周浩晖,49
北野武,49
智利,49
柏拉图,49
古风,49
comic,49
五星,49
台灣,48
林语堂,48
俄罗斯文学,48
知识分子,48
专栏,48
时尚,48
波兰文学,48
译林出版社,48
森见登美彦,48
魔幻现实主义,48
国漫,48
小说散文随笔杂文,48
民主,47
安倍夜郎,47
死亡,47
狄更斯,47
香港电影,47
鬼吹灯,47
世纪文景,47
妹尾河童,47
俄国文学,47
虚构文学,47
路遥,46
中国科幻,46
听完的有声书,46
中国现当代文学,46
总会逝去的青春读物,46
间谍,45
恐怖漫画,45
苏珊桑塔格,45
蔡骏,45
中文小说,45
威向,45
福柯,44
加贺恭一郎,44
横山秀夫,44
社会心理学,44
圣埃克苏佩里,44
七堇年,44
乔治马丁,44
文论,44
史景迁,44
资料,44
学文化,44
单向空间,44
尤奈斯博,43
文化随笔,43
硬科幻,43
以色列,43
日记,43
读书笔记,43
美国小说,43
林夕,43
小王子,43
库切,43
安东尼,43
島田莊司,43
省图,43
思,43
英语教学,43
中长篇小说,43
法学,42
自由主义,42
家庭,42
记忆,42
垮掉的一代,42
芥川龙之介,42
易中天,42
人文社会,42
东川笃哉,42
Novel,42
耽美漫画,42
白华,42
詩歌,42
毕飞宇,41
小津安二郎,41
植物,41
虹影,41
希腊,41
自我管理,41
石田衣良,41
非洲,41
明朝那些事儿,41
短篇小说集,41
大仲马,41
慕容雪村,41
修行,41
华语小说,41
阿白藏书,41
罗兰巴特,40
寓言,40
生活读书新知三联书店,40
吸血鬼,40
文学史,40
钱穆,40
罗贝托波拉尼奥,40
沟通,40
热血,40
社会派,40
欧美推理,40
外国经典,40
P漫画,40
清史,39
韩松落,39
三浦紫苑,39
卡森麦卡勒斯,39
精神分析,39
里尔克,39
投资,39
关于书的书,39
专治梅毒,39
学术史,39
mook,39
中国哲学,39
L,39
小说网文,39
每日一小时,39
欧美系推理,39
李银河,38
弗洛伊德,38
周作人,38
曹雪芹,38
书话,38
阿瑟克拉克,38
村上龙,38
两性,38
彭浩翔,38
湊佳苗,38
深夜食堂,38
吉田修一,38
远藤周作,38
导演,38
田中芳树,38
奈保尔,38
明清,38
KU,38
群星,38
轻风,38
奉天城外图书室,38
影像化,38
冬,38
保罗柯艾略,37
农村,37
怪谈,37
福尔摩斯,37
托尔斯泰,37
叙诡,37
杂文随笔,37
性,37
温瑞安,37
流潋紫,37
幻想小说,37
优漫,37
赫拉巴尔,36
悬疑推理,36
话剧,36
杜鲁门卡波特,36
阿乙,36
直木奖,36
约翰勒卡雷,36
人民文学出版社,36
日高,36
中东,36
理财,36
English,36
中信出版社,36
育儿,36
少女向,36
宫部美幸,36
历史学,36
莫迪亚诺,36
木原音濑,36
entrepreneurship,36
孤独,35
荒木经惟,35
北欧,35
舒国治,35
笔记,35
中村明日美子,35
烂书,35
董桥,35
艾萨克阿西莫夫,35
商务印书馆,35
黑泽明,35
荒木飞吕彦,35
摄影集,35
奥地利文学,35
语言,35
运动,35
老先生,35
小基漫,35
人的艺术,35
金融投资,35
KindleVoyage,35
时评,34
卡勒德胡赛尼,34
回忆,34
国际关系,34
婚姻,34
传媒,34
志怪,34
长宁图书馆,34
旅游,34
紫金陈,34
菲利普迪克,34
手塚治虫,34
爱情小说,34
密室,34
教会我生命与死亡,34
随笔诗集,34
绘本漫画或者图集,34
古典音乐,33
捷克文学,33
贾平凹,33
麦克尤恩,33
刑侦,33
伦理学,33
艾柯,33
研究,33
养猪致富,33
格非,33
蝙蝠侠,33
张佳玮,33
奧浩哉,33
小学館,33
最爱,33
ipad电子版,33
侯孝贤,32
藤子F不二雄,32
毛尖,32
卢梭,32
张嘉佳,32
基督教,32
谈话录,32
保罗霍尔特,32
生命,32
二阶堂黎人,32
三辉图书,32
痞子蔡,32
启蒙,32
柯艾,32
高桥留美子,32
音樂,32
有栖川有栖,32
本雅明,32
于晴,32
講談社,32
艺术修养,32
同性,31
安妮,31
妖怪推理,31
日本日本,31
情色,31
游戏,31
德勒兹,31
中世纪,31
福楼拜,31
欧洲史,31
AboutMovie,31
连岳,31
基地系列,31
莫泊桑,31
大风刮过,31
青春小说,31
雨果,31
已入手,31
友邻可借,31
漫友,31
读过的实体书,31
周国平,30
生物学,30
德语文学,30
葡萄牙,30
意识流,30
暴力,30
胡适,30
科技,30
梦枕貘,30
李安,30
法国哲学,30
风弄,30
耽美小说,30
港台文学,30
编程,30
American,30
多看,30
先秦史,30
黄碧云李碧华亦舒,30
林奕含,29
国际政治,29
费孝通,29
史铁生,29
港台,29
奥威尔,29
禅,29
林少华,29
布克奖,29
胡利奥科塔萨尔,29
信仰,29
西游记,29
ACG,29
中国漫画,29
大江健三郎,29
科幻奇幻,29
格雷厄姆格林,29
泰戈尔,29
马家辉,29
野夫,29
社会文化,29
欧美漫画,29
贵志祐介,29
妖怪,29
现代都市,29
悬疑小说,29
英国小说,29
乔靖夫,29
冨樫義博,29
伦理,29
黄易,29
全职高手,29
烂,29
小说科幻,29
虚构推理,29
中国s,29
近现代史,29
重口味,28
后浪漫,28
特德姜,28
御手洗洁,28
黎戈,28
荷兰,28
青年漫画,28
戴锦华,28
在路上,28
许知远,28
安意如,28
巴尔扎克,28
方法,28
港版,28
新星出版社,28
仙侠,28
后宫,28
琼瑶,28
桂正和,28
图画书,28
中國古典文學,28
天闻角川,28
城乡,28
本国古书,28
孔飞力,27
瑞士,27
寂地,27
小说集,27
温情,27
译著,27
宝井理人,27
弗兰克米勒,27
波德莱尔,27
杰夫里迪弗,27
VS奈保尔,27
勒克莱齐奥,27
健康,27
略萨,27
谷崎潤一郎,27
董橋,27
健身,27
宇宙,27
简奥斯丁,27
肯福莱特,27
网购,27
体育,27
技术,27
西方奇幻,27
血腥,27
新闻传播,27
文学社会学,27
日本推理作家协会奖,27
新星,27
高晓松,27
周锐,27
青春成长,27
池莉,27
年读完,27
完不成的现代性,27
个人修养,27
DM漫画,27
追风筝的人,26
哲学史,26
进化,26
弗拉基米尔纳博科夫,26
西西,26
马修斯卡德,26
叔本华,26
LonelyPlanet,26
纪德,26
唐朝,26
一个,26
齐泽克,26
恰克帕拉尼克,26
李海鹏,26
鸟山明,26
刘小枫,26
hansey,26
女作家,26
万城目学,26
凤歌,26
南非,26
藤萍,26
ElleryQueen,26
古典名著,26
蔡志忠,26
阿来,26
银河系漫游指南,26
原研哉,26
江户川乱步奖,26
古典诗词,26
中国史,26
夏宇,26
中國,26
文学史研究,26
德奥,26
電影學,26
林海音,25
自由,25
政治寓言,25
阿摩司奥兹,25
八卦,25
童年记忆,25
大冰,25
法语,25
凯鲁亚克,25
中国文化,25
军事史,25
MostUnforgettable,25
帕特里克莫迪亚诺,25
牛津通识读本,25
丰子恺,25
胡兰成,25
Mook,25
奇幻小说,25
史学理论,25
富坚义博,25
日语,25
电影馆,25
读客,25
饮食文化,25
学术研究,25
百年孤独,25
石康,25
作品集,25
土产,25
词,25
青崎有吾,25
自己啓発,25
活着,24
墨西哥,24
民俗学,24
生物,24
吉永史,24
书评,24
歌德,24
约翰威廉斯,24
比利时,24
少女漫画,24
重庆出版社,24
神作,24
饶雪漫,24
小畑健,24
书信集,24
周云蓬,24
歷史,24
北村薰,24
CLAMP,24
浪花朵朵,24
童年回忆,24
野村美月,24
入,24
爱惨了,24
实体已收,24
蜗牛,24
F,24
自学编程,24
犯罪小说,23
恐怖小说,23
布尔加科夫,23
聚斯金德,23
丹麦,23
桐野夏生,23
保罗科埃略,23
罗素,23
威廉吉布森,23
悟空传,23
冯骥才,23
宋史,23
森村诚一,23
社会类书籍,23
JM库切,23
叶嘉莹,23
经管,23
古谷实,23
隋唐史,23
架空历史,23
樱庭一树,23
以赛亚伯林,23
阿尔贝加缪,23
乡土,23
雷布拉德伯里,23
挪威的森林,23
荒诞,23
猫腻,23
方方,23
救赎,23
山口雅也,23
古籍,23
翻译,23
新经典文库,23
已买,23
阮义忠,23
我想读这本书,23
馆系列,23
艺术设计,23
炫学,23
杨红樱,23
不知所云,23
历史政治,23
诗意的栖居,23
双雪涛,22
顾城,22
美术史,22
课本,22
黄永玉,22
马克吐温,22
袁筱一,22
大学,22
女人,22
图鉴,22
西班牙文学,22
演讲,22
弗吉尼亚伍尔夫,22
那多手记,22
电影书籍,22
威廉福克纳,22
重读,22
傅雷,22
OXFORD,22
巴黎,22
天文,22
清朝,22
十八岁少女疯狂抠逼,22
社会科学文献出版社,22
马世芳,22
张立宪,22
张国荣,22
秋乃茉莉,22
百家讲坛,22
譯文,22
古代文学,22
本格,22
法医,22
最世,22
简媜,22
HOME阅,22
曹禺,22
泪点,22
小说名著,22
罗飞系列,22
好,22
史学,22
世界,22
时代女子,22
莫莫大爱,22
EBOOK,22
谁不爱故事,22
樊登读书会,22
高屋良树,22
超五星漫画,22
维特根斯坦,21
进化论,21
新疆,21
红学,21
传播,21
图像小说,21
萨冈,21
安吉拉卡特,21
萨特,21
海德格尔,21
影视,21
Batman,21
白话文,21
围城,21
行走,21
吴思,21
柏杨,21
梁实秋,21
托尼朱特,21
EB怀特,21
ChuckPalahniuk,21
精神病学,21
有趣,21
画,21
打发时间顺手读,21
避孕,21
浦泽直树,21
巴金,21
日本文學,21
李泽厚,21
甄嬛传,21
清穿,21
寺山修司,21
咖啡,21
托尔金,21
叙述性诡计,21
向田邦子,21
巫鸿,21
珍妮特温特森,21
异人傲世录,21
书虫,21
北山猛邦,21
变种,21
让人舒适的小品,21
解忧,21
思维心智,21
甲骨文丛书,20
官场小说,20
考研,20
史蒂芬霍金,20
量子物理,20
周嘉宁,20
奈良美智,20
朱赢椿,20
逻辑,20
康德,20
古罗马,20
高木彬光,20
管理学,20
科学自然,20
马洛伊山多尔,20
朱利安巴恩斯,20
章诒和,20
谷口治郎,20
睡前故事,20
汤祯兆,20
诺贝尔,20
中华书局,20
译林,20
科尔姆托宾,20
自然科学,20
青山刚昌,20
比尔波特,20
余秀华,20
阎连科,20
OriginScreenplay,20
科幻世界译文版,20
李敖,20
月黑风高系,20
吃吃喝喝才是正经事,20
民族史,20
编程开发,20
电影的每一帧都曾是字句的恢宏曼妙,20
二一五,20
文論,20
卡勒德胡塞尼,19
张北海,19
哲學,19
官场,19
郁达夫,19
赫胥黎,19
聂鲁达,19
泡坂妻夫,19
马丁贝克,19
情书,19
厄休拉勒奎恩,19
新知文库,19
世界名著,19
熊培云,19
陈寅恪,19
吴晓波,19
垃圾,19
蔡澜,19
松浦弥太郎,19
灌篮高手,19
高居翰,19
欧阳应霁,19
上海人民出版社,19
以色列文学,19
霍乱时期的爱情,19
文案,19
现象学,19
阿根廷文学,19
RaymondCarver,19
后中学时代,19
交互设计,19
非单行本,19
爱伦坡,19
JD塞林格,19
BL小说,19
藝術,19
梅菲斯特奖,19
岩明均,19
广西师大,19
台版书,19
感动,19
神秘,19
汉译世界学术名著丛书,19
中国古代史,19
新垣平,19
推理类,19
八月长安,19
月樱,19
三苏,19
银河帝国,19
中文非小说,19
微信读书,19
爱情亲情,19
TC短篇漫画集,19
C恐怖系,19
消遣娱乐,19
秋,19
导演研究,19
资料汇编,19
苦难,18
法國,18
环保,18
萨拉马戈,18
斯蒂芬茨威格,18
中國中國,18
IanMcEwan,18
緒川千世,18
伊朗,18
约瑟芬铁伊,18
宫西达也,18
刘若英,18
地图,18
阴谋论,18
腐,18
朱光潜,18
加拿大文学,18
唐德刚,18
张宏杰,18
社会科学,18
足球,18
饮食减重类,18
博物,18
周克希,18
玛格丽特阿特伍德,18
生活方式,18
伍尔夫,18
邱妙津,18
平面设计,18
纪实中国,18
梦里花落知多少,18
女性文学,18
井上靖,18
书非借,18
犯罪心理学,18
大卫米切尔,18
菲利普K迪克,18
諫山創,18
設計,18
影像,18
海岩,18
恶搞,18
杰克伦敦,18
心灵成长,18
跑步,18
人生哲学,18
书法,18
我的年十佳,18
明寐,18
木原音瀬,18
美國,18
福克纳,18
社交,18
黑森,18
故宫,18
touch,18
人,18
电视或电影同名小说,18
房龙,17
现实主义,17
马克李维,17
媒体,17
物理学,17
艾丽丝门罗,17
中篇,17
黄灿然,17
朱岳,17
帕慕克,17
霍达,17
抑郁症,17
腰乃,17
GRE,17
古屋兔丸,17
宫泽贤治,17
西南联大,17
抗战,17
黑帮,17
法国大革命,17
神学,17
革命,17
晚清,17
古代史,17
科学哲学,17
坂口安吾,17
周黎明,17
小四,17
城市规划,17
Romance,17
乐评,17
柯南道尔,17
春,17
季羡林,17
马克思,17
LawrenceBlock,17
宫斗,17
养生,17
雅歌塔克里斯多夫,17
宋词,17
朱川湊人,17
罗贯中,17
双语,17
余英时,17
明代,17
Nietzsche,17
西方,17
通俗,17
钱锺书,17
Priest,17
法国小说,17
我的藏书,17
中国大陆文学,17
和儿子一起看的书,17
民族志,17
传媒相关,17
刘墉,17
角田光代,17
漫画部,17
机器人系列,17
文化批评,17
中南图书馆,17
那些青春岁月,17
个人体验,17
剧本戏剧,17
明星,17
没道理,17
电影评论或者推介,17
地方史,17
唐诗,16
华裔,16
沈复,16
黃碧雲,16
蓝淋,16
列维斯特劳斯,16
亨利米勒,16
杰克凯鲁亚克,16
阿兰罗伯格里耶,16
纳粹,16
唐诺,16
科塔萨尔,16
叶芝,16
胡里奥科塔萨尔,16
文物,16
同人,16
李洋,16
公路小说,16
南怀瑾,16
一战,16
文集,16
经济史,16
商战,16
马里奥普佐,16
法律类书籍,16
赛博朋克,16
罗杰伊伯特,16
正能量,16
同性恋,16
蒋峰,16
现代性,16
极权主义,16
米奇阿尔博姆,16
友情,16
连环画,16
贡布里希,16
碟形世界,16
小时候,16
小野不由美,16
我孙子武丸,16
金瓶梅,16
缪娟,16
心理罪,16
用户体验,16
丹西蒙斯,16
道教,16
恶童三部曲,16
傳記,16
梁漱溟,16
袁腾飞,16
寫眞集,16
神秘大陆系列,16
柯南,16
京極夏彥,16
攝影,16
篠山紀信,16
文献学,16
大爱,16
佛,16
苗炜,16
看不下去的,16
蒋方舟,16
冶文彪,16
李欣频,16
古典推理文库,16
暖心的绘本,16
行业宏观,16
kindleunlimited,16
这是历史,16
PM,16
心理灵修自我管理,16
古典小说,15
科学松鼠会,15
哲学入门,15
白鹿原,15
三联书店,15
兄弟,15
由贵香织里,15
冯友兰,15
阿兰摩尔,15
出版,15
MargueriteDuras,15
李零,15
石田裕辅,15
林清玄,15
文明,15
鲇川哲也,15
张鸣,15
托克维尔,15
世界历史,15
弗福赛斯,15
惊险,15
刀尔登,15
吕思勉,15
奇书,15
千禧三部曲,15
科学类书籍,15
Bestseller,15
焦雄屏,15
贵志佑介,15
京都,15
土耳其文学,15
特里普拉切特,15
杨显惠,15
安部公房,15
约翰伯格,15
亚洲,15
九功舞,15
超现实,15
喜剧,15
民族,15
小林泰三,15
福本伸行,15
弗诺文奇,15
UmbertoEco,15
安德烈塔可夫斯基,15
太空歌剧,15
司马辽太郎,15
美国漫画,15
张岱,15
古董,15
歌野晶午,15
八十年代,15
朝鲜,15
朱德庸,15
少女,15
曹操,15
ItaloCalvino,15
出现美景,15
孤独角色,15
有关人性,15
虚构文学长篇小说,15
梦枕獏,15
Q,15
金宇澄,15
日系,15
阿加莎,15
打斗,15
高罗佩,15
英语学习,15
时晨,15
刘心武,15
英雄志,15
友人借阅,15
audiobook,15
相爱或者死亡,15
葱花,15
我喜欢的女作家,15
repeat,15
三上延,15
书房计划,15
曾经的女孩子,15
散文随笔杂文时评,15
乔斯坦贾德,14
通识,14
梭罗,14
黄金时代,14
梵高,14
白俄罗斯,14
纪伯伦,14
豆瓣阅读,14
竹久梦二,14
辛波斯卡,14
犹太,14
菲利普罗斯,14
索尔仁尼琴,14
海因莱因,14
圣经,14
人工智能,14
韩松,14
德语,14
冯内古特,14
隐士,14
许倬云,14
日本研究,14
王跃文,14
田野调查,14
当代小说,14
科学史,14
童话儿童,14
EM福斯特,14
王国维,14
陈某,14
趣味,14
好书,14
张曼娟,14
畅销书,14
现代史,14
余杰,14
符号学,14
豪尔赫路易斯博尔赫斯,14
塔可夫斯基,14
苏格拉底,14
敦煌,14
布考斯基,14
都市,14
明晓溪,14
殊能将之,14
何马,14
山本文绪,14
NeilGaiman,14
小时候的书,14
当代艺术,14
其他小说,14
高铭,14
麦田里的守望者,14
无印良品,14
中国古典,14
匈牙利文学,14
吉米哈利,14
齐邦媛,14
记录,14
名物,14
乡村,14
山海经,14
所看十佳,14
雲田,14
梦想,14
感人,14
GeorgeRRMartin,14
非天夜翔,14
统计学,14
陆秋槎,14
逢坂刚,14
刀大,14
电子版,14
西语,14
德文,14
补遗,14
Marketing,14
南海,14
游记旅行,14
einstein,14
外国文论,14
已入,14
阿列克谢耶维奇,13
月亮和六便士,13
大师,13
娱乐,13
京极夏彥,13
斯宾诺莎,13
邓安庆,13
海外汉学,13
昆德拉,13
性别,13
葛亮,13
安东尼布朗,13
秘鲁,13
少年漫画,13
弗洛姆,13
罗伯特麦基,13
中村春菊,13
多读书,13
文艺复兴,13
PaulAuster,13
中医,13
流浪,13
海子,13
武志红,13
神话学,13
食谱,13
中国研究,13
周濂,13
毛泽东,13
冯梦龙,13
职场小说,13
挪威文学,13
布鲁诺舒尔茨,13
赫塔米勒,13
psychology,13
托马斯曼,13
麦家,13
胡金铨,13
多丽丝莱辛,13
朱生豪,13
阿伦特,13
时间,13
自杀,13
人类,13
苹果,13
现实,13
列夫托尔斯泰,13
钱理群,13
桑格格,13
钱德勒,13
园林,13
倾城之恋,13
徐志摩,13
毕淑敏,13
散文集,13
行为经济学,13
网文,13
恋爱,13
苏俄文学,13
祥瑞御免,13
BritishLiterature,13
诗经,13
杨德昌,13
德国哲学,13
博物馆,13
我们仨,13
劳伦斯,13
绘本漫画,13
电影学院,13
韩国文学,13
民族主义,13
Marvel,13
宫廷,13
小时代,13
六六,13
Mystery,13
高永,13
藏地密码,13
罗伯格里耶,13
明清史,13
原版书,13
桔子树,13
西村京太郎,13
白泉社,13
饮食漫画,13
新井一二三,13
文学少女,13
改编电影,13
口述史,13
岸本齊史,13
智商,13
罗永浩,13
社會學,13
孙晓,13
盐野七生,13
收藏,13
学习方法,13
萬象閣,13
Python,13
小说耽美,13
影视原著,13
海外中国史,13
史政,13
心智心理,13
評論,13
黒乃奈絵,13
渡航,13
书评书话,13
杂文散文随笔,13
香水,12
茅海建,12
叶广芩,12
时间旅行,12
伍绮诗,12
万历十五年,12
斯蒂芬妮梅尔,12
林徽因,12
无赖派,12
古谷實,12
彻夜流香,12
欧亨利,12
骆以军,12
贝克特,12
余光中,12
安德烈高兹,12
约翰康诺利,12
简奥斯汀,12
命运,12
駕籠真太郎,12
木卫二,12
我想和这个世界谈谈,12
王小峰,12
情人,12
切格瓦拉,12
TrumanCapote,12
全球化,12
亲子,12
韩少功,12
马克斯韦伯,12
托妮莫里森,12
普里莫莱维,12
上海图书馆,12
孙仲旭,12
尼克霍恩比,12
宫崎骏,12
看见,12
陈冠中,12
安兰德,12
吳念真,12
classics,12
中国当代,12
芥川奖,12
乔布斯,12
撒哈拉的故事,12
铁葫芦,12
考古学,12
彼得海斯勒,12
唐隐,12
何兆武,12
WoodyAllen,12
北条司,12
论语,12
叶兆言,12
儒勒凡尔纳,12
何夕,12
哈利霍勒,12
萨默塞特毛姆,12
武俠,12
朱文,12
藤原伊织,12
卡佛,12
了不起的盖茨比,12
安德系列,12
張愛玲,12
小仲马,12
译文经典精装本,12
考据,12
老北京,12
茂吕美耶,12
智利文学,12
魏君子,12
童年读物,12
自我成长,12
蒂姆伯顿,12
楚留香,12
JaneAusten,12
文艺评论,12
服饰,12
评书,12
九夜茴,12
土屋隆夫,12
麦肯锡,12
SHOOWA,12
田米蔵,12
GTD,12
金田一耕助,12
进化心理学,12
鲍鲸鲸,12
宮部,12
天童荒太,12
埃莱娜费兰特,12
暖菊,12
比较文学,12
陈渐,12
山本弘,12
萨苏,12
史蒂夫乔布斯,12
电影馆丛书,12
周汝昌,12
旅行游记,12
虚构,12
发现之旅,12
思维方法,12
TC长篇漫画,12
至爱,12
借阅,12
简帛,12
静雅思听,12
苏东坡,11
博物学,11
巴西文学,11
冷战,11
人类史,11
智慧,11
加布瑞埃拉泽文,11
臺灣臺灣,11
基文,11
大卫波德维尔,11
巴别尔,11
石川啄木,11
阿巴斯,11
范晔,11
马未都,11
水浒,11
小椴,11
文德斯,11
笑话,11
奥斯卡王尔德,11
姚非拉,11
栾保群,11
传奇,11
艾米莉勃朗特,11
抄袭,11
夏目,11
JKRowling,11
钱莉芳,11
林青霞,11
梁启超,11
城市史,11
战略,11
吴闲云,11
太平天国,11
平山梦明,11
犹太人,11
王树增,11
处世,11
访谈录,11
波拉尼奥,11
东南亚,11
胡安鲁尔福,11
汉字,11
乔伊斯,11
庄雅婷,11
老子,11
平凡的世界,11
哆啦A梦,11
基地,11
蔡崇达,11
维姆文德斯,11
INK,11
规划,11
汝龙,11
屠格涅夫,11
近代,11
后现代,11
夏树静子,11
人类简史,11
香港漫画,11
罗曼罗兰,11
陆小凤,11
三重门,11
孙睿,11
南非文学,11
浪漫主义,11
司汤达,11
四大名捕,11
IanMcewan,11
纽约,11
普希金,11
购于书店,11
杜拉拉升职记,11
尼日利亚,11
丹尼尔凯斯,11
潘海天,11
何以笙箫默,11
狗,11
四大名著,11
伊莱娜内米洛夫斯基,11
结构主义,11
新小说,11
汪民安,11
苏珊柯林斯,11
银河英雄传说,11
森見登美彥,11
埃特加凯雷特,11
随笔专栏散文杂文,11
SusanSontag,11
刘亮程,11
七曜文库,11
恩田陆,11
名侦探柯南,11
李承鹏,11
湊,11
罗马尼亚,11
茅盾,11
二月河,11
安迪沃霍尔,11
达芬奇密码,11
森山大道,11
小学,11
日本史,11
老六,11
安德烈纪德,11
八木教広,11
果戈理,11
新闻学,11
手工,11
教科书,11
山冈庄八,11
程耳,11
古代言情,11
五星满分书,11
学文学必看,11
值得再读,11
李开复,11
岛田洋七,11
个人成长,11
云荒,11
killtime,11
通俗读物,11
黄金时期,11
埃及,11
饥饿游戏,11
天地有大美而不言,11
梦野久作,11
约翰狄克逊卡尔,11
五星大赏,11
唐家三少,11
电影资料,11
亚文化,11
俄苏文学,11
生活常识,11
建筑史,11
烟雨江南,11
史,11
阿狸,11
才子,11
我想买,11
悬儿,11
工具实用,11
外国s,11
毛时代,11
司法,11
人不要脸天下无敌,11
傻逼读物系列,11
苏轼,10
移民,10
资中筠,10
宪政,10
现代主义,10
翁贝托埃科,10
甲骨文,10
拜占庭,10
本哈德施林克,10
小波,10
暮光之城,10
车田正美,10
费曼,10
希腊神话,10
作家,10
白睿文,10
庆山,10
乌拉圭,10
宮部美幸,10
TimBurton,10
筒井康隆,10
牧羊少年奇幻之旅,10
真实,10
柏格森,10
铃木光司,10
西德尼谢尔顿,10
阿德勒,10
杜琪峰,10
明清小说,10
股票,10
大历史,10
反右,10
索尔贝娄,10
布罗茨基,10
弗兰纳里奥康纳,10
威廉萨默塞特毛姆,10
王永年,10
阿利斯泰尔麦克劳德,10
教父,10
群体心理学,10
中国国家地理图书系列,10
阿多尼斯,10
JRRTolkien,10
尤瓦尔赫拉利,10
井上厦,10
费里尼,10
家居,10
IT,10
字典,10
筱原千绘,10
兰波,10
围绕电影那些事,10
经学,10
北京大学出版社,10
北京联合出版公司,10
海莲汉芙,10
颜歌,10
巴迪欧,10
米沃什,10
经典与解释,10
视觉,10
百科全书,10
欧美文学,10
逻辑学,10
查令十字街号,10
花沢健吾,10
浦沢直樹,10
蒙元史,10
陪安东尼度过漫长岁月,10
现代小说,10
收获,10
不能承受的生命之轻,10
杨照,10
望月峰太郎,10
工业设计,10
绿妖,10
赛伯朋克,10
分卷,10
囧叔,10
葡萄牙文学,10
宝树,10
谜斗篷,10
达希尔哈米特,10
ACClarke,10
言情小说,10
创新,10
丝绸之路,10
童心,10
乾胡桃,10
刀城言耶,10
不可能犯罪,10
谏山创,10
施耐庵,10
张枣,10
郭沫若,10
荷马,10
安伯托艾柯,10
波德里亚,10
大学教材,10
最爱短篇,10
JDSalinger,10
言论自由,10
边城,10
格林兄弟,10
凡尔纳,10
南方周末,10
Photography,10
中国古代文学,10
插画,10
传统文化,10
电影丛书,10
手工艺,10
克尔凯郭尔,10
电影批评,10
剪辑,10
笛卡尔,10
庄子,10
道家,10
人际关系,10
calvino,10
井上雄彥,10
史学史,10
米二,10
虚构文学情感小说,10
哥特,10
姜戎,10
柬埔寨,10
恐怖宠物店,10
小椋,10
草間,10
Fantasy,10
都市恐怖病,10
豆瓣,10
缥缈录,10
传记自传,10
我的藏書,10
傅高义,10
辻村深月,10
陈凯歌,10
安房直子,10
有川浩,10
武汉,10
赫尔克里波洛,10
围棋,10
魏晋,10
罗杰泽拉兹尼,10
日本四大推理奇书,10
全球史,10
椿,10
法兰克福学派,10
诛仙,10
自宅书,10
生命写成的书,10
宋朝,10
隈研吾,10
非虛構寫作,10
很久以前读过了,10
叶三,10
坂本龙一,10
LOVE,10
译文纪实,10
医疗史,10
白石一文,10
政治史,10
政治经济,10
卡洛斯鲁依斯萨丰,10
九久,10
江国香织,10
那些我所钟爱的,10
荒川弘,10
小山宙哉,10
完善自我,10
图画,10
JohnDicksonCarr,10
经济金融,10
我脑子进水了才看这东西,10
最近想读,10
常识,9
波伏瓦,9
动漫,9
郝景芳,9
苏俄,9
反腐,9
都梁,9
王晋康,9
皮兰德娄,9
茶道,9
乔志高,9
设定集,9
不一样的卡梅拉,9
郝明义,9
迈克,9
奥康纳,9
莲花,9
闲书,9
霍金,9
SciFi,9
FS菲茨杰拉德,9
胡续冬,9
伊斯兰,9
美国史,9
海军,9
大数据,9
杂书,9
蒋廷黻,9
吉敷竹史,9
暗黑,9
高阳,9
潜规则,9
张承志,9
风行水上,9
PeterHessler,9
王鼎钧,9
罗伯特穆齐尔,9
斯台芬茨威格,9
哈代,9
亨利詹姆斯,9
送你一颗子弹,9
朱川凑人,9
松本大洋,9
山白朝子,9
黄玉郎,9
日历,9
麦卡勒斯,9
董啟章,9
冷硬派,9
企业史,9
有空重温这些书,9
讲得动听的故事,9
王力,9
笠井洁,9
上海文艺出版社,9
马基雅维利,9
洛丽塔,9
自由鸟,9
Alice,9
桑德拉希斯内罗丝,9
希区柯克,9
武内直子,9
致我们终将逝去的青春,9
杜拉拉,9
呼啸山庄,9
卡耐基,9
木子美,9
大卫林奇,9
安达充,9
希尔弗斯坦,9
黑柳彻子,9
厄休拉勒古恩,9
青春期,9
黑暗森林,9
纯爱,9
剧作,9
nook,9
陈升,9
世界科幻大师丛书,9
Comic,9
统计,9
古代故事,9
小S,9
亚里士多德,9
特里伊格尔顿,9
弗吉尼亚伍尔芙,9
山本耀司,9
poetry,9
波洛,9
中村光,9
高尔基,9
塞万提斯,9
精神病,9
基督山伯爵,9
人文社科,9
陈舜臣,9
电影分析,9
芥川龙之介奖,9
冯至,9
随笔杂文,9
高中,9
轻松,9
舒國治,9
吉登斯,9
投资理财,9
纪录片,9
冯小刚,9
环境史,9
幻城,9
德川家康,9
卡波特,9
安徒生,9
相见不如怀念,9
赫连勃勃大王,9
有关人生,9
成长励志系,9
淡淡忧伤,9
书名控,9
古装,9
小清新,9
步非烟,9
罗尔德达尔,9
Innocence,9
杀手系列,9
黑暗塔,9
Lens,9
成功学,9
廖信忠,9
实用,9
客心,9
库尔特冯内古特,9
VladimirNabokov,9
早坂吝,9
克里希那穆提,9
钟晓阳,9
喜欢的小说,9
电影影评,9
脑科学,9
鸡汤,9
老周,9
我的必看,9
塔希里亚,9
永远的童话,9
艺术的洗礼,9
读不下去,9
萨义德,9
刘猛,9
达德书院,9
人民文学,9
图像史,9
博物馆研究,9
初中,9
精神心理,9
藤泽周平,9
推理与悬疑并存,9
影,9
T电影,9
东北我的东北,9
南北朝,9
水千丞,9
小说言情,9
磨刀擦枪,9
航空,9
版本学,9
杭州,9
pic,9
知识就是力量,9
安德烈斯帕克沃斯基,9
list,9
过眼云烟,9
社会社交,9
夏,9
人文史哲社科心理,9
交通史,9
威廉戈尔丁,8
西蒙娜德波伏娃,8
哈耶克,8
财经,8
欧漫,8
中国美术史,8
哈珀李,8
瓦尔登湖,8
RichardYates,8
好莱坞,8
动画,8
巴黎评论,8
杜鲁门卡波蒂,8
川上弘美,8
塞尔努达,8
编辑,8
老人与海,8
芬兰,8
创作谈,8
阿瑟米勒,8
雨果奖,8
肖全,8
基因,8
方志,8
WimWenders,8
牛津通识,8
悉德菲尔德,8
Architecture,8
穆斯林的葬礼,8
冯象,8
杰夫范德米尔,8
宫本辉,8
家族史,8
姜文,8
迈克尔翁达杰,8
于坚,8
占星,8
弥尔顿,8
留学,8
阿拉伯,8
杨奎松,8
罗杰克劳利,8
曾国藩,8
华尔街,8
康拉德,8
托马斯品钦,8
弗朗索瓦丝萨冈,8
若泽萨拉马戈,8
彼得梅尔,8
瓦尔特本雅明,8
莫里斯布朗肖,8
咪蒙,8
日村上春树,8
谷川俊太郎,8
堀辰雄,8
忧伤,8
论文,8
产品经理,8
安藤忠雄,8
信,8
圣埃克絮佩里,8
林奕华,8
夏志清,8
案例,8
吴飞,8
吴淼,8
DanBrown,8
性别研究,8
种族,8
史记,8
上海三联书店,8
上海古籍出版社,8
海外,8
赖声川,8
巴别塔之犬,8
伊格尔顿,8
安德烈艾席蒙,8
关于电影,8
priest,8
保罗福塞尔,8
香港文學,8
红玫瑰与白玫瑰,8
温馨,8
桑贝,8
星新一,8
design,8
UI,8
极简,8
艾米,8
斯坦贝克,8
北欧神话,8
丹艾瑞里,8
TOEFL,8
袁枚,8
南京,8
外国诗歌,8
电影随笔,8
欧美,8
厄普代克,8
间谍小说,8
克苏鲁,8
王道乾,8
纳兰容若,8
张晓舟,8
哲思,8
大山诚一郎,8
日本推理小说,8
推理小說,8
台灣文學,8
李长声,8
thCenturyAmericanLit,8
奥斯丁,8
何帆,8
童话绘本,8
心智,8
格林童话,8
朝花夕拾,8
鹿鼎记,8
可爱淘,8
金子,8
新民说,8
苏菲的世界,8
黄佟佟,8
思想社會人文,8
清明上河图,8
吃,8
日本电影,8
驾笼真太郎,8
古文,8
浮生六记,8
颓废,8
thinking,8
夏洛蒂勃朗特,8
止庵,8
安德烈巴赞,8
马克思主义,8
印象派,8
传统,8
非虚构写作,8
梁鸿,8
茅于轼,8
敦煌学,8
大家小书,8
水城,8
法国漫画,8
战国,8
年年,8
洪晃,8
世纪三部曲,8
虚构文学青春小说,8
生活人文系,8
一生必看,8
堪称神作,8
秀良子,8
永井三郎,8
Biography,8
阿婆,8
杀手,8
一个人的好天气,8
五年级,8
秦文君,8
长安乱,8
神雕侠侣,8
韦力,8
佛经,8
左小祖咒,8
Fashion,8
王度庐,8
可信不可信,8
特朗斯特罗姆,8
田纳西威廉斯,8
白茶,8
开卷八分钟,8
LOTR,8
约翰斯卡尔齐,8
纳尼亚传奇,8
清静,8
雅诺什,8
丸尾末广,8
邓小平,8
王晓磊,8
安迪威尔,8
濑在丸红子之V系列,8
电视,8
柏邦妮,8
哈金,8
鲍德里亚,8
舍伍德安德森,8
掌故,8
荞麦,8
沟通技巧,8
海洋史,8
DD,8
拉康,8
李开元,8
柳广司,8
游行走,8
设计总是不安分的,8
让你多了解一些的压底砖,8
国名系列,8
景观,8
研究方法,8
隨筆,8
堀北真希,8
国图,8
乡土中国,8
图像,8
视觉研究,8
杜甫,8
宗教哲学,8
古建筑,8
思卓私房课,8
大卫奥格威,8
青铜器,8
普利策,8
Manbooker,8
陈雪,8
小说盗墓,8
照片,8
哲学美学,8
彭懿,8
自学日语,8
树下野狐,8
超人,8
云中歌,8
张洁,8
罗伯特海因莱因,8
墨宝非宝,8
电子竞技,8
公子欢喜,8
潭影闲话,8
外语学习,8
莫里亚克,8
随音乐跳舞,8
恐怖书,8
苏联俄罗斯文学,8
文化文化研究文化批评文化史,8
盗墓探险,8
Left,8
初中记忆,8
周易,8
出土文献,8
哥伦比亚加西亚马尔克斯,8
人物聚焦,8
老书们,8
解构主义,7
纽约客,7
犯罪学,7
勒庞,7
白乙一,7
痞子,7
岛,7
武术,7
人间失格,7
米國米國,7
香港香港,7
英國英國,7
博弈论,7
伊夫林沃,7
欧内斯特海明威,7
焦菊隐,7
火车,7
佐野洋子,7
散文诗,7
李渔,7
尤瑟纳尔,7
昆虫,7
新西兰,7
李继宏,7
传说,7
吴虹飞,7
陆灏,7
方言,7
莱姆,7
今敏,7
灾难,7
古屋兎丸,7
石黒正数,7
马雁,7
星野道夫,7
约翰欧文,7
创作,7
义和团,7
小泉八云,7
抗日战争,7
权谋,7
谍战,7
大屠杀,7
彼得海勒斯,7
政治惊险小说,7
黑客,7
最佳权谋手册,7
报告文学,7
尤金奥尼尔,7
翁贝托艾柯,7
戴望舒,7
阿刀田高,7
孔庆东,7
巴勃罗聂鲁达,7
伽利略,7
古拉格,7
PKD,7
特吕弗,7
塞尔维亚,7
空间,7
丰饶之海,7
林文月,7
琴谱,7
词典,7
奋斗,7
PattiSmith,7
朱少麟,7
作家出版社,7
麦克卢汉,7
尼尔波兹曼,7
沙漠,7
流沙河,7
彼岸花,7
笑傲江湖,7
灵性,7
汉娜阿伦特,7
书痴,7
查尔斯狄更斯,7
策划,7
被窝是青春的坟墓,7
成都,7
阿兰巴迪欧,7
洛尔迦,7
邓晓芒,7
爱德华勒维,7
诗学,7
启蒙运动,7
生活在别处,7
卡尔,7
骑行,7
宅斗,7
石黑正数,7
奥纳夫古尔布兰生,7
葛兆光,7
在线,7
疼痛,7
大神,7
外企,7
通信理论,7
海边的卡夫卡,7
水浒传,7
春宴,7
失乐园,7
浦睿文化,7
宠物,7
SK,7
神怪,7
休闲,7
克莱尔吉根,7
滚石,7
中国科幻基石,7
地球往事,7
三十,7
幻象文库,7
九州幻想,7
冷硬,7
詹姆斯凯恩,7
陈绮贞,7
少年,7
洛夫克拉夫特,7
超能力,7
袁珂,7
国产漫画,7
丧尸,7
丁墨,7
法月纶太郎,7
周德东,7
侦探伽利略系列,7
伽利略系列,7
仁木悦子,7
綾辻行人,7
动漫亚文化,7
曹文轩,7
荻野真,7
许舜英,7
美国梦,7
扬马特尔,7
闻一多,7
朱自清,7
魔戒,7
冰心,7
悲剧,7
飘,7
射雕英雄传,7
韩国小说,7
考琳麦卡洛,7
译文经典,7
唯美主义,7
毛丹青,7
生死,7
殳俏,7
栗山千明,7
认识电影,7
认识电影插图第版,7
路易斯贾内梯,7
精典文库,7
乌托邦,7
中国近现代史,7
怪力乱神,7
高尔泰,7
饶平如,7
神秘学,7
飞行,7
怀旧,7
口述,7
严明,7
英國,7
田原,7
philosophy,7
biography,7
赵鼎新,7
生活美学,7
复仇,7
傲慢与偏见,7
狼,7
看不见的城市,7
传播理论,7
茶,7
通俗历史,7
正义联盟,7
山田,7
台湾绘本,7
性教育,7
东霓,7
harrypotter,7
王小柔,7
朱元璋,7
湘西,7
值得一口气看完,7
困境文学,7
残酷文学,7
装帧控,7
Ipad阅,7
变迁仪式,7
二战史,7
龙族,7
星空,7
手稿,7
表演,7
池玲文,7
深井結己,7
木下子,7
Essay,7
水木丁,7
电影制作,7
唐纳德里奇,7
手机书,7
British,7
吉卜力,7
火禾,7
杰西艾森伯格,7
渥丹,7
斯蒂格拉森,7
刘易斯,7
clamp,7
三生三世,7
常书欣,7
星云奖,7
奥田英朗,7
舞台剧,7
生死遗忘,7
恋爱小说,7
机器学习,7
欧文亚隆,7
考试,7
那不勒斯四部曲,7
蒋晓云,7
影响于我,7
昆曲,7
郭德纲,7
汪涵,7
张贤亮,7
西方文学,7
运营,7
欧美推理十大密室,7
日本推理四大奇书,7
认知科学,7
胡因梦,7
素年锦时,7
陆烨华,7
今邑彩,7
蔡明亮,7
川原砾,7
刘同,7
泉镜花,7
迷失在路上,7
白云典藏,7
品牌,7
顾湘,7
本格推理,7
卫西谛,7
万卷,7
GrahamGreene,7
采访,7
罗马文学,7
儿童教育,7
影集写真,7
贵州,7
西域,7
威廉特雷弗,7
财商,7
口奈吖,7
iPad,7
温暖人心的力量,7
城屋物,7
PDF,7
anni,7
浦睿,7
耳根,7
化学,7
看别人写字,7
小说武侠,7
L小说,7
TC中篇漫画,7
绿皮书系列,7
东山魁夷,7
窥,7
京东,7
西方文论,7
wagner,7
poe,7
sartre,7
钟立风,7
得到,7
新媒体,7
MPA,7
堺雅人,7
Fav,7
ArtMuseum,7
WTF,7
华语推理,7
装修,7
小桥老树,7
手枪,7
繁體書,7
通俗小说当代,7
让雅克卢梭,7
gay,7
在我想起来拾遗书,7
LMM,7
人物传记或者画传,7
元典,7
译注,7
日东野圭吾,7
LGBT,6
托马斯潘恩,6
HermannHesse,6
亨廷顿,6
本方登,6
呼延云,6
冷战史,6
入门书,6
欧文斯通,6
十一种孤独,6
雾舍巧,6
阿尔弗雷德贝斯特,6
马尔库塞,6
乔纳森弗兰岑,6
马克安托万马修,6
托马斯沃尔夫,6
君特格拉斯,6
黄昱宁,6
门罗,6
徐四金,6
刘以鬯,6
东欧,6
申赋渔,6
米切尔恩德,6
穆齐尔,6
陈志勇,6
亚历山德罗巴里科,6
顾爷,6
机器猫,6
安东尼奥尼,6
佩内洛普菲兹杰拉德,6
EBWhite,6
谋杀,6
世说新语,6
风水,6
鬼怪,6
荷尔德林,6
杂谈,6
莱昂内,6
陈嘉映,6
志水,6
可购,6
词汇,6
黑格尔,6
唯美,6
WSomersetMaugham,6
BohumilHrabal,6
英文版,6
费尔南多佩索阿,6
经典名著,6
辛亥革命,6
地缘政治,6
张纯如,6
民国史,6
韦伯,6
路易斯塞普尔维达,6
玛格丽特尤瑟纳尔,6
陈德文,6
詹姆斯乔伊斯,6
阿斯图里亚斯,6
又吉直树,6
和菜头,6
杜尚,6
查克帕拉纽克,6
顾随,6
职业规划,6
匆匆那年,6
河合隼雄,6
七龙珠,6
中国国家地理,6
陌一飞,6
杂七杂八,6
芦苇,6
李樯,6
杉本博司,6
村上隆,6
温暖的书,6
天籁纸鸢,6
周梦蝶,6
永井荷風,6
蒲宁,6
佩索阿,6
帕乌斯托夫斯基,6
钢琴,6
梁思成,6
侯麦,6
法律史,6
北村,6
春风文艺出版社,6
癌症,6
环境,6
色诺芬,6
中国推理,6
哭泣的骆驼,6
迈克尔麦尔,6
八旗文化,6
卡罗琳帕克丝特,6
中国电影出版社,6
钟芳玲,6
长江文艺出版社,6
海南出版社,6
旅行文学,6
女权,6
樱桃之远,6
誓鸟,6
水仙已乘鲤鱼去,6
原来你非不快乐,6
鹿桥,6
尼古拉斯斯帕克思,6
池袋西口公园,6
我的前半生,6
庄羽,6
芒果街上的小屋,6
身体,6
辞典,6
视觉文化,6
施特劳斯,6
王阳明,6
叙事学,6
历史哲学,6
山崎丰子,6
少女漫,6
德鲁克,6
成田良悟,6
悲伤逆流成河,6
寐语者,6
左耳,6
西决,6
都市言情,6
万物生长,6
卡德,6
高军,6
四方田犬彦,6
SA阿列克谢耶维奇,6
玛格丽特米切尔,6
三国演义,6
创意写作,6
电影语言,6
大刘,6
角色扮演,6
罗伯特索耶,6
托宾,6
笔记小说,6
北欧犯罪小说,6
中国书,6
嫌疑人X的献身,6
樋口一叶,6
专业,6
青马文库,6
建築,6
中國歷史文化,6
光影,6
我的最爱,6
魔兽世界,6
亲王,6
张海帆,6
魔术,6
島田荘司,6
本格派,6
但丁,6
布尔迪厄,6
六年级,6
VirginiaWoolf,6
JamesJoyce,6
JeanetteWinterson,6
佐野菜見,6
外星人,6
绾青丝,6
步步惊心,6
私小说,6
江湖,6
随笔散文杂文,6
家具,6
语录,6
張大春,6
HP,6
平如美棠,6
Tango,6
手绘,6
刘宇昆,6
贾想,6
卡帕,6
伍尔芙,6
禅宗,6
陶立夏,6
郝舫,6
哲理,6
阅读方法,6
新周刊,6
卜正民,6
龍應台,6
北欧文学,6
图说天下,6
通史,6
中国诗歌,6
朦胧诗,6
愛情,6
novel,6
上古,6
vampire,6
张定浩,6
Bergson,6
批评,6
张铁志,6
认知,6
Foucault,6
刘香成,6
当代中国,6
民俗文化,6
张潮,6
社会学人类学,6
陆文夫,6
理想,6
记者,6
半自传,6
数学史,6
顾颉刚,6
世图,6
切尔诺贝利,6
红拂夜奔,6
R,6
战争史,6
M,6
虐,6
弗雷德里克巴克曼,6
瑞典文学,6
情商,6
电视剧,6
学校,6
奇幻科幻魔幻系,6
婚姻伦理系,6
令人反思,6
浪漫,6
虚构文学纪实小说,6
李欧梵,6
伊斯坦布尔,6
青山裕企,6
尼罗,6
常新港,6
心经,6
Memory,6
Twentine,6
那些忧伤的年轻人,6
阿仁谷,6
Prose,6
History,6
小丑,6
巴赞,6
安东尼伯吉斯,6
张彻,6
孟京辉,6
玄幻小说,6
他的国,6
国内所谓的儿童文学,6
最小说,6
光荣日,6
法医秦明,6
虚渊玄,6
经典民族志,6
海宴,6
反思,6
孤独六讲,6
大旗虎皮,6
前,6
Nippon,6
丹尼斯勒翰,6
小宝,6
李翰祥,6
迪伦马特,6
古华,6
青年电影手册,6
邵氏,6
E伯爵,6
耶利内克,6
李霄峰,6
此间的少年,6
白岩松,6
伊藤计划,6
制度,6
驰星周,6
杨葵,6
知识,6
堀田,6
唐缺,6
AI,6
企业,6
周梅森,6
明前雨后,6
les,6
生鲜,6
爱自己,6
中文经典,6
安妮普鲁,6
变格,6
西游,6
玄奘,6
张艺谋,6
meiya,6
思维模式,6
失恋天,6
小路幸也,6
奥森斯科特卡德,6
輕小說,6
新武侠,6
茅山后裔,6
篮球,6
长门有希的一百本,6
清凉院流水,6
高银,6
暗夜系,6
缅甸,6
小克,6
藏传佛教,6
亮剑,6
阿甘本,6
焦桐,6
孟晖,6
報導文學,6
思维方式,6
石挥,6
杰弗瑞迪佛,6
万玛才旦,6
薛忆沩,6
吴于廑,6
董启章,6
楳图一雄,6
五之堂,6
赠书,6
奎因,6
爱丽丝门罗,6
城市研究,6
正午,6
李白,6
德国小说,6
设定画集,6
黔东南,6
包豪斯,6
易卜生,6
胡迁,6
李静睿,6
奥美,6
馬奎斯,6
拉丁美洲,6
形而上学,6
LeonardCohen,6
长着翅膀的大灰狼,6
布列松,6
让艾什诺兹,6
北洋,6
保罗乔尔达诺,6
文史,6
B,6
沈宏非,6
TN长篇小说,6
C科幻系,6
美術,6
靡宝,6
建筑理论,6
克里斯蒂安娜布兰德,6
空军,6
王怡,6
网易蜗牛读书,6
日本相关,6
图书馆借阅,6
生活讀書新知三联书店,6
罗马史,6
让波德里亚,6
英国史,6
苏斯博士,6
各种评论,6
先秦诸子,6
生物学薬学,6
禅学,6
恒殊,6
get,6
九龍策,6
证券,6
D伯爵,6
海青拿天鹅,6
韩露,6
COOL,6
万圣,6
lesbian,6
艺术艺术史美术美术史,6
文学研究文学理论文学批评文学史,6
诗歌集评,6
广图,6
已卖,6
华语,6
中哲,6
Podcast,6
文化生活新知,6
侠隐,5
筱山纪信,5
帕特里克聚斯金德,5
菊与刀,5
西方美术史,5
中野京子,5
城堡,5
法哲学,5
阿勒泰,5
焦元溥,5
哲学家,5
人民的名义,5
我的精神家园,5
白银时代,5
毛姆月亮和六便士,5
妙莉叶芭贝里,5
TS艾略特,5
艾略特,5
书的书,5
媒介,5
邵牧君,5
特德蒋,5
西尔维娅普拉斯,5
约克米勒,5
轩乐,5
爱德华多加莱亚诺,5
克洛德西蒙,5
英若诚,5
小野洋子,5
影集,5
叶君健,5
詹宏志,5
遗作,5
杉浦日向子,5
潘帕,5
董乐山,5
许子东,5
苏丝黄,5
讣告,5
谢立文,5
谢娜,5
减肥,5
碑刻,5
方术,5
地铁,5
高更,5
云无心,5
classicsf,5
SylviaPlath,5
时间简史,5
比利时文学,5
彼得施塔姆,5
效率,5
末日,5
孙隆基,5
RogerEbert,5
RomainRolland,5
陳冠中,5
朝鲜战争,5
知青,5
约翰基根,5
金观涛,5
反恐,5
武则天,5
隋唐,5
先锋派,5
张晓晗,5
宁浩,5
历史类书籍,5
农业,5
道金斯,5
少国别,5
巴尔干,5
诺顿讲座,5
斯洛文尼亚,5
克拉丽丝李斯佩克朵,5
山本英夫,5
沙村广明,5
人生规划,5
鸦片战争,5
政治经济学,5
迈克尔桑德尔,5
尾田荣一郎,5
很值得推荐的一本书,5
夏至未至,5
如何阅读一本书,5
LP,5
雪满梁园,5
米洛拉德帕维奇,5
賴香吟,5
鲁迅先生,5
米兰昆,5
岁,5
清水玲子,5
fiction,5
南海出版社,5
南京大学出版社,5
JackKerouac,5
伊藤高见,5
对话,5
时空,5
行为学,5
废名,5
音韵学,5
陈白露,5
海棠,5
未读,5
斯维特兰娜阿列克谢耶维奇,5
九州出版社,5
哈罗德布鲁姆,5
威廉曼彻斯特,5
漓江出版社,5
阿马蒂亚森,5
RR帕尔默,5
乔科尔顿,5
劳埃德克莱默,5
世界图书出版公司,5
波伏娃,5
解读,5
许三观卖血记,5
一座城池,5
我的名字叫红,5
苏小懒,5
山楂树之恋,5
喜宝,5
宗白华,5
王汎森,5
齐奥朗,5
布鲁姆,5
梅列日科夫斯基,5
教程,5
稻盛和夫,5
十四郎,5
微笑的猫,5
李可,5
舒仪,5
萌芽,5
悲观主义的花朵,5
悲观,5
鄂温克,5
海堂尊,5
萨德,5
摄影理论,5
海桑,5
哈尼夫库雷西,5
一个陌生女子的来信,5
加泽文,5
卡洛罗韦利,5
死神,5
蒙哥玛利,5
疗愈,5
丁丁历险记,5
JRR托尔金,5
许崧,5
玛赞莎碧,5
弯弯,5
石田,5
弗雷德里克福赛斯,5
超自然,5
中国当代小说,5
梦,5
大鹏,5
大话西游,5
目送,5
戴维洛奇,5
安伯托埃柯,5
萨拉沃特斯,5
精神,5
情致,5
恶意,5
侦探推理悬疑,5
伏尼契,5
柄谷行人,5
吴晓东,5
高见广春,5
设计与文化,5
AlbertCamus,5
席慕蓉,5
RoaldDahl,5
文化苦旅,5
英汉对照,5
阿澜卢,5
忏悔录,5
李笑来,5
深雪,5
波波,5
变形记,5
韩邦庆,5
谢海盟,5
赵广超,5
待重读,5
北京新星出版社,5
林西莉,5
野史,5
民间故事,5
故乡,5
photography,5
果麦,5
中短篇小说,5
离线,5
楚尘文化,5
物质文化,5
民艺,5
乌合之众,5
国家地理,5
老照片,5
PatrickModiano,5
周星驰,5
自然文学,5
感悟,5
幻灭,5
真性情,5
白话,5
情欲,5
村庄,5
李碧華,5
玛琳娜柳薇卡,5
乌克兰,5
阿巴斯基阿鲁斯达米,5
埃尔南里维拉莱特列尔,5
诗人,5
夹边沟记事,5
读书计划,5
扎米亚京,5
马奈,5
新浪潮,5
戈达尔,5
陈映真,5
郑也夫,5
詩,5
闲情偶寄,5
美食文化,5
少有人走的路,5
孟非,5
亲爱的英伦风少年,5
城南旧事,5
荒废集,5
怀特,5
美學,5
谷岳,5
哥哥,5
严耕望,5
积极心理学,5
香港小说,5
时代,5
社会现象,5
京华烟云,5
小时代折纸时代,5
海伯利安四部曲,5
柳文扬,5
休闲读物,5
职业,5
厚黑学,5
李宗吾,5
国史,5
文艺青年,5
伙伴文学,5
硬盘存档,5
压抑,5
有关旅行,5
公路文学,5
双子座,5
SCHOOL阅,5
惊喜之作,5
草原,5
反武侠,5
伦勃朗,5
金刚经,5
儒学,5
夏茗悠,5
威廉巴勒斯,5
零售,5
TypeMoon,5
井上佐藤,5
岡田屋鉄蔵,5
渡瀬悠宇,5
VictorHugo,5
CharlesDickens,5
OscarWilde,5
錢鍾書,5
让米歇尔付东,5
猴子,5
犯罪心理,5
大头马,5
呼兰河传,5
骆驼祥子,5
傅国涌,5
剧本写作,5
奢侈品,5
日本汉学,5
约瑟夫海勒,5
高中时光,5
嫌疑犯X的献身,5
日本绘本,5
四年级,5
梁晓声,5
cm,5
我爱问连岳,5
问答,5
印度文学,5
成龙,5
醉钢琴,5
Design,5
红楼,5
我是个年轻人,5
退步集,5
沉默的大多数,5
法理学,5
文艺风赏,5
朗读者,5
漫威,5
YA,5
黎耀祥,5
港台版,5
生活类,5
程青松,5
考拉小巫,5
理查德摩根,5
谷川流,5
丁小云,5
高考,5
原创,5
菖蒲,5
乃木坂,5
綾瀬,5
陆小包,5
问答集,5
约翰哈特,5
陈浩基,5
江神二郎,5
大漠谣,5
角川書店,5
SQUAREENIX,5
京極夏彦,5
本多孝好,5
大丽花,5
gre伴侣,5
人性的弱点,5
北大,5
法布尔,5
兰晓龙,5
Fitzgerald,5
兰陵笑笑生,5
高野和明,5
大众文化,5
中国大陆,5
柳美里,5
铁凝,5
周有光,5
款款,5
青垚,5
文艺风象,5
决策,5
年月,5
林芙美子,5
沉思录,5
电脑,5
许地山,5
还珠楼主,5
罪案,5
蒋介石,5
普罗旺斯,5
丁丁张,5
绿皮火车,5
张恨水,5
狼图腾,5
李煜,5
日文原版,5
中山七里,5
水天一色,5
山田宗树,5
丁丁虫,5
胡同,5
政治小说,5
元,5
本間,5
范晓萱,5
苍井优,5
魔幻现实,5
倚天屠龙记,5
欧洲文学,5
椿泉,5
现实主义小说,5
蜷川実花,5
影像与文字的绞缠,5
健康之道,5
电子商务,5
萧逸,5
第一次的亲密接触,5
日记书信,5
方文山,5
可改编,5
吴明益,5
鲍曼,5
崔卫平,5
匠千晓系列,5
司马迁,5
迈克尔克莱顿,5
深圳,5
当代史,5
中学消遣物,5
都市传说,5
朝图,5
麦兜,5
现代后现代,5
远征军,5
外国非小说,5
语言文字,5
港漫,5
艾成歌,5
陶瓷,5
自行车,5
环游世界,5
田野,5
宫崎市定,5
空账,5
项目管理,5
毕赣,5
孩子,5
文艺杂志,5
共产主义,5
浪漫派,5
世纪世界诗歌译丛,5
正史,5
草样年华,5
查尔斯布考斯基,5
田晓菲,5
墓葬,5
中国古代思想文化,5
萧鼎,5
茶文化,5
阿特伍德,5
永井荷风,5
田余庆,5
春秋,5
郁秀,5
后文学,5
小说奇幻,5
小说现当代,5
小说权谋,5
C搞笑系,5
馬慧元,5
自我启发,5
小栗虫太郎,5
非虚构类,5
张炜,5
朱大可,5
王焕生,5
果壳阅读,5
清冷的调调,5
长者仰慕,5
帕拉尼克,5
业务,5
乙女心,5
乾隆,5
长赢计划,5
自学理财,5
上海人民,5
kundera,5
格林,5
向左走向右走,5
MA,5
未成年,5
王蒙,5
流行文化,5
超爱,5
历史是个什么玩意儿,5
斯塔夫里阿诺斯,5
StiegLarsson,5
Popular,5
矢泽爱,5
理学,5
墨西哥文学,5
哲学国学,5
书画茶食,5
黄帝内经,5
缱绻小憩,5
自我提升,5
中国近现代文学,5
sam,5
年代,5
马原,5
卧龙生,5
图书,5
张隆溪,5
目录学,5
孩子们的孩子书,5
感兴趣的人,5
Homosexual,5
古希腊古罗马,5
访谈对话,5
文博,5
中国当代经典,5
版不同本一样,5
童話,5
东观汉记,5
文化人类学,5
苏联俄国文学,5
神学宗教学,5
寿,5
文艺批评,5
文字学,5
死亡哲学,5
软件,5
東瀛當代小説,5
要重读,5
初恋,4
蝇王,4
天才,4
贾雷德戴蒙德,4
芳华,4
文工团,4
君主论,4
大众,4
京味,4
雷布雷德伯利,4
法理,4
PauloCoelho,4
哲普,4
克里斯多夫夏布特,4
译文,4
单读,4
余華,4
李光耀,4
纯文学,4
形意拳,4
电影学,4
量子力学,4
霍桑,4
郭尔雅,4
约翰厄普代克,4
书籍,4
唐史,4
杰弗里尤金尼德斯,4
追忆似水年华,4
芭芭拉库尼,4
心理分析,4
谢尔希尔弗斯坦,4
黄磊,4
计划生育,4
杰弗里福特,4
彼得兔,4
舍瓦尔,4
猪乐桃,4
科莱特,4
电影文学,4
机器人,4
神,4
一个陌生女人的来信,4
微微一笑很倾城,4
球状闪电,4
特工,4
莫里康内,4
未来,4
文言文,4
暗恋,4
我想吃一个小孩,4
亚瑟王,4
瑞士文学,4
嬉皮士,4
一星运动,4
GeorgeOrwell,4
恋爱的犀牛,4
琥珀,4
拜伦,4
西餐,4
科马克麦卡锡,4
影视艺术,4
党史,4
中国政治,4
中国现代史,4
情报,4
欧洲历史,4
古典学,4
批判,4
马基雅维里,4
中国人,4
乔纳森勒瑟姆,4
十年砍柴,4
南京大屠杀,4
美洲,4
蒙古,4
风俗,4
伦敦,4
普利策奖,4
权术,4
李锐,4
雍正,4
外交,4
艺术类书籍,4
动物行为学,4
康拉德洛伦茨,4
宇宙学,4
纪实中国三部曲,4
波普尔,4
但汉松,4
莱辛,4
斯科特菲茨杰拉德,4
屠孟超,4
曲阳图书馆,4
刘习良笋季英,4
程抱一,4
萧乾,4
村田雄介,4
谣言,4
沙村広明,4
小鹏,4
费迪南德冯席拉赫,4
心理咨询,4
产品,4
读书方法,4
成长历程,4
十年回顾,4
梅特林克,4
选集,4
丹尼斯约翰逊,4
爵士,4
罗伯特麦卡蒙,4
米歇尔图尼埃,4
太空,4
南斯拉夫,4
中岛敦,4
果壳网,4
爱情三部曲,4
佐藤忠男,4
未完成,4
王德威,4
紫式部,4
讲义,4
何偉,4
DK,4
臺灣,4
邁克,4
SB,4
秘密,4
抽屉,4
魏斐德,4
DavidMitchell,4
苏联文学,4
Wilde,4
金原瞳,4
林真理子,4
MilanKundera,4
溥仪,4
科学人文,4
老上海,4
FScottFitzgerald,4
浮生琐阅,4
侦探推理案件集,4
大泽在昌,4
时装,4
奥逊威尔斯,4
拉莱科林斯,4
比尔布莱森,4
伯特兰罗素,4
复旦大学出版社,4
中国人民大学出版社,4
北京燕山出版社,4
重庆,4
零下一度,4
檞寄生,4
达摩流浪者,4
开到荼縻,4
偷书贼,4
寂寞,4
尘埃星球,4
LA流浪记,4
燕垒生,4
弗朗西斯培根,4
超现实主义,4
斯拉沃热齐泽克,4
玛丽雪莱,4
罗蒂,4
徐葆耕,4
美国纽约摄影学院摄影教材,4
RolandBarthes,4
西方哲学史,4
卡拉马佐夫兄弟,4
帕斯卡尔,4
心学,4
西尾維新,4
绿川幸,4
沃尔特艾萨克森,4
桥本忍,4
佐藤可士和,4
迈克尔康纳利,4
唐,4
色戒,4
青春疼痛,4
沙漏,4
小祖宗,4
告别天堂,4
当我们发现青春的美好青春已经离我们远去,4
小白文,4
笙离,4
曾有一个人爱我如生命,4
这么远那么近,4
阴暗的人性,4
AndrAciman,4
刘涛,4
刘梓洁,4
数学理论,4
物理理论,4
小松左京,4
CC,4
斯坦尼斯拉夫莱姆,4
龙枪,4
诺贝尔奖,4
遇见未知的自己,4
孟子,4
沃尔特默奇,4
都市小说,4
王雨辰,4
龙与地下城,4
杨叛,4
罗恩拉什,4
侠客行,4
身份的焦虑,4
一句顶一万句,4
詹姆斯M凯恩,4
Psychology,4
锻炼,4
克苏鲁神话,4
txt,4
红猪侠,4
阿Q正传,4
倾泠月,4
聚星天華,4
柴门文,4
亚米契斯,4
扬之水,4
沧桑,4
技艺,4
百态,4
冒险探险,4
神秘悬疑,4
经典小说,4
国内文学,4
消失的爱人,4
倒错三部曲,4
爱川晶,4
汤川学,4
徐熙娣,4
十万个为什么,4
尾崎南,4
理论研究,4
缪哲,4
克劳德卡利耶尔,4
利奥塔,4
李志清,4
袁行霈,4
米尔斯,4
查建英,4
浅野一二,4
许仲琳,4
先秦,4
梶尾真治,4
H,4
陈平原,4
林庚,4
小池真理子,4
日本设计,4
七十年代,4
荒人手记,4
KurtVonnegut,4
波普艺术,4
StephenKing,4
罗伯特加尔布雷思,4
马普尔小姐,4
美少女战士,4
中国少了一味药,4
兵法,4
王实甫,4
西厢记,4
野火集,4
脂砚斋,4
羊脂球,4
任务书,4
女性性别,4
巴菲特,4
文洁若,4
轮回,4
章詒和,4
美国宪法,4
边缘,4
朱迪斯莎兰斯基,4
科伦麦凯恩,4
看电影,4
自我保护,4
文景,4
东欧文学,4
anthropology,4
桂林广西师范大学出版社,4
书之书,4
最好的时光,4
海洋,4
万物有灵且美,4
黑白,4
一个人,4
魏德圣,4
愛,4
独立日,4
徐晓,4
视觉艺术,4
独立,4
多雷插图本,4
香港制造,4
丹尼洛契斯,4
图册,4
工艺,4
马克吕布,4
一次图片和故事,4
社会学和人类学,4
清代史,4
天津,4
局外人,4
孤独感,4
自闭症,4
有爱好看又温暖,4
心理學,4
写字的女人,4
新文化史,4
青春咖啡馆,4
变态,4
民间,4
海子的诗,4
棉棉,4
bible,4
book,4
architecture,4
contemporaryf,4
阿道司赫胥黎,4
涂尔干,4
魏宁格,4
孙子,4
波兹曼,4
雷马克,4
查良铮,4
英语考试,4
电影剧本,4
Borges,4
中国电影,4
吴增定,4
Deleuze,4
刘捷,4
书画,4
莫奈,4
社会理论,4
音乐史,4
王福春,4
托马斯福斯特,4
脑洞,4
知乎,4
新经典,4
心理学与生活,4
普通心理学,4
我不是潘金莲,4
唐鲁孙,4
三联北京,4
假装的艺术,4
新闻写作,4
喜欢,4
不加V,4
李汝珍,4
为了报仇看电影,4
刘畅,4
理想的下午,4
动漫研究,4
通识教育,4
地理学,4
埃博拉,4
师生恋,4
黑色,4
土家野夫,4
科幻经典,4
这些都是你给我的爱,4
echo,4
哆啦A梦超长篇,4
中文,4
女权主义,4
高智商犯罪,4
乱世佳人,4
穆斯林,4
虚构文学中篇小说,4
暧昧,4
中国台湾文学,4
有关救赎,4
台北,4
巨蟹座,4
被制度化,4
东京,4
原著比电影好看,4
摩羯座,4
随笔随笔集,4
笑出了声,4
让人惊艳的角色,4
狮子座,4
老师,4
触及泪腺,4
致郁系,4
批判现实主义,4
发现自己,4
水瓶座,4
有关哲学,4
宗教种族系,4
这样的好书怎么只有一部,4
MentionedSthAboutChina,4
军人,4
虚构文学短篇小说,4
美术绘本册,4
处女座,4
僵尸,4
墨脱,4
田中一光,4
黑社会,4
菲兹杰拉德,4
月关,4
桩桩,4
英格玛伯格曼,4
天蚕土豆,4
张天翼,4
Audiobook,4
安哲罗普洛斯,4
许鞍华,4
女子,4
丸木戸,4
林田球,4
山中,4
斑目,4
三浦,4
松尾,4
鈴木,4
AveryMonsen,4
Fairytale,4
GabrielGarcaMrquez,4
老女孩,4
Faulkner,4
電影研究,4
電影史,4
奥古斯丁,4
王樽,4
骆玉明,4
阎崇年,4
熊逸,4
周杰伦,4
纯真年代,4
三笑系列,4
王海鸰,4
微型小说,4
G大,4
嘻哈农场,4
青蛙弗洛格的成长故事,4
殺手,4
giddens,4
现代奇幻,4
好看,4
好玩,4
东东枪,4
宁航一,4
孔二狗,4
人类学史,4
德波顿,4
经营,4
english,4
幸福,4
表现主义,4
单向街,4
社会问题,4
丑陋的中国人,4
万水千山走遍,4
男人,4
史蒂芬金,4
文化类,4
整理,4
franais,4
张新颖,4
布朗肖,4
明信片,4
后现代主义,4
鲁敏,4
刘索拉,4
dystopia,4
诺冬,4
唐月梅,4
阿图葛文德,4
鱼香肉丝,4
暗夜行路,4
苏特,4
银河映象,4
DavidBordwell,4
苏斯,4
白俄罗斯文学,4
日本战国,4
佳期如梦,4
许先哲,4
司马懿,4
李浩白,4
白石麻衣,4
长江俊和,4
勇岭薰,4
批判性思维,4
荷马史诗,4
米罗马那哈,4
岡嶋二人,4
伊能静,4
黑武洋,4
AKB,4
一个工作室,4
岛田庄司推理小说奖,4
新垣結衣,4
太田忠司,4
仓知淳,4
果壳,4
穷游,4
爱过,4
四格漫画,4
王卯卯,4
劳工,4
魔法,4
村上龍,4
海盗,4
电子,4
西班牙语,4
日本料理,4
影响力,4
社会心理,4
大卫威斯纳,4
PPT,4
咨询,4
春树,4
帕斯捷尔纳克,4
BL漫画,4
豆豆,4
坚持,4
女性研究,4
线性代数,4
大宇,4
马来西亚,4
明季,4
催眠,4
天使奥斯卡,4
甲午,4
参考,4
谢国桢,4
青年,4
畅销,4
万历,4
领导力,4
奥格威,4
编辑出版,4
我在回忆里等你,4
纪实摄影,4
天龙八部,4
圣香,4
江户风情录,4
井泽元彦,4
涂色,4
首藤瓜於,4
赫尔佐格,4
席绢,4
大力金刚掌,4
英文小说,4
宗教学,4
玄学,4
永井豪,4
周晓枫,4
手帐,4
原田玲仁,4
女巫,4
马良,4
DH劳伦斯,4
鲁思本尼迪克特,4
古斯塔夫勒庞,4
新渡户稻造,4
索福克勒斯,4
九州志,4
伽莫夫,4
已处理,4
种田文,4
生存,4
工具,4
飞鸟集,4
雷雨,4
彼得布鲁克,4
戏剧理论,4
阿信,4
贴心的总是散文,4
白夜行,4
朱家溍,4
器物,4
大卫哈维,4
画集绘本,4
雅思,4
市场营销,4
万物简史,4
萧丽红,4
卡繆,4
让热内,4
读过一点,4
读过了欠书评,4
城邦暴力團,4
傅真,4
阿尔比,4
黄鹰,4
库布里克,4
语文,4
汉语,4
富江,4
广州,4
蔡春猪,4
贵州书城,4
型格,4
马斯克,4
人文地理,4
森茉莉,4
王明珂,4
上野千鹤子,4
刀刀,4
亚非文学,4
日本诗歌,4
德斯蒙德莫利斯,4
詹姆斯伍德,4
霸王别姬,4
小团圆,4
论文写作,4
质数的孤独,4
华语绘本,4
雪漫,4
云南,4
摩洛哥,4
室内设计,4
IELTS,4
仓央嘉措,4
Capote,4
ShelSilverstein希爾弗斯坦,4
张建德,4
与电影一起私奔,4
袁世凯,4
午夜文库大师系列,4
大宝啊天天见,4
食物,4
鲍勃迪伦,4
建筑设计,4
韩东,4
拖延症,4
叶阐,4
古代汉语,4
列奥施特劳斯,4
可不斷重讀的書,4
蜜蜂文库,4
PierreBourdieu,4
销售,4
认识自己,4
微博,4
特劳特,4
我觉得可以重读的书,4
名人,4
百合,4
思想政治,4
何员外,4
芮成钢,4
刘醒龙,4
周大新,4
k,4
桑塔格,4
阿瑟黑利,4
李善友,4
微信,4
算法,4
搏击俱乐部,4
京极堂系列,4
C日本,4
我有的书,4
竹林七贤,4
荀子,4
席慕容,4
技术书籍,4
宗璞,4
MichelangeloAntonioni,4
马小跳,4
我喜欢的男作家,4
叶锦添,4
疗伤,4
徐贲,4
翻译官,4
简爱,4
文字,4
爱因斯坦,4
昆仑,4
色彩,4
US,4
哈罗德品特,4
罗念生,4
TimeOut,4
赫西俄德,4
偵探小説,4
黄伟文,4
小说玄幻,4
C推理系,4
張定浩,4
FedericoGarcaLorca,4
王家新,4
荣格,4
孔枝泳,4
海飘雪,4
杨海崧,4
警察,4
誉田哲也,4
克莱顿劳森,4
战争文学,4
自助游,4
魏晋南北朝史,4
阮筠庭,4
哭了,4
导演写的书,4
京东阅读,4
结构,4
宝生舞,4
毛子,4
太平洋战争,4
军事题材,4
军旅,4
皮皮鲁,4
虚构漫画,4
整理收纳,4
日本推理名作選,4
长泽雅美,4
于彦舒,4
圣哥传,4
汤姆罗伯史密斯,4
中村好文,4
二刷及以上,4
cheer,4
kafka,4
蛮荒记,4
陈染,4
时间三部曲,4
偶尔学术一下,4
罗马人的故事,4
贾志刚,4
艺设,4
改编影视,4
天山图书馆,4
RaymondChandler,4
人类意识,4
脉脉,4
人间喜剧,4
津南讀書,4
强大的书名,4
原耽,4
三浦健太郎,4
剑风传奇,4
Vassalord,4
麒麟,4
FateZero,4
海贼王,4
VSI,4
莫砺锋,4
老罗,4
港台推理,4
bookwalker,4
九井諒子,4
我想我会变成这样都是你害的,4
比奥伊卡萨雷斯,4
卡伦霍尼,4
风险管理,4
丸户史明,4
川原礫,4
岳本野蔷薇,4
搭讪,4
AlanMoore,4
巨作,4
Excel,4
知秋,4
冯仑,4
刘和平,4
井上坚二,4
笨蛋测验召唤兽,4
井上堅二,4
原文,4
漫画回忆,4
声音,4
罗大里,4
生活爱情幽默,4
今村昌平,4
一个书系,4
马塞尔普鲁斯特,4
彼得伯克,4
香港電影評論學會叢書,4
黄若,4
关于法律,4
我们生活的年代,4
艺术家传记,4
JDC,4
这种东西也好意思拿来卖钱,4
心机,4
学术各类,4
洋眼看中国,4
王文华,4
Ethnography,4
美洲史,4
英美哲学,4
王一,4
中年,4
石守谦,4
石涛,4
后浪出版公司,4
民翻,4
神经科学,4
人生观,4
软件工程,4
灿烂千阳,3
性別,3
戈尔丁,3
简史,3
素食,3
FBI,3
大众心理,3
欧文亚龙,3
现代派,3
萨伯,3
茶馆,3
北京折叠,3
烧脑,3
告白,3
通俗易懂,3
蔣勳,3
意义,3
英美文学,3
且听风吟,3
托马斯哈里斯,3
黎巴嫩,3
深夜读书,3
电影有关,3
娱乐至死,3
一天能讀完的書,3
基漫,3
约瑟夫坎贝尔,3
世界文学,3
鲍里斯维昂,3
自传体,3
张光宇,3
胡安何塞阿雷奥拉,3
达利,3
民谣,3
京味儿,3
安泰勒,3
范用,3
汪天艾,3
约里波瓦,3
花道,3
郑克鲁,3
老树画画,3
华盛顿欧文,3
沈昌文,3
萧伯纳,3
赫尔曼沃克,3
相册,3
余中先,3
米沙,3
姚向辉,3
三笑,3
法蘭斯瓦普拉斯,3
陈太乙,3
想象地志,3
树上的男爵,3
Benjamin,3
自传小说,3
幻想基地,3
童谣,3
清,3
钱伯斯,3
自选集,3
卡洛斯M多明盖兹,3
恺蒂,3
漩涡,3
怎样鉴别黄色歌曲,3
蔡依林,3
高桥和希,3
特立独行的猫,3
炼金术,3
蛇从革,3
恐怖电影,3
罗兰巴尔特,3
雅斯贝尔斯,3
尼克布朗,3
探索,3
地质,3
弗司各特菲茨杰拉德,3
世界一初恋,3
普拉斯,3
父与子,3
施小炜,3
TheBeatGeneration,3
蔷薇岛屿,3
年读书,3
冷笑话,3
朱纯深,3
HenryMiller,3
VSNaipaul,3
Manga,3
CharlesBaudelaire,3
JohnUpdike,3
素黑,3
济慈,3
文学名著,3
波斯,3
日本历史,3
纳兰词,3
纸牌屋,3
金一南,3
希特勒,3
福斯特,3
中国当代史,3
地中海史诗三部曲,3
基辛格,3
黑手党,3
气候,3
集中营,3
阎真,3
未来学,3
黑色电影,3
李查德,3
硬汉,3
孟森,3
蓬莱阁丛书,3
房地产,3
农民起义,3
硬汉派,3
人类行为学,3
李亚平,3
社会批判,3
植物学,3
施蛰存,3
闵雪飞,3
亚历山大克鲁格,3
何塞多诺索,3
梁冬,3
郑问,3
道德,3
人际沟通,3
黄永年,3
资本主义,3
素履之往,3
教育学,3
日松浦弥太郎,3
萧红的作品值得一读,3
心理自助,3
亲密关系,3
于娟,3
煽情过了,3
中國文學,3
装B青年,3
影视改编,3
木城幸人,3
李少白,3
CSLewis,3
史论,3
艺术评论,3
纳兰妙殊,3
伊萨克巴别尔,3
哈扎尔辞典,3
辞典小说,3
巴塔耶,3
涩泽龙彦,3
舞蹈,3
宇文所安,3
宋清如,3
柯律格,3
达内兄弟,3
施尼茨勒,3
莫洛亚,3
银河系漫游五部曲,3
金耀基,3
课程,3
叙利亚,3
梅英东,3
左拉,3
张彤禾,3
武士道,3
黑澤明,3
Deutsch,3
Clamp,3
Gift,3
东方出版社,3
中国现代,3
群众出版社,3
加来道雄,3
陈存仁,3
托马斯索威尔,3
公路,3
南方舞廳,3
JohnGreen,3
FSFitzgerald,3
TedChiang,3
朱熹,3
外文,3
幻,3
SarahWaters,3
倾城,3
人生若只如初见,3
PenguinGroup,3
中国友谊出版公司,3
读书人,3
多米尼克拉皮埃尔,3
河南大学出版社,3
中央编译出版社,3
裴士锋,3
陈渠珍,3
大卫休谟,3
江苏文艺出版社,3
温斯顿丘吉尔,3
修昔底德,3
塞德里克格里穆,3
安东尼刘易斯,3
张荫麟,3
华夏出版社,3
罗伯特卡帕,3
约翰弥尔顿,3
乔治桑,3
谢有顺,3
理性,3
广告学,3
文化现象,3
像少年啦飞驰,3
关于莉莉周的一切,3
十爱,3
未央歌,3
北京北京,3
山月不知心底事,3
不朽,3
电光幻影,3
玫瑰的故事,3
吴淡如,3
沐童,3
巴什拉,3
吴雅凌,3
朱迪斯巴特勒,3
文化理论,3
别尔嘉耶夫,3
希尼,3
皮埃尔阿多,3
彼得盖伊,3
雕刻时光,3
沃格林,3
语言哲学,3
意识形态,3
镜头设计,3
钱春绮,3
旅行的艺术,3
霍布斯,3
索绪尔,3
电影艺术,3
苏牧,3
电影影片分析,3
相约星期二,3
青年漫,3
凤于九天,3
Sociology,3
潜意识,3
景观设计,3
动物凶猛,3
阳光灿烂的日子,3
荒木飛呂彥,3
盐野米松,3
花泽健吾,3
WesAnderson,3
寺田克也,3
吉川幸次郎,3
中亚,3
涨姿势,3
熊猫,3
小周,3
千山暮雪,3
上野树里,3
地狱的第层,3
悲伤,3
陈晨,3
纪缓缓,3
金刚芭比,3
甲骨碎,3
诅咒系列,3
亡者永生,3
悬奇,3
凶心人,3
楼下的房客,3
偷窥,3
无处可逃,3
关于爱情,3
北京冯唐,3
额尔古纳河右岸,3
哈尔滨,3
文化探讨,3
街头,3
lens,3
吉富昭仁,3
中国台湾,3
和月伸宏,3
KazuoIshiguro,3
Magnum,3
web开发,3
盛夏光年,3
myway,3
蜘蛛,3
西部,3
明清散文,3
犹太教,3
漆原友纪,3
父子,3
希望,3
获奖作品,3
天文学,3
提升,3
程浩,3
琦君,3
毛姆叔叔,3
恐龙,3
民歌,3
罗伯特A海因莱因,3
电影叙事,3
SFW,3
异闻录,3
对话录,3
张五常,3
科幻理论,3
佩尔帕特森,3
多重人格,3
黑暗塔系列,3
漫长的告别,3
寻路中国,3
刀锋,3
小说的艺术,3
安野光雅,3
大暮維人,3
舞城王太郎,3
施瓦辛格,3
地狱星,3
禁入空間,3
实验,3
一九八四,3
张远山,3
时生,3
传播学史,3
商业模式,3
藤崎都,3
格斗,3
亮亮,3
屌丝男士,3
艺术批评,3
绘本图鉴,3
WernerHerzog,3
畫冊,3
荒木経惟,3
老師推薦書目,3
今年最佳,3
宗萨蒋扬钦哲仁波切,3
狄兰托马斯,3
焦距,3
迷梦,3
针贬,3
同性文学,3
密室推理,3
林欣浩,3
暗黑童话,3
栗本薰,3
深入浅出,3
牧萨次,3
废柴,3
刀城言耶系列,3
天使与魔鬼,3
金田一,3
金田一少年事件簿,3
獵人,3
科幻推理,3
人间,3
ZOO,3
赌球,3
梅菲斯特大奖,3
Detective,3
大阪圭吉,3
玛格丽特的秘密,3
惊悚悬疑,3
天机,3
天机第一季,3
神探伽利略,3
小峰元,3
过年,3
九井谅子,3
伊斯梅尔卡达莱,3
韦勒克,3
诺曼马内阿,3
许景琛,3
陈墨,3
田口雅之,3
马荣成,3
洪子诚,3
杨伯峻,3
胡淑雯,3
服装,3
CarsonMcCullers,3
波普,3
AndyWarhol,3
伯格曼,3
散步去,3
极简主义,3
荒野生存,3
传销,3
吴承恩,3
欢乐英雄,3
野性的呼唤,3
我怎样毁了我的一生,3
笛福,3
荆棘鸟,3
海底两万里,3
茶花女,3
梦回大清,3
翻譯,3
妇女史,3
价值投资,3
思想随笔,3
与神对话,3
索甲仁波切,3
自身体重训练,3
黎坚惠,3
蒂姆高特罗,3
人类学社会学,3
小品文,3
古都,3
南美,3
让保尔迪迪耶洛朗,3
诡异,3
三峡,3
曼德尔施塔姆,3
日本民俗,3
伊朗文学,3
王小妮,3
动物与人,3
主题书,3
土地,3
奥利维埃罗兰,3
达里奥福,3
摄影画册,3
西村贤太,3
必买,3
想吃一个小孩,3
中信,3
田中伸介,3
欧美小说,3
暖心,3
香港文化,3
禅的行囊,3
科学技术哲学,3
南斯拉夫文学,3
玛格南,3
摇滚乐,3
高原,3
nirvana,3
kurt,3
枕边书,3
陈晓卿,3
叫魂,3
历史与记忆,3
貴志祐介,3
爱的地下教育,3
尘埃落定,3
蛤蟆的油,3
Camus,3
黑丝幽默,3
怪口味,3
文化评论,3
孙甘露,3
桂林漓江出版社,3
欧洲研究,3
哲学的慰藉,3
林贤治,3
爱书,3
奥古斯托蒙特罗索,3
危地马拉,3
鸟山石燕,3
菲利普津巴多,3
邪典,3
人间词话,3
言论自由大法官宪政,3
追忆,3
西方历史文化,3
聊斋,3
斯威布,3
夜,3
干宝,3
北島,3
青春遁走,3
罗生门,3
空谷幽兰,3
行走探询隐士,3
自省,3
先锋,3
science,3
soul,3
叶圣陶,3
特拉克尔,3
约翰密尔,3
印度哲学,3
恩格斯,3
马可奥勒留,3
李商隐,3
中国少年儿童百科全书,3
图宾根学派,3
先刚,3
杂记,3
法国电影,3
莲实重彦,3
白谦慎,3
张光直,3
朱良志,3
Kant,3
宋代,3
元代,3
中国艺术史,3
汉代,3
方闻,3
基耶斯洛夫斯基,3
陈鼓应,3
阿加西,3
品味,3
音乐随笔,3
电影人,3
爱你就像爱生命,3
译文出版社,3
革命时期的爱情,3
导盲犬,3
秦晖,3
聂云岚,3
搭车去柏林,3
散文随笔杂文,3
随遇而安,3
自我修炼,3
精选,3
楚留香传奇,3
任溶溶,3
狗狗,3
张发财,3
修养,3
Baudrillard,3
大脸撑在小胸上,3
有时右逝,3
经典解读,3
中国通史,3
赌,3
贪,3
电影解读,3
胡安霍瓜尔尼多,3
伊丽莎白斯瓦多,3
病毒,3
画本,3
施定柔,3
韦小宝,3
熊顿,3
小皇,3
王小立,3
相对论,3
朱学勤,3
张乐平,3
萨孟武,3
中国远征军,3
S,3
格林童话全集,3
儿童绘本,3
日太宰治,3
想读一定很精彩,3
一地鸡毛,3
杰克韦尔奇,3
尾鱼,3
生存手册,3
天蝎座,3
勇敢角色,3
Loser文学,3
患者,3
SEX,3
公主,3
虚构文学童话故事,3
有关寻找,3
恋童癖,3
三天走不出书本情绪,3
可爱角色,3
书影俱佳,3
群戏,3
有关自由,3
金牛座,3
硬着头皮看完,3
教育哲理系,3
柏林,3
推理侦探,3
咖啡店,3
坚强的女性,3
高智商角色,3
虚拟世界,3
史诗战争系,3
科学家,3
绘本合集欧美绘本,3
小说短篇小说集,3
JesseEisenberg,3
维多利亚希斯洛普,3
林冠,3
奇坦巴哈特,3
美国种族简史,3
书籍设计,3
彭吉象,3
艺术概论,3
朱锷,3
藤井树,3
毕肖普,3
须一瓜,3
文珍,3
我为歌狂,3
张之路,3
傅红雪,3
面纱,3
田中真澄,3
張靚蓓,3
我不喜欢这世界我只喜欢你,3
国史大纲,3
甲斐谷忍,3
小野塚,3
槇,3
今市子,3
住吉文子,3
桜日梯子,3
鬼嶋兵伍,3
高久尚子,3
橘紅緒,3
元元,3
StefanZweig,3
Politics,3
JulesVerne,3
MagicRealism,3
FranzKafka,3
MarkTwain,3
PeterMayle,3
AntoinedeSaintExupry,3
蒲松龄,3
北京中信出版社,3
远山淡影,3
WilliamFaulkner,3
娄烨,3
插图,3
发条橙,3
拍电影现代影像制作教程插图第版,3
路易斯布努艾尔,3
原哲夫,3
武论尊,3
魏晋风度,3
网页设计,3
刘恒,3
卫斯理系列,3
小姨多鹤,3
宽容,3
无厘头,3
五月天,3
类别文学玄幻,3
无极,3
电影小说,3
已藏,3
新美南吉,3
蒲蒲兰,3
黑背,3
周双宁,3
猎命师,3
碰碰书屋,3
古怪,3
台湾小说,3
星座,3
我想毒,3
想象力,3
蜗居,3
一個人住第年,3
荒村公寓,3
life,3
青春文艺,3
情感专栏,3
南明,3
烟波人长安,3
阴阳师,3
发展人类学,3
后殖民,3
监狱,3
朱鄂,3
卢浮宫,3
珍妮特文森特,3
赵薇,3
心情不太好的人,3
PenelopeFitagerald,3
菲利普贝松,3
咖啡馆梦想,3
散文杂文,3
鸠摩罗什,3
禅修,3
圣严法师,3
隐喻,3
杂志书,3
社會,3
那些年我们一起追的女孩,3
读书随笔,3
新儒家,3
给青年艺术家的信,3
爱情笔记,3
羽,3
爱的艺术,3
中庸,3
警匪类,3
纪实类,3
科普类,3
欧漫美漫,3
背包客,3
黑暗系,3
英雄,3
Chinese,3
Swedish,3
周恩来,3
上海博物馆,3
水上勉,3
洛楓,3
卓伯棠,3
EL多克托罗,3
金斯伯格,3
谢泳,3
其它侦探小说,3
cinema,3
北漂伤痕文学,3
社会主义,3
诗歌诗集,3
铃木敏夫,3
风息神泪,3
ling,3
司各特霍金斯,3
彼得沃茨,3
恩里克比拉马塔斯,3
阿兰达蒂洛伊,3
JMCoetzee,3
凤凰卫视,3
陈坤,3
叶永烈,3
游素兰,3
哈谢克,3
赭砚,3
徐克,3
潘国灵,3
大卫波德威尔,3
警匪,3
蓝宇,3
现当代,3
矢玉四郎,3
小说鉴赏,3
企鹅经典,3
比亚兹莱,3
清明上河图密码,3
二混子,3
大唐悬疑录,3
中西智明,3
默音,3
雕塑,3
火村英生,3
安东尼赫洛维兹,3
美容,3
樱坂洋,3
天意,3
罗马浴场,3
金学,3
東川篤哉,3
约翰麦克唐纳,3
黑色小说,3
林莹,3
新宋,3
改革开放,3
网球,3
弐瓶勉,3
女性向,3
动植物,3
于丹,3
亨利皮埃尔罗什,3
萧军,3
萧如瑟,3
方悄悄,3
老龄化,3
杜月笙,3
没劲,3
清新,3
粤语,3
市川拓司,3
林白,3
ToniMorrison,3
百舌,3
卡内蒂,3
林燕妮,3
王世襄,3
日,3
虚构类,3
飞机的坏品位,3
中国奇幻,3
编辑学,3
盲人,3
波洛系列,3
尼日利亚文学,3
李欧李奥尼,3
Mathematics,3
赌博,3
仿作,3
黄锦树,3
复杂系统,3
计算机科学,3
生物地理学,3
褚盟,3
陈巨来,3
阿梅丽诺冬,3
冰点,3
吴清源,3
赏析,3
燕公子,3
人生思考,3
金陵十三钗,3
思维整理,3
设计理论,3
眠空,3
王菲,3
可爱,3
半生缘,3
安宁,3
狐魅天下,3
七夜雪,3
纳兰性德,3
李清照,3
今生今世,3
南唐,3
时间旅行者的妻子,3
伊斯兰教,3
王稼骏,3
真梨幸子,3
宠物先生,3
黑田研二,3
佟婕,3
罗伯特乔丹,3
休豪伊,3
新海诚,3
少年侦探,3
若竹七海,3
沼田真帆香留,3
布兰登山德森,3
畅销君,3
叶赛宁,3
訪談,3
周立波,3
推荐,3
重生,3
轻松小白文,3
动作,3
可鲁,3
王若虚,3
无人生还,3
进化生物学,3
营销心理,3
家庭教育,3
张文江,3
民间信仰,3
自述,3
梁慧星,3
杉井光,3
咎井淳,3
内田,3
林丹,3
布里吉特吉罗,3
林长治,3
测试,3
黑克塔伯特,3
安徒生童话,3
刘轩,3
美学史,3
十里桃花,3
奥斯维辛,3
汤姆克兰西,3
未完结,3
写真这样东西,3
写出的是清晰的思路,3
创意写作书系,3
兔斯基,3
慕容引刀,3
闾丘露薇,3
告别薇安,3
填色,3
矛盾文学奖,3
谋图一雄,3
fashion,3
哈贝马斯,3
杨念群,3
丁玲,3
残雪,3
弗罗姆,3
彼得伯格,3
駱以軍,3
朝鮮,3
蒙古史,3
凯文凯利,3
读了一半,3
社会网络,3
蒸汽朋克,3
Facebook,3
星巴克,3
信息,3
蓝星诗库,3
速写,3
叶青,3
袁哲生,3
萨缪尔贝克特,3
马骅,3
汪国真,3
人体,3
罗伯特陆德伦,3
编剧理论,3
平民,3
张竞生,3
口述历史,3
鬼馬毒物,3
苏伟贞,3
安妮赖斯,3
李皖,3
麦家碧,3
戏,3
俳句,3
莎乐美,3
欧美漫,3
猫痴,3
右右,3
乔纳斯嘉德尔,3
戈迪默,3
书闻,3
书籍史,3
親情,3
鲁米,3
森友治,3
钱歌川,3
社会运动,3
罗伯特考尔克,3
吉尔德勒兹,3
布洛赫,3
扎加耶夫斯基,3
西蒙娜薇依,3
左传,3
宪法学,3
周雪光,3
萨尔曼拉什迪,3
美的历程,3
WB叶芝,3
大一,3
其他漫画,3
电子游戏,3
青蛇,3
POOK,3
MUJI,3
旅行指南,3
音乐笔记,3
多田便利屋,3
布莱希特,3
曼努埃尔普伊格,3
新概念,3
蒙田,3
松本清張,3
AlbertCamus卡缪,3
寻羊冒险记,3
约翰班维尔,3
李小龙,3
飞狐外传,3
电影剧本写作基础,3
电影工具书,3
亲爱的安德烈,3
狼牙,3
算命,3
C,3
北京故事,3
等待戈多,3
前苏联,3
玛赞莎塔碧,3
罗伯特布列松,3
袁崇焕,3
閒書,3
奥利弗萨克斯,3
废土,3
海外华人,3
欲望,3
双语版,3
睡眠,3
理性主义,3
甘阳,3
科技史,3
德國,3
戲劇,3
浦澤直樹,3
俄羅斯,3
失败书店,3
袁越,3
卢克莱恩哈特,3
东北,3
身体语言,3
管理咨询,3
办公技能,3
海底捞,3
高等数学,3
奋斗不休,3
李亮,3
画传,3
余世存,3
阿丁,3
创造,3
漫,3
洪涛荐书,3
无聊,3
合集,3
微积分,3
吴军,3
复活,3
恶童日记,3
菜谱,3
奥斯特洛夫斯基,3
空战,3
拆掉思维里的墙,3
开阔思维,3
赵敦华,3
宫本武藏,3
孔雀王,3
漫画理论,3
SherwoodAnderson,3
史料,3
旅游文学,3
张德芬,3
作为一名小学生,3
郭妮,3
人淡如菊,3
菊开那夜,3
shel,3
StigLarsson,3
贝贝特,3
刘克襄,3
史迪格拉森,3
侯文咏,3
刘庆邦,3
张晓风,3
心灵大保健,3
屠龙术,3
office,3
吃货,3
永恒,3
碧血剑,3
舒晓鸣,3
SteveJobs,3
流星蝴蝶剑,3
梁萧,3
从一到无穷大,3
叶渭渠,3
嬉皮,3
孔子,3
A电影理论,3
L童话神话,3
选修课,3
英俊少男在向你招手,3
小泽征尔,3
童書,3
赵振江,3
西川,3
梵高奶奶,3
达芬奇,3
MBTI,3
葡萄酒,3
近代经典,3
网游小说,3
李文俊,3
WS毛姆,3
斯坦利艾林,3
笹泽左保,3
石持浅海,3
J,3
珍妮特温森特,3
西格弗里德伦茨,3
心灵哲学,3
少女情怀,3
钱乘旦,3
亚历克斯罗斯,3
超级英雄,3
富爸爸穷爸爸,3
DataScience,3
理财创业,3
韩梅梅,3
偶像,3
城市设计,3
久慈光久,3
林格伦,3
海战,3
指文图书,3
小李飞刀,3
辛丰年,3
俞天任,3
语文出版社,3
莫扎特,3
甲午战争,3
Music,3
特种兵,3
军旅小说,3
反人类,3
李云龙,3
图谱,3
不成问题的问题,3
思考方法,3
剑桥雅思全真试题,3
自学英语,3
得到听书,3
pdf,3
JoJo奇妙冒险,3
斯特鲁伽茨基兄弟,3
时雨泽惠一,3
UX,3
小说选集,3
该隐,3
hesse,3
浙江文艺,3
trilogie,3
picasso,3
camus,3
Fromm,3
英式幽默,3
重述神话,3
智慧背囊,3
人类学读物,3
政商,3
高天流云,3
王觉仁,3
寻秦记,3
清宫,3
神曲,3
心灵修行,3
十三经,3
段子,3
海伦凯勒,3
长恨歌,3
IrneNmirovsky,3
GeorgesOrwell,3
日系科幻,3
青山七恵,3
欧也妮葛朗台,3
瓦尔特莫尔斯,3
全球通史,3
史书,3
尹鸿,3
大二下,3
寤语者,3
十四夜,3
电线,3
Literature,3
有意思的书,3
厕纸,3
厚黑,3
一般向,3
烙印战士,3
虛淵玄,3
物语系列,3
爱你是最好的时光,3
牛虻,3
好玩的书,3
藤田和日郎,3
海因来因,3
读电子书,3
徐师文兵,3
中医传承,3
中文版,3
白猫,3
菲利普普尔曼,3
心智修炼,3
CoC,3
北京法源寺,3
AndrGide,3
巫哲,3
原来你还在这里,3
电商,3
RASalvatore,3
被遗忘的国度,3
台湾言情,3
袁滕飞,3
对外汉语,3
苏枕书,3
黑天鹅,3
卡普钦斯基,3
中信大方,3
王澍,3
营销管理,3
已下,3
alfredhitchcock,3
马尔丹,3
萨尔曼鲁西迪,3
莫里斯桑达克,3
东清彦,3
布鲁诺拉图尔,3
hi,3
贡布罗维奇,3
托马斯伯恩哈德,3
中国文学史,3
塞利纳,3
莉安莫利亚提,3
MyCaree,3
三姐妹,3
湯禎兆,3
冯克利,3
亚历克西德托克维尔,3
明式家具,3
富恩特斯,3
辛格,3
晚清近代,3
隋唐五代史,3
旧诗,3
新闻学传播学,3
大气科学,3
眈美,3
国外大师经典,3
鲁迅系列,3
知青文革,3
陈季同,3
TchengKiTong,3
高中记忆,3
厨川白村,3
谢金鱼,3
川上文代,3
童年入眼,3
男女,3
谭恩美,3
梁凤仪,3
伯恩哈德,3
阎步克,3
亚洲史,3
榎田尤利,3
高橋留美子,3
狐狸,3
松武,3
福学,3
难忘,3
新编日语,3
日远藤周作,3
翻译学,3
PatrickSuskind,3
苏立文,3
篆刻,3
壁画,3
石窟,3
易传,3
画像石,3
游戏化,3
徽学,3
超星,3
农史,3
德赫塔米勒,3
意伊塔洛卡尔维诺,3
多田薰,3
國内漫畫繪本,3
杀人城系列,3
田亀源五郎,3
八卦小说,3
伤痛,2
解构文学,2
非小说,2
恋人絮语,2
笑到流泪,2
LudwigWittgenstein,2
潘恩,2
理查德道金斯,2
美,2
露丝本尼狄克特,2
扶桑,2
家族,2
务虚笔记,2
反乌托邦三部曲,2
犯罪悬疑好书,2
波西格,2
二元论,2
苏联研究,2
音乐欣赏,2
红楼梦研究,2
纸书,2
降临,2
独立思考,2
王二,2
干校六记,2
非虚构散文,2
绿里奇迹,2
ChristianphobiA,2
twilight,2
武林,2
人性笔记,2
电影教材,2
游飞,2
安,2
少年残像,2
约翰格里宾,2
普罗普,2
安德烈莫洛亚,2
MUJI文库本,2
徐辰,2
克里斯范奥尔斯伯格,2
李玉瑶,2
钟志清,2
张芬龄,2
希梅内斯,2
企鹅,2
云也退,2
园艺,2
凯迪克金奖,2
程文欢,2
维舟,2
极权,2
无字书,2
铁路,2
弗兰岑,2
讲座,2
宋碧云,2
埃曼努埃尔吉贝尔,2
流浪汉小说,2
安西水丸,2
封面,2
艾利施,2
克利斯提昂约里波瓦,2
汉宝德,2
川濑敏郎,2
埃尔维杜莱,2
冰岛,2
林行止,2
傅月庵,2
彼得谢弗,2
特蕾西莫洛尼,2
BBC,2
张静,2
朵琳克罗宁,2
细微主义,2
独幕剧,2
格里耶,2
米歇尔维勒贝克,2
人鱼,2
处女作,2
海豚书馆,2
巴尔加斯略萨,2
佩雷克,2
陈建铭,2
李昂,2
李克勤,2
尼格尔罗杰斯,2
平行宇宙,2
流行歌曲,2
绝望,2
寒冬夜行人,2
饕餮,2
Cyberpunk,2
游戏王,2
沈熹微,2
黄泉引路人,2
奥古斯都,2
巫术,2
妖怪学,2
秘密社会,2
丹道,2
雾满拦江,2
电影配乐,2
克里斯汀汤普森,2
米歇尔希翁,2
古生物,2
口语,2
戴尔卡耐基,2
威廉巴雷特,2
特殊群体,2
摆渡人,2
尾田栄一郎,2
ONEPIECE,2
网帖,2
李布斯金,2
破土生活与建筑的冒险,2
selfhelp,2
gaiman,2
斯宾格勒,2
优雅,2
礼仪,2
蓝熊船长的条半命,2
蓝熊,2
莫尔斯,2
TracyChevalier,2
钟伟民,2
澳大利亚文学,2
看不下去,2
小时候爸爸买给我的,2
没有深度的人就像我这样,2
柳田国男,2
OrhanPamuk,2
ItaloSvevo,2
脑残,2
威廉格纳齐诺,2
西蒙范布伊,2
雪莱,2
易经,2
科幻电影,2
诗词赏析,2
余戈,2
行业内幕,2
民间文学,2
罗辑思维,2
凡高,2
生活品味,2
艾瑞克霍布斯鲍姆,2
情绪管理,2
马勇,2
第一次世界大战,2
财务,2
徐弃郁,2
杜兰特,2
罗伯特达尔,2
罪恶之城,2
世界历史文库,2
腐败,2
新加坡,2
罗伯特卡普兰,2
福山,2
萧功秦,2
袁伟时,2
韩非,2
大前研一,2
法国史,2
福赛斯,2
尤凤伟,2
外交史,2
领袖,2
另类,2
米尔斯海默,2
可怕的科学,2
猫国物语,2
刘仲敬,2
埃科,2
实用类书籍,2
卡尔萨根,2
卡洛斯富恩特斯,2
戴骢,2
萨曼鲁西迪,2
钱稻孙,2
阿来霍卡彭铁尔,2
黄浦图书馆,2
博胡米尔赫拉巴尔,2
彼得汉德克,2
姜峯楠,2
德富芦花,2
路易斯塞尔努达,2
伊莎贝尔阿连德,2
林克,2
柳鸣九,2
张中行,2
马尔科姆格拉德威尔,2
塔勒布,2
梁宏达,2
吴伯凡,2
村上崇,2
LisaSee,2
友谊,2
StephenieMeyer,2
塔莎奶奶,2
非暴力沟通,2
高效能人士的七个习惯,2
肯威尔伯,2
浙江大学出版社,2
社会分层,2
自卑与超越,2
罗伯特波拉尼奥,2
青春物语,2
阴谋,2
这标题一看就可损,2
淳朴自贡少年十里洋场欲海翻波为哪般,2
弗吉尼亚吴尔夫,2
命运交叉的城堡,2
元曲,2
墨比斯,2
竹光侍,2
Moebius,2
大卫霍克尼,2
画论,2
塞尚,2
旧时光,2
寻找,2
西夏旅馆,2
杰罗姆,2
艾芜,2
迷宫装置,2
高村光太郎,2
雲門舞集,2
林懷民,2
李斯佩克朵,2
山田洋次,2
唐諾,2
高峰秀子,2
侯孝賢,2
連城三紀彥,2
李陀,2
楊德昌,2
StanleyKubrick,2
ThoAngelopoulos,2
皮埃尔洛蒂,2
陈思和,2
八木澤里志,2
竹久夢二,2
上书局,2
黄愛玲,2
巴赫,2
基本功,2
漢字,2
中国三部曲,2
V城四部曲,2
奇士勞斯基,2
东京日和,2
橋本忍,2
公开课,2
西南联大校史,2
Bryson,2
madonna,2
手冢治虫,2
成田美名子,2
华人,2
近代中国,2
细川知荣子,2
泰国,2
反极权,2
日本摄影,2
电影写真,2
少年儿童,2
柴田翔,2
利利弗兰克,2
鲍鹏山,2
黄燎原,2
象征主义,2
知识出版社,2
關於書的書,2
武器,2
硅谷,2
很烂,2
老大哥,2
你在天堂里遇见的五个人,2
瑪嘉烈與大衛,2
GillianFlynn,2
宁财神,2
金克木,2
胡金銓,2
黑洞,2
金雁,2
李寻欢,2
陆小凤传奇,2
她比烟花寂寞,2
钱海燕,2
德斯蒙德苏厄德,2
阿德里安戈兹沃西,2
布莱恩拉姆,2
苏珊斯温,2
马克法卡斯,2
戴维霍夫曼,2
理查德费曼,2
爱德蒙柏克,2
约瑟夫J埃利斯,2
约翰斯图尔特密尔,2
艾玛拉金,2
川本三郎,2
伊拉克,2
北京时代华文书局,2
中国法制出版社,2
科尼利厄斯瑞恩,2
简雅各布斯,2
CW策拉姆,2
詹姆斯麦迪逊,2
东方出版中心,2
姜哲焕,2
丹尼尔J布尔斯廷,2
切斯瓦夫米沃什,2
卡尔波普尔,2
琳达格林豪斯,2
米歇尔福柯,2
光明日报出版社,2
法律出版社,2
徐中约,2
N格里高利曼昆,2
乔治萨拜因,2
鲍里斯帕斯捷尔纳克,2
爱德华W萨义德,2
傅惟慈,2
艾伦布鲁姆,2
霭理士,2
维克多雨果,2
浙江文艺出版社,2
大象出版社,2
祝勇,2
时代文艺出版社,2
当代世界出版社,2
摩罗,2
汕头大学出版社,2
夏多布里昂,2
上海文化出版社,2
显克维支,2
知识点密集,2
视觉蒙太奇,2
德国漫画,2
互联网趋势,2
日本推理侦探悬疑恐怖小说,2
第二性,2
兄弟下,2
兄弟上,2
列侬,2
天宫雁,2
葵花走失在,2
红鞋,2
一个女人的史诗,2
八月未央,2
我是你儿子,2
假如明天来临,2
大陆新武侠,2
不存在的女儿,2
邻居太太的情人,2
寂寞小说,2
我的雪人,2
寂寞的撒旦,2
历史学家,2
有一天啊宝宝,2
格罗伊斯,2
后人类主义,2
莫拉维亚,2
茨维坦托多罗夫,2
请以你的名字呼唤我,2
博厄斯,2
恋物,2
西方文化,2
柏拉图注疏集,2
启蒙时代,2
汤显祖,2
牡丹亭,2
苏珊海沃德,2
都德,2
热奈特,2
海涅,2
个人主义,2
柯拉柯夫斯基,2
中西文化,2
纽约摄影学院,2
道德哲学,2
手淫文化史,2
古希腊神话,2
西哲,2
网格本,2
浮士德,2
弗兰克赫伯特,2
起点,2
LA,2
迈克尔康奈利,2
阿特斯皮格曼,2
少年儿童百科全书,2
小川绅介,2
黎堅惠,2
赠送,2
青春言情,2
碧甃沉,2
独步天下,2
李歆,2
凤囚凰,2
电影相关,2
犯罪心理小说,2
纪媛媛,2
爱你是我做过最好的事,2
第二部,2
暗影三十八万,2
月球,2
神的密码,2
幽灵旗,2
HR,2
青衫落拓,2
晴空蓝兮,2
第三种爱情,2
柔软,2
思维的乐趣,2
中国现当代小说,2
鼠疫,2
大卫马梅,2
葛剑雄,2
吉列尔莫马丁内斯,2
中井英夫,2
拉里尼文,2
计算机技术,2
丁聪,2
川口开治,2
池上辽一,2
高桥阳一,2
佐藤文也,2
梯利,2
经济理论,2
詹姆斯布利什,2
凯特威廉,2
索耶,2
杰克威廉森,2
Art,2
美术理论,2
交互,2
破案,2
窗边的小豆豆,2
玛格丽特小镇,2
神秘学书架,2
巴里科,2
三联绘本馆,2
如果在冬夜一个旅人,2
绿山墙的安妮,2
盖伊加夫里尔凯,2
地海传奇,2
虫师,2
英国皇家科学院,2
纽约时报畅销书,2
信任,2
火星,2
TerryPratchett,2
石田裕輔,2
霍恩比,2
安德烈,2
重返号公路,2
格伦古尔德,2
GlennGould,2
乔纳森科特,2
押見修造,2
科幻世界,2
超新星纪元,2
和空姐同居的日子,2
每晚一个离奇故事,2
工作,2
網絡小說,2
自传体小说,2
trpg,2
刘禾,2
CS刘易斯,2
杰克万斯,2
三部曲,2
空知英秋,2
森見登美彦,2
加百列,2
阿莫斯奥兹,2
社会小说,2
外出偷马,2
春天责备,2
项羽,2
刘邦,2
动物庄园,2
菲利普马洛,2
圣诞忆旧集,2
美国PeterHessler,2
张起灵,2
再袭面包店,2
约翰麦克纳尔蒂,2
二战人物,2
书剑恩仇录,2
构图,2
上下五千年,2
大暮维人,2
贰瓶勉,2
健美,2
肌肉,2
本田真吾,2
鱼,2
COMIC,2
暗之声,2
人格心理学,2
赌博默示录,2
烈火如歌,2
花千骨,2
香蜜沉沉烬如霜,2
哑舍,2
种村有菜,2
魔法骑士,2
穿越架空,2
冈仓天心,2
逗比,2
一路去死,2
移民作家,2
GillesDeleuze,2
Cioran,2
JohnBerger,2
Calvino,2
羅蘭巴特,2
曲選,2
王路,2
消磨,2
奇门异术,2
我爱历史,2
地狱变,2
藥丸岳,2
谋杀似水年华,2
这种书应该零颗星的,2
返祖,2
殊能將之,2
向日葵不开的夏天,2
分身,2
校园推理,2
衛斯理,2
天机第四季,2
沉睡之城,2
登山,2
星际旅行,2
叶礼庭,2
阿尔巴尼亚,2
齐格蒙特鲍曼,2
夏济安,2
王晓明,2
东浩纪,2
乔纳森海特,2
沃伦,2
叶朗,2
张少康,2
久保保久,2
藤沢亨,2
乔纳森卡勒,2
伊藤虎丸,2
竹内好,2
卜伽丘,2
刘义庆,2
理查德巴赫,2
史蒂文森,2
陶东风,2
凯瑟琳奥兰丝汀,2
罗钢,2
弗雷泽,2
黄子平,2
埃德蒙罗斯丹,2
约翰托兰,2
朱朱,2
莪默伽亚谟,2
赵一凡,2
自傳,2
设计学,2
賴明珠,2
周耀輝,2
巫言,2
日本战后派,2
MediaArt,2
CelesteNg,2
DCcomics,2
DennisLehane,2
Lennon,2
JohnLennon,2
斯科塞斯,2
朱镕基,2
AlainDeBotton,2
散步,2
冷知识,2
大教堂,2
one,2
批评官员的尺度,2
格列佛游记,2
伊索寓言,2
夏正正,2
梅尔维尔,2
日常,2
伪科学,2
白痴,2
繁星春水,2
高老头,2
堂吉诃德,2
中国古典名著,2
乌龟漫漫,2
潜水钟与蝴蝶,2
安妮日记,2
小妇人,2
田山花袋,2
竺家荣,2
宋以朗,2
张学良,2
北京十月文艺出版社,2
查理芒格,2
寿岳章子,2
黑泽和子,2
王昀燕,2
料理,2
李芒,2
细腻,2
布莱恩魏斯,2
前世,2
精神之旅,2
任祥,2
第一修正案,2
臭牛逼,2
吕楠,2
短文,2
史料笔记,2
习俗,2
RobertoBolao,2
斯塔尼斯瓦夫莱姆,2
赵志明,2
章东磐,2
维利罗尼,2
广告创意,2
广西师大出版社,2
读书与书评,2
马拉默德,2
宫本常一,2
盛文强,2
余泽民,2
木偶奇遇记,2
东方,2
江城,2
朱天衣,2
约翰斯坦贝克,2
中经典,2
王新禧,2
马宏杰,2
巨流河,2
三寸金莲,2
小脚,2
一千零一夜,2
裴士鋒,2
卡里埃尔,2
SebastiaoSalgado,2
脑洞大开,2
电影眼,2
父爱,2
丁午,2
SaintExupery,2
过于喧嚣的孤独,2
好兵帅克,2
英伦,2
刘子超,2
冷治愈,2
当天使飞过人间,2
晚晴,2
冬子,2
新书,2
类书,2
版画,2
子,2
旅游行走系列,2
契斯,2
荒木經惟,2
喵星人,2
手艺,2
把青春唱完,2
历代笔记小说大观,2
书信日记,2
rock,2
谁动了我的奶酪,2
蜡笔小新,2
图片,2
居斯塔夫勒庞,2
群体,2
荒原狼,2
当代中国史,2
米歇尔法柏,2
雨必将落下,2
灵魂,2
酉阳杂俎,2
肥彭,2
Sempe,2
桑贝Semp,2
冯克力,2
电影类,2
川菜,2
萌可爱,2
旧书,2
张燕淳,2
张怡微,2
三辉策划,2
毛晓雯,2
斯坦福监狱,2
藏族,2
Europe,2
所罗门诺瑟普,2
传记年谱回忆录,2
双生水莽,2
国内,2
离魂,2
海豚简装,2
清代,2
近代小说,2
manga,2
王铭铭,2
岳麓书社,2
书店的灯光,2
百鬼夜行,2
獵奇,2
猎奇向,2
一个人的村庄,2
故事书,2
现实一种,2
生死桥,2
搜神记,2
快乐王子,2
人生哲理,2
古谷実,2
性文化,2
胭脂扣,2
翁达杰,2
第七天,2
乌克兰拖拉机简史,2
禅的行者行者体会禅,2
我是你流浪过的一个地方,2
经典文学,2
绘意,2
洗澡,2
图文山海经,2
混乱青春,2
在细雨中呼喊,2
清醒纪,2
我有书,2
essayc,2
economics,2
modernc,2
essayf,2
阿波利奈尔,2
席勒,2
古希腊文学,2
陈寿,2
亨利米肖,2
费尔巴哈,2
王太庆,2
孙中山,2
托马斯莫尔,2
日本哲学,2
福泽谕吉,2
墨子,2
韩非子,2
章太炎,2
戴季陶,2
褚人获,2
鼓浪屿,2
通信,2
成人童话,2
叛逆,2
南美洲,2
伊索,2
剑桥插图史,2
风景,2
灵感,2
台湾新电影,2
洛克,2
现代艺术,2
JohnSzarkowski,2
王竞,2
书法史,2
阿尔都塞,2
文人画,2
汪丁丁,2
MichelFoucault,2
艺术哲学,2
雷诺阿,2
文徵明,2
DanielArasse,2
朱青生,2
王博,2
萌萌哒,2
东京梦华录,2
幽梦影,2
鱼羊野史,2
老残游记,2
个思想实验,2
思想实验,2
冷暴力,2
心智成长,2
年罗辑思维书店开卖,2
独特视角,2
二十四节气,2
青简,2
自传性作品,2
三个火枪手,2
意大利ItaloCalvino,2
南京译林出版社,2
类型小说,2
动物小说,2
失物之书,2
美J道格拉斯凯尼恩,2
文学回忆录,2
社会学与人类学,2
文艺范,2
社会学人类学心理学,2
狂热分子,2
罗振宇,2
人生的枷锁,2
在难搞的日子笑出声来,2
解读电影,2
全集,2
台北人,2
装逼装B幽默讽刺辛辣畅销,2
杂文读本,2
厨房,2
生活本就平淡如水,2
中国大历史,2
上学记,2
刘海龙,2
分手信,2
随园食单,2
有味,2
保罗安德鲁,2
华尔街日报,2
祖国的陌生人,2
刘炳善,2
约炮的哲学支持,2
光荣与梦想,2
蒋彝,2
牛津,2
哑行者,2
消费社会,2
村上式的寻找,2
我们的她们,2
少年巴比伦,2
农民中国,2
月亮与六便士,2
人文文化社科教育,2
黄集伟,2
走吧张小砚,2
迟到的间隔年,2
交流的无奈,2
崔永元,2
感动人情味,2
生活中的经济学,2
与他共度世,2
观念史,2
送礼佳品,2
托斯卡纳,2
佛罗伦萨,2
有待琢磨,2
社会语言学,2
生态学,2
外国人看中国,2
治史三书,2
第一推动丛书,2
历史社会学,2
科幻汇编,2
秦汉之前,2
秦汉,2
水城雪可奈,2
奥利维雅贾德森,2
血疫,2
尼古拉斯卡尔,2
过把瘾就死,2
真实事件改编,2
清末,2
乌青,2
争议,2
结爱异客逢欢,2
八卦艺术史,2
沙丘,2
我的孤独是一座花园,2
N世界,2
蒲宫音,2
李枫,2
临界爵迹,2
卢丽莉,2
黑暗,2
我想你永远天真,2
全世爱,2
王浣,2
ZUI,2
澜本嫁衣,2
最初的爱情最后的仪式,2
苏德战争,2
沈志华,2
西方军事,2
东德,2
第三次世界大战,2
克格勃,2
伪书,2
世界通史,2
意志,2
罗伯特哈里斯,2
历史反思,2
Y,2
G,2
W,2
马克斯特兰德,2
女性小说,2
荷西,2
想读,2
移民文学,2
纽伯瑞儿童文学奖,2
搞懂坏人,2
顾西爵,2
vivibear,2
中国历代政治得失,2
一见钟情,2
IPHONE阅,2
有关生存,2
忘年恋,2
有关自杀,2
译本最多,2
非虚构文学杂文集,2
王子,2
丹麦文学,2
大海,2
童话童话故事集,2
角色双生花,2
乱伦,2
中年危机,2
角色洛丽塔,2
非虚构文学随笔,2
神父,2
问题小说,2
天秤座,2
麻烦家伙,2
清新简约,2
有关逃亡,2
虚构文学推理小说,2
生涩,2
侦探推理系,2
前半部分无聊看完发现神作,2
颠覆世界观,2
角色动物拟人,2
BOOKSTORE阅,2
绘本合集萌,2
存在于书本的艺术,2
缘分,2
新感觉派,2
歌舞音乐系,2
西方哲学小说,2
妓女,2
失望,2
有关诗歌,2
非虚构文学艺术批评,2
有关拍电影,2
河北教育出版社,2
文学杂志,2
音乐家,2
美术漫画册,2
北方妇女儿童出版社,2
BENJAMIN,2
绘本合集华语绘本,2
张耀,2
让人花痴的角色,2
杨义,2
聂永真,2
蓝色大门,2
王家卫,2
数码摄影,2
生死场,2
异乡人,2
郑亚玲,2
外国电影史,2
感情,2
新,2
华音流韶,2
亚瑟克拉克,2
张春,2
感谢配偶,2
章回体,2
斗破苍穹,2
乔伊斯卡罗尔欧茨,2
克雷洛夫,2
陈土的六根头发,2
躲进世界角落,2
帝国系列,2
坛经,2
天涯明月刀,2
少林寺第八铜人,2
直播体,2
Linguistics,2
Statistics,2
安德鲁所罗门,2
情绪治疗,2
费利尼,2
HIV,2
奇男子,2
Deduction,2
中川,2
彩景,2
Existentialism,2
団鬼六,2
倫敦巴里子,2
鳶田瀬,2
明治子,2
森世,2
恋煩,2
Military,2
内藤泰弘,2
嘉島,2
ZAKK,2
CJMichalski,2
OKAMA,2
Rogue,2
Philosophy,2
Business,2
Finance,2
ShortStory,2
司馬遼太郎,2
Poetry,2
Absurdism,2
AntonChekhov,2
HansChristianAndersen,2
ThomasHardy,2
HenryDavidThoreau,2
奶爸,2
闲时翻阅,2
杂,2
台湾电影,2
今何在海上牧云记,2
丧,2
阶层,2
政治社会学,2
斗罗大陆,2
值得一读文笔很好,2
餐饮,2
那些有伤的年轻人,2
定位,2
思想控制,2
刘鹗,2
红高粱,2
鸟看见我了,2
我是猫,2
莫里哀,2
王小帅,2
改编,2
布努艾尔,2
天黑以后,2
斯普特尼克恋人,2
奇鸟行状录,2
西方正典,2
北斗神拳,2
网站设计,2
温莎墓园日记,2
爱心树,2
猜猜我有多爱你,2
很喜欢,2
时光难描募,2
月老,2
黑笑小说,2
新结婚时代,2
流行,2
一个人住第九年,2
jimmy,2
蓝石头,2
網絡文學,2
小说读本,2
读不完的,2
后青春期的诗,2
分钟小说选,2
魔幻奇幻魔幻玄幻,2
ILAND,2
葛冰,2
已有,2
漪然,2
小书房,2
淡淡的绘本,2
舒比格,2
留给女儿,2
幻想没有边际,2
童,2
浦蒲兰,2
童真,2
赞赞,2
童话故事,2
等一個人咖啡,2
等一个人咖啡,2
殺手系列,2
杀手系列的另类但是最爱,2
殺手流離尋岸的花,2
星象,2
月亮晚安,2
中国童话,2
功夫,2
是谁嗯嗯在我的头上,2
闲书看了激动啊,2
李志伟,2
丁西西,2
岳轻枫,2
现代社会,2
房奴,2
一个人住第年,2
流氓姑娘看流文,2
一個人上東京,2
暖暖,2
爱与隔膜与孤独,2
韩寒小说光荣日,2
上海壹周,2
日本小說,2
秦明,2
司徒琳,2
顾孟劼,2
律师,2
美国众神,2
平面狗,2
元杂剧,2
万寿寺,2
残酷,2
对联,2
渲染等候书,2
琅琊榜,2
阿耐,2
古书之美,2
惜春纪,2
历史人物传记,2
纪实小说,2
一九四二,2
忘言书,2
生活笔记,2
中国社会,2
三毛echo,2
动机与人格,2
法律哲学,2
热血青春,2
唐七,2
就想开间小小咖啡馆,2
星云大师,2
释迦牟尼佛传,2
旅途札记,2
我们在此相遇,2
英伯格BergerJ,2
基督,2
lolita,2
消遣,2
那些年,2
受用,2
尼尔唐纳德沃尔什,2
民法,2
拆迁,2
各自的朝圣路,2
温柔的叹息,2
了凡四训,2
噪音太多,2
拥抱逝水年华,2
一行禅师,2
荷包里的单人床,2
营养学,2
余华精选集,2
科幻类,2
哲学类,2
涪陵,2
英文原著,2
钢铁是怎样炼成的,2
肖申克的救赎,2
东宫,2
Taiwanese,2
浮世绘,2
台B八旗文化,2
香港歷史,2
記憶歷史書寫,2
夏衍,2
現代文學,2
繁花,2
毕希纳,2
电影文化,2
新选组,2
黄霑,2
日本电影史,2
菊花与刀,2
威尔基柯林斯,2
九故事,2
张译,2
吾皇和巴扎黑的故事,2
萌宠,2
詹妮弗伊根,2
朱诺迪亚斯,2
土摩托,2
艾未未,2
蒋一谈,2
圣诞,2
导游,2
钱钢,2
visualart,2
aboutpeople,2
Google,2
弦论,2
超弦理论,2
旅游指南,2
SusanHayward,2
哲学心理,2
文集精选,2
王泽,2
克里斯托弗诺兰,2
Kid岁,2
第年秒,2
使徒子,2
保罗巴奇加卢皮,2
恩斯特克莱恩,2
Tangstory,2
蒂埃里德迪厄,2
贝娅特丽丝阿勒玛尼娅,2
卡梅伦韦斯特,2
曹天元,2
石黑谦吾,2
巴乔,2
乐嘉,2
wow,2
波尔安德森,2
圣艾修伯里,2
子不语,2
阿堵,2
飞浩隆,2
小谢,2
精神病理,2
性別研究,2
五味太郎,2
风维,2
虐心,2
水天,2
闪灵,2
达妮拉库洛特,2
马克斯维尔修思,2
麦克格雷涅茨,2
娜斯,2
日语学习,2
公子羽,2
内斯比特,2
麦克布雷尼,2
仙流,2
自控力,2
literature,2
花婆婆,2
刺客聂隐娘,2
内山完造,2
电台,2
野象小姐,2
幸福了吗,2
MyWay,2
中町信,2
镖人,2
杰拉德戴蒙德,2
麦卡托鲇,2
秋吉理香子,2
罗尔夫多贝里,2
王东,2
激情香水,2
北森鸿,2
SJ沃森,2
艾伦李,2
大辣,2
行尸走肉,2
old先,2
怀孕,2
渡辺麻友,2
制服,2
所有人问所有人,2
satan,2
四大名捕系列,2
悲剧系列,2
尚月地,2
既晴,2
张维为,2
阿越,2
爱伦坡奖,2
百濑忍,2
萝莉控,2
我的帝王生涯,2
间隔年,2
威尼斯日记,2
由貴香織里,2
新潮社,2
新書館,2
曼联,2
生活记录,2
动物漫画,2
中二病,2
孙莉,2
莉迪亚戴维斯,2
陈琦,2
斩鞍,2
克里斯安德森,2
ComputerScience,2
商务,2
会计,2
刘大人的水准,2
设计诗,2
等风来,2
游记或是指南,2
刘顺仁,2
读过三遍以上,2
NOTBAD,2
晏几道,2
恺撒,2
一人食,2
李娜,2
于尔克舒比格,2
阿伦森,2
金星,2
陈之遥,2
步微澜,2
金陵雪,2
五十岚优美子,2
capote,2
nonfiction,2
挚爱,2
MBA,2
源氏物语,2
梁遇春,2
也斯,2
饭岛奈美,2
赖瑞和,2
沈璎璎,2
萧楼,2
天子谋,2
小说鉴赏课,2
文化属性,2
暖萌,2
胭脂扣生死桥,2
中国现当代,2
張國榮,2
麦克莫波格,2
文化悬疑,2
西游小说,2
刘昊然,2
伊恩兰金,2
金钱,2
初恋爱,2
佐贺的超级阿嬷,2
献给青春,2
清宫穿越小说,2
同志文学,2
世界尽头与冷酷仙境,2
杨飞,2
痴情司,2
新诗,2
复旦,2
日剧,2
光,2
把力气花在你想要的生活上,2
增长黑客,2
医疗,2
法庭,2
埃米尔库斯图里卡,2
商业史,2
华语文学,2
形意,2
指纹,2
国术,2
樊树志,2
单田芳,2
侠异,2
平江不肖生,2
文化生活译丛,2
连阔如,2
黄裳,2
一本道,2
马桶,2
文人,2
特务,2
宏历史,2
随意,2
女性读物,2
我喜欢陆小寒,2
个人提升,2
清单,2
周宏翔,2
我有个恋爱想和你谈下,2
海蒂,2
午歌,2
暖床故事,2
小北,2
青春故事,2
愿是我陪你颠沛流离,2
慢生活,2
曾经,2
职业发展,2
好玩的,2
心灵耳光,2
世界与你无关,2
歌尽桃花,2
师徒恋,2
调侃,2
圆舞,2
同门,2
农民,2
变态心理学,2
她比烟花更寂寞,2
蔡子痞,2
秦观,2
两性情感,2
碧奴,2
面包树上的女人,2
香初上舞,2
寂寞空庭春欲晚,2
来不及说我爱你,2
龙榆生,2
词学,2
蒋捷,2
饮水词,2
傅斯年,2
王昆仑,2
清醒记,2
流言,2
词集,2
吉田兼好,2
白色城堡,2
间濑元朗,2
今村昌弘,2
市川憂人,2
陈美龄,2
浅田次郎,2
段一,2
贯井德郎,2
薛西斯,2
深水黎一郎,2
唐娜塔特,2
神秘日志,2
罗苹荷布,2
重松清,2
祐光正,2
桃丽海顿,2
恒川光太郎,2
迷雾之子,2
伏見,2
东京巴比伦,2
JUMP,2
上瘾,2
生活态度,2
须臾,2
时代三部曲,2
法老的宠妃,2
驱魔人,2
文学解析,2
梁公,2
花草,2
赵赵,2
中国科普名家名作,2
埃尔热,2
IS,2
阿拉蕾,2
猎人,2
恐怖悬疑,2
很精辟有趣的一本书,2
中日文化,2
一个人的朝圣,2
效果研究,2
托芙扬松,2
成長,2
追寻逝去的时光,2
小耳朵,2
杰克福翠尔,2
织田作之助,2
镰池和马,2
三香,2
左京亜也,2
成长励志,2
字帖,2
郎咸平,2
生平事迹,2
杂文集,2
普及读物,2
猫眼三姐妹,2
洁尘,2
南仁淑,2
素描,2
瑜伽,2
神尾叶子,2
文献,2
安东尼伯克莱,2
古典推理,2
雷钧,2
新修版,2
汪荣祖,2
新御手洗,2
隆美尔,2
丘吉尔,2
石头记,2
巴黎圣母院,2
卡斯顿勒鲁,2
谷崎润一郎文学奖,2
埃里克霍弗,2
自媒体,2
肉唐僧,2
辛弃疾,2
陈继儒,2
保罗克罗宁,2
钱文忠,2
山田风太郎,2
影视读物,2
背包,2
惊奇档案,2
香港新浪潮,2
西蒙詹金斯,2
精选集,2
雷雷雷雷雷雷雷雷雷雷雷雷雷雷雷雷雷雷雷雷雷雷雷雷雷雷雷,2
HGWells,2
人像,2
姑获鸟之夏,2
独特的世界观,2
法,2
其他国家,2
正义,2
朗西埃,2
殷海光,2
性科普,2
现当代史,2
资料集,2
燕公子和薛好大卖迎啦,2
木木,2
长歌行,2
你能感受到杂文里的激情,2
挖空钱包的外来宝,2
孙机,2
萧潜,2
叙事,2
启功,2
ecommerce,2
我吃西红柿,2
霍布豪斯,2
王宜文,2
末世,2
岛崎藤村,2
山前让,2
亨利梅利维尔爵士,2
读,2
SHNU时期,2
天下一大五郎,2
西岭雪,2
化妆,2
西藏生死书,2
罗飞,2
性侵,2
电影美学,2
电影作者,2
技术哲学,2
電影筆記,2
文学史文学批评及理论,2
经济思想史,2
李劼人,2
杜赞奇,2
张凤阳,2
桑德尔,2
埃利亚斯,2
布迪厄,2
孙立平,2
林拉德纳,2
蔡元培,2
须兰,2
艾尔巴比,2
勞工,2
地海系列,2
階級,2
遠藤周作,2
約翰伯格,2
梅英東,2
人類學,2
北韓,2
張悅然,2
城市化,2
罗伯特库佛,2
乔治佩雷克,2
已有电子书,2
东方主义,2
翻译太差,2
阿里巴巴,2
马云,2
说话,2
包法利夫人,2
彼德汉德克,2
沈奇岚,2
benjamin,2
佛教史,2
魏晉南北朝,2
汉译名著,2
中國近代史,2
史杰鹏,2
顾前,2
徐若瑄,2
王晶,2
西村寿行,2
狗子,2
芒克,2
儿童读物,2
古龙武侠,2
悬疑惊险,2
我的爱,2
爱与欲望,2
廖伟棠,2
D打印,2
吴秀波,2
后窗看电影,2
富春山居图,2
当代诗歌,2
卡夫卡陆,2
独立书店,2
暴力美学,2
历史随笔,2
相声,2
中国史学史,2
世界近代史,2
何藩,2
港版书,2
自家出品,2
EmilyDickinson,2
智海,2
早见纯,2
She,2
彭磊,2
黑木明纱,2
李傻傻,2
宮崎,2
郑文光,2
万维钢,2
温方伊,2
万圣书园,2
关军,2
徐星,2
陈俊志,2
臭虫,2
ipad,2
王刚,2
Woolf,2
Coetzee,2
柳比歇夫,2
三七,2
JABaker,2
梅峰,2
赛人,2
金戈登,2
何式凝,2
景军,2
钟文音,2
被爱路过,2
基兰德赛,2
我坐在彼德拉河畔哭泣,2
苦难史,2
杂猎博物,2
王夫之,2
通鉴,2
史评,2
楚辞,2
屈原,2
讲故事,2
金正日,2
意大利语,2
Italiano,2
陈文茜,2
东京昆虫物语,2
裸猿三部曲,2
陳德政,2
詩集,2
奶猪,2
土耳其东部,2
艾丽丝默多克,2
周其仁,2
草婴,2
黄哲伦,2
楚惜刀,2
李昌镐,2
呐喊,2
阿子,2
教育社会学,2
乌纳穆诺,2
罗伯特弗罗斯特,2
霍米巴巴,2
人文地理学,2
段义孚,2
面子,2
学术写作,2
李连江,2
劳工研究,2
棋王,2
萧公权,2
玛丽瑞瑙特,2
章培恒,2
高一,2
戏曲剧作,2
等待完结,2
物理研究,2
华语漫画,2
通俗小说,2
JeanCocteau,2
RonRash,2
罗新,2
未竟,2
威尼斯,2
西南,2
拉萨,2
符号,2
殖民地,2
陆智昌,2
photoshop,2
佛陀,2
湖南,2
陆元敏,2
黑白摄影,2
深河,2
活着活着就老了,2
周达观,2
吴哥,2
温暖小书,2
观鸟,2
鸟类,2
转山,2
三里屯,2
理论思想,2
Anthropology,2
索莱尔斯,2
博客,2
雪国,2
JoNesbo尤奈斯博,2
GeorgeOrwell喬治歐威爾,2
黑柳徹子,2
萬城目學,2
KurtVonnegut馮內果,2
小安,2
硬派武侠,2
丹纳,2
怒河春醒,2
晚清史,2
生活的艺术,2
流血的仕途,2
吉檀迦利,2
张居正,2
帝国的终结,2
毛泽东传,2
亲爱的三毛,2
道士下山,2
我的房东叫别扭,2
唐扶摇,2
保罗索鲁,2
开裆裤时期,2
费里纳里奥康纳,2
麦尔维尔,2
洛枫,2
上海书店,2
黑镜头,2
辜鸿铭,2
航海,2
现代主义小说,2
版式,2
陆铭,2
闪开让我歌唱八十年代,2
阿修罗,2
十二生肖系列,2
廣告,2
历险,2
操作系统,2
土司,2
凤凰,2
历程,2
崇祯,2
郑振铎,2
群山之巅,2
荒谬,2
真实案件改编,2
强强,2
修仙,2
现代诗,2
老年,2
谁家有女初长成,2
安珀志,2
海伯利安,2
系列,2
毁灭,2
自然主义,2
香港作家,2
赖明珠,2
社会文化史,2
经济学入门,2
埃德蒙克里斯平,2
这样一个神奇女子,2
华人文学,2
書信,2
德国古典哲学,2
Heidegger,2
胡塞尔,2
乔姆斯基,2
视野,2
网络生活,2
穆鸿逸,2
文學理論,2
佛學,2
越南,2
Duras,2
唐德剛,2
胡適,2
韓寒,2
馬克思,2
沈浩波,2
宇向,2
罗伯特瓦尔泽,2
果戈里书店,2
赵松,2
谢阁兰,2
约恩福瑟,2
小樹,2
hiphop,2
RS托马斯,2
卡瓦菲斯,2
杨黎,2
康定斯基,2
费雪,2
让科克托,2
亨特汤普森,2
刚左,2
男人都是智障,2
王敖,2
年少轻狂幸福时光,2
虽死犹生,2
冷读术,2
美容护肤,2
成宮寛貴,2
ClaudeLviStrauss,2
胡蘭成,2
卡爾維諾,2
睿智,2
中产阶级,2
CATTI,2
MarinaLewycka,2
历史研究,2
ThomasMann,2
拍摄技巧,2
计算机网络,2
话语,2
货币战争,2
货币,2
布鲁诺巴贝,2
占豪,2
感官,2
身,2
剑桥艺术史,2
小说理论,2
专栏合集,2
预言,2
趋势,2
互联网思维,2
EarnestHemingway,2
writing,2
NLP,2
概率论,2
数据挖掘,2
萧沆,2
林来梵,2
宿命,2
百物语,2
鹿男,2
迪诺布扎蒂,2
重现经典,2
CormacMcCarthy,2
罗摩衍那,2
速成读本,2
二人证据,2
bl,2
奥尔加托卡尔丘克,2
北漂,2
包慧怡,2
張婉婷,2
羅啟銳,2
音频,2
帕聚斯金德,2
W四方田犬彦,2
T大卫林奇,2
T访谈,2
T让吕克戈达尔,2
宅人书,2
读城记,2
选择,2
国民党,2
未来规划,2
和安全感战斗,2
古汉语,2
会有天使替我爱你,2
青春校园,2
品人录,2
世界是平的,2
现代汉语词典,2
毒品,2
安比蒂,2
神秘主义,2
阿瑟伯格,2
卡西尔,2
人论,2
莫迪阿诺,2
政治讽刺,2
海南美术摄影出版社,2
陈徒手,2
何炳棣,2
电影技术,2
分镜头,2
三国志,2
汤因比,2
外研社,2
BNGD关于电影,2
打工旅行,2
練習,2
吴迪,2
鹿易吉塞拉菲尼,2
刘易斯卡罗尔,2
斯宾塞约翰逊,2
JavaScript,2
圖書館,2
猫力,2
盗版,2
期刊,2
三浦春马,2
長澤,2
剧情,2
骑兵,2
莫莉蓟野,2
metafiction,2
JulianBarnes,2
SuzanneCollins,2
鸡皮疙瘩,2
读库xMUJI,2
本屋大赏,2
西加奈子,2
印尼,2
世纪年度最佳外国小说,2
蔡珠儿,2
雅众,2
海豚出版,2
朱迪皮考特,2
不伦,2
许佳,2
云图,2
不经语,2
蓝白色,2
枯山水,2
右派,2
公司,2
找到你自己,2
灯塔,2
书单,2
Jane,2
人格,2
暗时间,2
古龍,2
咬文嚼字,2
扯淡,2
靠自己去成功,2
东周列国志,2
连城诀,2
钟大丰,2
中国电影史,2
一个广告人的自白,2
自白,2
儒林外史,2
社会历史,2
谈美,2
剑桥,2
习惯,2
Jobs,2
悟空,2
蜀山剑侠传,2
苏东坡传,2
塞缪尔亨廷顿,2
人文历史哲学,2
正史野史,2
花季雨季,2
伊豆的舞女,2
达尔文,2
儿时读物,2
梅里美,2
品三国,2
AliceMunro,2
StephenHawking,2
保守主义,2
拿破仑战争,2
FranoisJullien,2
生活在遥远的年代,2
罗丹,2
梁宗岱,2
奴隶制,2
立体书,2
为人,2
深刻,2
流行文学,2
厨房文学,2
女生女生,2
宣传,2
政治传播,2
岳南,2
ModernArt,2
孟德斯鸠,2
寻找时间的人,2
毒舌,2
中国纪实,2
外文原版,2
Woodstock,2
十二国记,2
柳宗元,2
小说历史,2
小说军事,2
C战斗系,2
R工具书,2
C灾难生存系,2
TC四格漫画超短篇,2
TN短篇小说集,2
S科幻,2
Z儿童文学,2
TF长篇童话,2
九龙城寨,2
眠去,2
史詩,2
TomasTranstrmer,2
凌越,2
黃燦然,2
李笠,2
王佐良,2
AlexanderPushkin,2
邹静之,2
叶维廉,2
KUSO,2
必读,2
建筑学,2
IDEO,2
presentation,2
法拉奇,2
大脑,2
苏美,2
架空小说,2
一度君华,2
仙妖,2
commic,2
巴基斯坦,2
心水佳作,2
龙一,2
狄仁杰,2
凯蒂洛芙,2
手记推理,2
鸡丁,2
狗血,2
李诞,2
相泽沙呼,2
黄青蕉,2
冈崎琢磨,2
苍川上鹰,2
天藤真,2
白河三兔,2
赤星香一郎,2
陈怅,2
东山彰良,2
奈须蘑菇,2
吴昉,2
加纳朋子,2
真保裕一,2
GK切斯特顿,2
渡边容子,2
谋杀专门店,2
森雅裕,2
莫里士卢布朗,2
装甲,2
荒诞派,2
D,2
N,2
来自海境,2
许宏,2
李山,2
赵汀阳,2
藤原薰,2
手账,2
Classics,2
西方文明,2
抗日,2
王强,2
野岛刚,2
笔记体,2
米克洛斯尼斯利,2
蔡义江,2
林培源,2
小品,2
旧社会,2
口袋巧克力,2
罗伯特C艾伦,2
道格拉斯戈梅里,2
斯多葛学派,2
北美,2
赛车,2
情欲性学,2
大部头,2
萧凯茵,2
第八号当铺,2
专题,2
唯理主义,2
城市文化,2
伊丽莎白吉尔伯特,2
向死而生,2
曼斯菲尔德,2
伊东丰雄,2
穆时英,2
李戡,2
NHK,2
日系推理小说,2
今野敏,2
日本語,2
红色经典,2
杨沫,2
蒼井優,2
柯文,2
清单人生,2
满洲国,2
满洲,2
联合舰队,2
日本海军,2
潇水,2
中国官场,2
拿破仑,2
牛博,2
贝多芬,2
唐师曾,2
日俄战争,2
老冰,2
家藏书,2
五角丛书,2
大学课本,2
红宝书,2
马勒,2
制度经济学,2
最后一颗子弹留给我,2
第二次中日战争,2
吉尼斯,2
风声,2
宪法,2
骗局,2
李洁非,2
塞巴斯提安哈夫纳,2
文化艺术,2
杨红撄,2
推理破案,2
超级畅销书,2
迈克尔坎宁安,2
皮埃尔比恩鲍姆,2
英國文學,2
张翎,2
上海译文名著文库,2
世纪人文系列丛书,2
环境学,2
垮掉一代,2
法语教学,2
内田树,2
圈里圈外,2
千年一叹,2
记得,2
今野,2
不负如来不负卿,2
若热亚马多,2
林斯谚,2
竹本健治,2
用户研究,2
品牌设计,2
DavidLynch,2
Atwood,2
cheers,2
Carver,2
图文,2
AlicesAdventuresinWonderlan,2
魔山,2
wilde,2
zj,2
小红帽,2
Casablanca,2
Wittgenstein,2
书信体,2
外国当代文学,2
文学评论研究消遣,2
散文随笔札记回忆录,2
和平,2
行为艺术,2
心理小说,2
反战,2
卓别林,2
沙发客,2
哈姆莱特,2
雾都孤儿,2
麦琪的礼物,2
欧美奇幻,2
文聘元,2
为了论文,2
晦涩,2
李世民,2
威廉夏伊勒,2
侧侧轻寒,2
梅毅,2
改革,2
朱棣,2
大秦帝国,2
丽端,2
银英,2
陈羡,2
明亡清兴,2
白马啸西风,2
藏獒,2
地质学,2
悦然,2
古代小说,2
五代十国,2
海上牧云记,2
社会学中国农村,2
我们的幸福时光,2
赛博空间,2
文化地理,2
古典文學,2
苏青,2
狗尾续貂,2
霍去病,2
实体书,2
交际,2
假如给我三天光明,2
世界上最疼我的那个人去了,2
聆听父亲,2
NANA,2
Coursera,2
PaulVirilio,2
策展,2
引爆点如何制造流行,2
都是你给我的爱,2
第九个寡妇,2
笑忘录,2
OHenry,2
乾,2
Ursula,2
细江英公,2
天野喜孝,2
植芝理一,2
女书,2
经济社会,2
颜色,2
奇幻文学,2
探秘,2
日本语,2
中山昌亮,2
JoNesbo,2
张靓蓓,2
家庭传记,2
书院,2
心之罪,2
曼昆,2
米兰lady,2
金子美玲,2
微生物,2
最好金龟换酒,2
单行道,2
轻喜,2
木浮生,2
奶茶,2
Nabokov,2
AllanBloom,2
施特劳斯学派,2
童子,2
天下第一,2
犹记多情,2
女仆咖啡厅,2
竹冈美穗,2
Fate,2
古橋秀之,2
Basso,2
小野夏芽,2
翻案,2
威尔斯,2
周耀辉,2
沙门空海,2
经济学原理,2
念一,2
大明宫词,2
西游日记,2
柔福帝姬,2
晃晃悠悠,2
爸爸爱喜禾,2
齐如山,2
茨维塔耶娃,2
又寂寞又美好,2
广岛之恋,2
旧时月色,2
山河岁月,2
河原和音,2
汉声,2
宫泽理惠,2
杨澜,2
王小慧,2
摄影艺术,2
小平邦彦,2
mobi,2
时未寒,2
epub,2
棒球,2
拉玛系列,2
DoctorWho,2
日吉本芭娜娜,2
献给阿尔吉侬的花束,2
安妮系列,2
世纪少年,2
悲惨世界,2
杨冰阳,2
反叛,2
双城记,2
时代小说,2
野花,2
儒家,2
动物园,2
洞洞书,2
西伯利亚,2
儿童小说,2
杨松,2
培训教材,2
个人史,2
王外马甲,2
大萧条,2
评论待补,2
古书堂系列,2
乡土文学,2
猎魔人系列,2
虚拟现实,2
保罗巴奇加鲁皮,2
山形石雄,2
涼宮春日,2
kuso,2
生活哲学,2
中医养生,2
SEO,2
再读,2
华罗庚,2
学术生涯,2
科研,2
笔记阅读,2
长月达平,2
谢尔盖卢基扬年科,2
榎宮祐,2
三云岳斗,2
红玉伊月,2
Ling,2
岡田斗司夫,2
小酒井不木,2
遥远的救世主,2
史蒂文斯,2
技巧,2
正念,2
诸子,2
金醉,2
夜行者,2
民国探案,2
老北京纪实,2
孤独死,2
太田紫织,2
赵之羽,2
斌卡,2
日和手帖,2
受戒,2
阴翳礼赞,2
看的是电子书没有实体书,2
法源寺,2
现言,2
社会心理经济,2
爱德华霍克,2
浅绿,2
迷茫,2
哈内克,2
曾子墨,2
苏菲卡尔,2
杨眉,2
元悟空,2
李凉,2
泡沫之夏,2
秘密花园,2
认知心理学,2
阿甘正传,2
世界的凛冬,2
时间回旋,2
血酬定律,2
黄花地碧云天,2
冰临神下,2
恰克帕尼拉克,2
UK,2
乱马,2
情爱,2
励志处世,2
如果把生活中的假象都揭穿,2
谁的青春不迷茫,2
娜写年华,2
快乐,2
血色浪漫,2
鬼神,2
解读评论,2
狼的诱惑漫画终结版,2
狼的诱惑,2
笨蛋測驗召喚獸,2
笨蛋,2
安妮塔布鲁克纳,2
长相思,2
乌拉圭文学,2
我当阴阳先生那几年,2
戴军,2
岁给我一个姑娘,2
vermeer,2
史明智,2
下妻物语,2
毒,2
黑猫侦探,2
一把雨伞给这天用,2
哈兰科本,2
译本,2
朋霍费尔,2
沿着瞭望塔,2
路边野餐,2
男性向,2
卡彭铁尔,2
JimMorrison,2
谈判,2
媚行者,2
杨武能,2
隔壁女子,2
王羲之,2
生物科学,2
AndrBazin,2
TennesseeWilliams,2
兰佩杜萨,2
郑证因,2
一个一个人,2
孙幼军,2
敖幼祥,2
费德里科费里尼,2
德里克贾曼,2
森鸥外,2
彼得西斯,2
塞尔玛拉格洛芙,2
博赫拉巴尔,2
伊迪丝华顿,2
艾略特厄威特,2
死给,2
杨昌溢,2
独眼,2
大方,2
Hans,2
痕痕,2
项斯微,2
APPLE,2
押切莲介,2
平野耕太,2
坂本真一,2
午夜文丛,2
武侠电影,2
制片,2
年鉴学派,2
弗兰奥布莱恩,2
CS路易斯,2
沃林格,2
周蕾,2
阿尔巴尼亚文学,2
纳丁戈迪默,2
萨曼塔施维伯林,2
菲利普德莱姆,2
娜塔丽萨洛特,2
井原西鹤,2
刘若愚,2
惠特曼,2
古代文论,2
耶胡达阿米亥,2
萨瓦托,2
林亨特,2
我的牧者使我不至缺乏,2
约翰康奈利,2
乐读文库,2
伊凡谭纳,2
艾伟,2
李洱,2
胡安何塞米利亚斯,2
本杰明雷内,2
新世相,2
心灵鸡汤,2
银河映像,2
StarTrek,2
周边书,2
亚当斯密,2
二十四史,2
火凤燎原,2
吳靄儀,2
徐百柯,2
文化研究文化史,2
悠闲时光,2
概念小说,2
亨利基辛格,2
尼科洛马基雅维利,2
埃德蒙柏克,2
普鲁塔克,2
德尼狄德罗,2
弗里德利希奥古斯特哈耶克,2
约翰洛克,2
淑女的眼泪,2
JamesNFrey,2
郭强生,2
怀尔德,2
拉什迪,2
劳拉埃斯基韦尔,2
黎万强,2
图尼埃,2
戴维阿克,2
图宾,2
张抗抗,2
梁斌,2
比利林恩,2
约翰福尔斯,2
你赠的书每本都美妙如夕阳余晖,2
辽金元西夏,2
法律法律史,2
音乐乐评,2
AustrianSchool,2
盛可以,2
屎一样的翻译啊,2
艳情,2
淫书,2
矛盾文学奖系列,2
时政,2
七种武器,2
读小库,2
婚恋,2
秋冬,2
春夏,2
两岸,2
长江,2
地理笔记,2
蹭书店,2
暂弃,2
未解之谜,2
HLW,2
盛开的樱花林下,2
時裝,2
詩詞,2
费正清,2
周锡瑞,2
周绍明,2
孙明君,2
王奇生,2
赵园,2
贼道三痴,2
许荣哲,2
蓝云舒,2
陈静抒,2
范志红,2
罗伯特罗素,2
戴蒙德,2
新闻学理论,2
黄西,2
小,2
奈斯博,2
马华文学,2
野上照代,2
广告人,2
火星救援,2
刘志伟,2
裴宜理,2
杜正胜,2
张仲礼,2
柳陞祺,2
吕澂,2
纪昀,2
设计思维,2
中国史前史,2
体质基因人类学,2
伊斯兰文学,2
文献考古学,2
推理悬疑小说,2
古典语文学,2
非洲史,2
佐木倫子,2
美幸,2
水上,2
皇,2
易人北,2
烟狗,2
何何舞,2
立野真琴,2
TAMACHIKU,2
国枝彩香,2
文化产业,2
爱玛多诺霍,2
治学,2
性社会学,2
分手清单,2
军事小说,2
日本語勉強,2
玫瑰,2
不义联盟,2
传记文学,2
吴越,2
没看到结局呢还,2
新华字典,2
高鸿业,2
整理术,2
王峰,2
索达吉堪布,2
Homer,2
WVGoethe,2
AlexandreDumas,2
找死的兔子,2
徐小虎,2
八大山人,2
开,2
娱乐圈,2
制度史,2
鲜肉月饼,2
内亚史,2
楚文化,2
海昏侯,2
汉简,2
地图学,2
建筑考古,2
兵学,2
Kanade,2
金文,2
区域史,2
边疆史,2
白云出岫,2
Kuke,2
元史,2
ReadBook,2
Writing,2
考古报告,2
潘绥铭,2
捷克米兰昆德拉,2
中余华,2
中韩寒,2
台蔡智恒,2
中舒国治,2
张千里,2
何飞鹏,2
律政,2
人文学,2
没完,2
开发,2
细思恐极,2
火村英生系列,2
IssacAsimov,2
达芬奇素描解析,2
JDCarr,2
戈丁尔,1
松鼠的书,1
科学出版社,1
特雷弗诺顿,1
感受,1
自体实验,1
尼采在世纪的转折点,1
日系寫真,1
龚古尔文学奖,1
门,1
枪炮病菌与钢铁,1
文明的冲突,1
音乐入门,1
吉松隆,1
议事规则,1
会议,1
行政学,1
罗伯特议事规则,1
乱世,1
诗与歌,1
采桑子,1
机甲,1
张千帆,1
存在主义哲学,1
时间中的孩子,1
英文学,1
孽子,1
祖博克,1
史蒂芬法辛,1
图文馆,1
Stephen,1
西方古典音乐,1
耶鲁公开课教材,1
聆听音乐,1
沈弘,1
奥斯维辛集中营,1
存在主义分析,1
弗兰克尔,1
散文诗歌,1
哲学故事,1
金色梦乡,1
追随三部曲,1
工人阶级,1
袭击面包店,1
涵养,1
先生,1
影响,1
读过,1
我的阴阳两界,1
陕西师范大学出版社,1
三十而立,1
文森特威廉梵高,1
奥斯曼历史,1
汉尼拔三部曲,1
黄晓阳,1
政治智慧,1
生活十讲,1
世俗,1
闲话闲说,1
面包树系列之一,1
Levy,1
Marc,1
九降风,1
恋空,1
哲诗,1
Poem,1
先知,1
红楼鉴赏书,1
破晓,1
Twilight,1
史蒂芬妮梅尔,1
你是那人间的四月天,1
自剖,1
攻壳机动队,1
西方电影史论,1
西方电影史,1
中传,1
百鬼夜行系列,1
拉美拉美,1
男神,1
沒事找抽系閱讀,1
親愛的小蝦姊姊,1
工作需要,1
德國德國,1
斤淘來噠哈哈,1
我親愛的眾loser,1
灰暗,1
庞德斯通,1
刑法学,1
张明楷,1
布洛克曼,1
罗伯特J索耶,1
迪克斯坦,1
木村宗慎,1
和果子,1
蕾克,1
柳宗悦,1
杨珍珍,1
埃尔芬斯通戴罗尔,1
布莱尔伦特,1
让克劳德卡里耶尔,1
胡纾,1
邓若虚,1
杨远婴,1
阿尔志跋绥夫,1
凯利杜兰瑞安,1
阿诺德洛贝尔,1
莉兹克里莫,1
西蒙安纳德,1
赖静雅,1
洪世民,1
英格丽多莱尔,1
爱德加帕林多莱尔,1
熊裕,1
陈黎,1
逢珍,1
彤彫,1
林为正,1
上海美术电影制片厂,1
加布里埃尔加西亚马尔克斯,1
苗,1
炜,1
喃东尼,1
鲁斯曼安娜,1
舒尔茨史蒂芬,1
张振,1
柳宗民,1
花花草草,1
宋健飞,1
冒国安,1
高捷,1
黄春明,1
大卫香农,1
朱家姐妹,1
古代文化,1
曾孝濂,1
林赛马蒂克,1
索菲布莱克尔,1
黛安娜阿克曼,1
何塞雷迪亚,1
安德烈雷迪亚,1
苏静,1
异形,1
薛爱华,1
吴玉贵,1
科拉莉比克福德史密斯,1
约克史坦纳,1
米克洛什哈拉兹蒂,1
迈普里斯安徒生,1
未来世界,1
熊亮,1
米歇尔努森,1
凯文霍克斯,1
爱德华阿尔比,1
胡开奇,1
陈俊松,1
中村航,1
缪梅,1
韩蒙晔,1
布莱恩弗洛卡,1
爱德蒙怀特,1
企鹅人生,1
加莱亚诺,1
五星书坊,1
主万,1
叶尊,1
蓝英年,1
张玉书,1
比利林恩的中场战事,1
美丽成长,1
装帧,1
谢默斯希尼,1
杨铁军,1
陈文娟,1
奇普哈里森,1
保罗巴克利,1
卡梅拉,1
菲比吉尔曼,1
克利斯提昂艾利施,1
若埃尔迪克,1
埃德里安娜巴尔曼,1
安迪莱利,1
杨玲,1
钮承泽,1
伊娃娜奇米勒斯卡,1
欧金尼奥卡尔米,1
译文集,1
鹿苑长春,1
玛乔丽劳林斯,1
睡谷故事,1
梁祝,1
皮影,1
昆特布霍茨,1
上海书评,1
阿拉斯代尔格雷,1
特雷西莫洛尼,1
小顾,1
冯金诺斯,1
小可爱,1
江户时代,1
郭小寒,1
杨笑汝,1
漫画中国,1
威尔海根,1
瑞安普特伍里叶,1
Dido,1
张雨,1
阿木,1
喵,1
高桥源一郎,1
托比扬埃格纳,1
分成两半的子爵,1
不存在的骑士,1
沈志明,1
哈利布里斯,1
陈宏淑,1
面相师三部曲,1
严韵,1
仙人,1
粪石学,1
朱莉霍兰,1
加思威廉斯,1
孙家孟,1
菲力普德莱姆,1
波特小姐,1
苏友贞,1
彭怡平,1
演讲录,1
梨园,1
陈森,1
章回,1
男风,1
熊艺,1
吴兴文,1
藏书票,1
友雅,1
小同志,1
AB,1
菲利普格兰伯尔,1
男女关系,1
匡匡,1
半包围,1
三城记,1
合辑,1
纪尧姆米索,1
郭昌京,1
凑,1
拉格洛夫,1
童话气,1
爱德华傅克斯,1
侯焕闳,1
性风俗,1
性道德,1
所谓性,1
伪散文,1
何晓毅,1
万象体,1
Gaiman,1
祸水红颜,1
毕林赫斯特,1
花,1
女性写作,1
黄荭,1
帕纳约托普洛斯,1
劣迹,1
梁宇晗,1
位面,1
阿西莫夫程序,1
机器人三定律,1
TIKTOK,1
JohnSladek,1
滴答滴答,1
不裁,1
毛边书,1
古十九,1
凯斯唐纳胡,1
柏栎,1
流逝,1
宽宥,1
遗忘,1
KeithDonohue,1
集子,1
人民音乐,1
张彬,1
剧画,1
想象力读物,1
螺旋,1
澹妄,1
恐慌,1
美国讲稿,1
帕洛马尔,1
貪婪,1
妒忌,1
驕傲,1
七种静默,1
懶惰,1
忿怒,1
好欲,1
巫,1
占卜,1
塔罗,1
祭司,1
觋,1
格雷诺耶,1
梁智添,1
屎捞人,1
闰土,1
曾炜,1
一光年的距离有多远,1
李霄云,1
惊悚故事,1
豆瓣女神,1
然而到了年我就开始了我的股票生涯今天我坐拥六个帐户,1
女神,1
张辛苑,1
框框贡献了万,1
我的精神导师,1
純潔愛情,1
求同修,1
男青年,1
傻逼织毛衣,1
淋B,1
淋淋,1
痒受,1
养瘦,1
调整身体的状态,1
塑身瘦身美容,1
游戏王高桥和希,1
月亮人,1
我敢在你怀里孤独,1
世界微尘里,1
萧萧,1
月童度河,1
孤独温情故事,1
活着为了什么,1
儿童画,1
阿弥陀佛么么哒,1
尺牍,1
专门史,1
文革史,1
密宗,1
人体科学,1
拳术,1
不是我的菜,1
真相,1
Orwell,1
红,1
猎鬼,1
凶宅,1
星际政治,1
NWO,1
莲蓬鬼话,1
星野之宣,1
宗像教授,1
藤子不二雄,1
theatre,1
郜元宝,1
维克多克莱普勒,1
小人书,1
赖世雄,1
独特,1
bio,1
wxb,1
musictheory,1
arthurcclarke,1
russell,1
一半是海水一半是火焰,1
王朔作品,1
顽主,1
姐姐的守护者,1
北欧文艺复兴,1
囚鸟,1
西方的没落,1
亚瑟,1
埃奥卜劳恩,1
品位,1
形象,1
清少纳言,1
枕草子,1
音乐评论,1
玻璃岛,1
圆桌骑士,1
郭玉洁,1
LeeBermejo,1
DavidFosterWallace,1
ScottSynder,1
ScottSnyder,1
大今良时,1
大今良時,1
山口讓司,1
柿崎正澄,1
Cuvie,1
ShaunTan,1
生活哲理,1
少女漫乙女心,1
野尻抱介,1
一星文库,1
零星文库,1
老婆快出来看傻逼,1
好樂的一本書,1
欲罢不能小黄书,1
我的青春漫画记忆,1
哗众取宠,1
肉麻,1
本仁戻,1
冷东西,1
欲罢不能小画书,1
災難,1
八卦长短调,1
淫荡的书,1
AldousHuxley,1
网易蜗牛,1
eBook,1
WHMumfrey,1
PeterHandke,1
费多洛夫斯基,1
SomersetMaugham,1
AleksandrIsayevichSolzhenitsy,1
ThomasPynchon,1
SuzeRotolo,1
AlexanderPechman,1
MathewStewart,1
谢声显,1
AmosOz,1
五毛,1
垃圾书,1
候麦,1
扬聂鲁达,1
HaperLee,1
元朝,1
三农,1
极端穆斯林,1
指文,1
雷颐,1
仇华,1
胆小别看画,1
中共党史,1
世情,1
流行财经读物,1
食品安全,1
恩道尔,1
西方历史,1
阿尔伯特埃利斯,1
赫伯特马尔库塞,1
人体器官,1
英国通史,1
萨缪尔亨廷顿,1
秦始皇,1
尼尔弗格森,1
连环杀手,1
地中海,1
伊斯兰史,1
恐怖主义,1
安东尼比弗,1
斯汤达,1
欧文华莱士,1
辩论,1
麦克尼尔,1
福赛尔,1
战地报道,1
骗子,1
弗福塞斯,1
恶棍手册,1
朱东润,1
动物行为,1
阿尔文托夫勒,1
雷海宗,1
Film,1
Noir,1
国美,1
自由派,1
商战小说,1
软件销售,1
吴晗,1
进攻性现实主义,1
宋燕,1
袁剑,1
叶曙明,1
西晋,1
谋略,1
哥特小说,1
李德哈特,1
杰弗里迪弗,1
浮石,1
离奇时代,1
成吉思汗,1
种族冲突,1
金融学,1
地缘政治学,1
智谋,1
雪珥,1
军事学,1
战略理论,1
罗索,1
王绍光,1
布热津斯基,1
唐代,1
尼克松,1
军事战略,1
旧上海,1
冯尔康,1
钟道新,1
神奇的魁地奇球,1
神奇动物在哪里,1
玛蒂娜系列,1
精神分析小说,1
理财类书籍,1
英文阅读,1
戏剧研究,1
古尔德,1
职业伦理,1
吕新,1
凯尔泰斯伊姆莱,1
唐德里罗,1
伊凡蒲宁,1
王逢振,1
桑顿怀尔德,1
奈瓦尔,1
弗拉迪斯拉夫万楚拉,1
阿尔丰索雷耶斯,1
EM齐奥朗,1
汤永宽,1
马里奥巴尔加斯略萨,1
梅绍武,1
任一鸣,1
杨向荣,1
郭宏安,1
黄锦炎,1
台静农,1
马东,1
老梁,1
徐文兵,1
wendao梁文道,1
庄士敦,1
江弱水,1
VictoriaHislop,1
作文,1
数独,1
益智,1
愿你历尽千帆归来仍是少年,1
改变从心开始学会情绪平衡的方法,1
故道白云,1
一个人不要怕,1
学者随笔,1
萧淑贞,1
sociology,1
MarthaNussbaum,1
诗和诗人,1
你不知道的自己,1
心理医生对你说丛书,1
老头崇拜你,1
日安倍夜郎,1
安陪夜郎,1
心理精神分析,1
日本原版,1
照相,1
時間影像,1
女性心理完美刻画,1
错过的爱幸好没在一起,1
家庭会伤人,1
卡尔罗杰斯,1
沟通分析,1
心理治疗,1
湛庐文化,1
留一手,1
系统思考,1
E兴趣温暖治愈系,1
成长调剂,1
语言有点干瘪华福德教育还是第一次听说,1
DevelopmentalPsychology,1
境外游指南,1
龙纹身的女孩,1
瑞典作家,1
冀连梅,1
用药知识,1
近期待讀文史書,1
地域日本,1
乔根兰德斯未来的中国与世界,1
书与人生一本好书,1
思索的力量,1
冰激凌,1
马克哈登,1
西藏摄影,1
黑暗时代,1
产品管理,1
十七年禅,1
很特别狠精致,1
最好的时光在路上,1
调侃过了,1
字数少了,1
诚意缺了,1
奥兰多,1
四娘,1
梅子黄时雨,1
有生之年狹路相逢,1
孙嘉遇,1
深爱,1
感触很多,1
川村元气,1
亨利詹金斯,1
人机,1
高迪,1
埃曼纽尔吉尔伯特,1
迈尔斯戴维斯,1
朱新建,1
电影访谈,1
塞吉奥托比,1
ChrisWare,1
爱德华蒙克,1
罗杰弗莱,1
广西师范大学电影馆,1
广西师范大学理想国,1
AntonioLopezGarcia,1
金子美铃,1
曾良君,1
破罐,1
蔡要要,1
可爱的姑娘可爱的文字,1
常小琥,1
厨师,1
筱敏,1
人气很高的古言一定要买一套来读一读,1
严谨,1
文笔出神入化,1
世界停在我吻你的时候,1
月上重火之水落石出,1
孤篇横绝,1
teen,1
史诗巨著,1
EmirKusturia,1
貴田庄,1
帕特里夏海史密斯,1
柯布西耶,1
皮娜,1
林明德,1
阿左林,1
IsabelleHuppert,1
荷索,1
谷克多,1
讲稿,1
睇完又睇,1
张艾嘉,1
卜劳恩,1
古尔布兰生,1
涂卫群,1
細江英公,1
夜晚,1
赵萝蕤,1
鍾肇政,1
大人科学,1
塞维尼夫人,1
安伯托艾可,1
歌川广重,1
歌川豊国,1
葛饰北斋,1
聯合文學,1
舞台,1
姚乃强,1
费滋杰罗,1
汤普森,1
车尔尼,1
四季,1
張家瑜,1
馬家輝,1
拱顶石,1
奇士劳斯基,1
布努埃尔,1
地域研究,1
原節子,1
蓮實重彦,1
罗布特推荐,1
道德心理学,1
BillBryson,1
DIY,1
花艺,1
HANA,1
丑闻笔记,1
菲律宾,1
柳具足,1
陈旭麓,1
朗氏,1
朗氏德汉双解大词典,1
東立,1
田村由美,1
婆娑罗,1
中国人的小说,1
曾经很喜爱后来就厌倦了,1
时尚界,1
毕业生,1
自然哲思,1
DonDeLillo,1
国际文化出版公司,1
哈尔滨出版社,1
写真书,1
朝华出版社,1
BrunoSchulz,1
牛津大学出版社,1
亚洲图书,1
浙江教育出版社,1
四川科技出版社,1
上海三联出版社,1
田地文子,1
大道珠贵,1
丝山秋子,1
椎名诚,1
野岛伸司,1
日本当代文学,1
山崎Naocola,1
直木奖提名,1
阿米亥,1
文化散文,1
四川科学技术出版社,1
新闻传媒传播学专业书,1
崔健,1
埃里克伯科威茨,1
生活形态,1
爵士乐时代,1
JoshuaZeitz,1
玛丽莲亚龙,1
雜文,1
比较烂,1
不值得读,1
工业史,1
产业,1
工业,1
脊背发冷,1
有趣的书,1
ElonMusk,1
文明冲突,1
疾病,1
谭伯牛,1
JaredDiamond,1
生态,1
克里斯马修斯,1
硬球,1
文明历,1
宏观叙事,1
盛世,1
大败局,1
本拉登,1
热爱妇女,1
Shakespeare,1
语源学,1
远藤浩辉,1
香奈儿,1
年我被继父,1
蔬菜,1
武功秘籍,1
狐臭女孩萧亚轩,1
韩庚,1
打爆你的奶,1
爆肛,1
维度,1
小女贼的细软,1
小女贼,1
小女贼之偷香,1
剑歌,1
四川人民出版社,1
梅天穆,1
民主与建设出版社,1
天下文化,1
理查德迈尔斯,1
斯蒂芬平克,1
江西人民出版社,1
安德鲁罗伯茨,1
凯文鲍尔斯,1
马千,1
台海出版社,1
理查德伯恩斯坦,1
朱利安S科贝特,1
伯纳德康沃尔,1
斯科特安德森,1
汤姆霍兰,1
亨利雅格洛,1
浙江人民出版社,1
彼得贾德森,1
尼尔麦格雷戈,1
史蒂芬贝莱尔,1
中国大百科全书出版社,1
基思罗威,1
埃里克拉克斯,1
杰弗里迈耶斯,1
唐纳德卡根,1
新經典文化,1
萨德伊斯康德,1
杰弗里瓦夫罗,1
贝阿塔波兰诺夫斯卡塞古尔斯卡,1
迈克尔多布斯,1
克斯汀唐尼,1
阿扎尔纳菲西,1
外语教学与研究出版社,1
劳伦斯赖特,1
斯蒂文朗西曼,1
格雷戈里克劳奇,1
乔治乔纳斯,1
康纳奥克莱利,1
左岸文化,1
山西人民出版社,1
任东来,1
陈伟,1
白雪峰,1
德鲁吉尔平福斯特,1
A司各特伯格,1
多米尼克利芬,1
丹尼尔凯曼,1
西尔维娅埃诺迪,1
雷沙德卡普钦斯基,1
池谷伊佐夫,1
莱斯利,1
罗伊亚京斯,1
刘文鹏,1
道格拉斯福特,1
约翰麦克里兰,1
纳尔逊曼德拉,1
上海科技教育出版社,1
施罗默桑德,1
唐娜罗森塔尔,1
华东师范大学出版社,1
阿伦布雷格曼,1
赛门蒙提费欧里,1
究竟出版社股份有限公司,1
雷纳格鲁塞,1
皮耶李古乐,1
衛城出版,1
吉林出版集团有限责任公司,1
安妮阿普尔鲍姆,1
汉唐阳光,1
诺阿姆乔姆斯基,1
方斯厄尔德斯,1
西尔薇娅毕奇,1
广西美术出版社,1
理查德罗蒂,1
爱德华卢斯,1
斯蒂芬布雷耶,1
凤凰出版社,1
唐麦卡林,1
刘易斯切斯特,1
玛丽娜茨维塔耶娃,1
乔万尼萨托利,1
香港中文大學出版社,1
周保松,1
奈吉尔巴利,1
江苏人民出版社,1
米歇尔巴斯图罗,1
上海书店出版社,1
汤姆麦奇勒,1
小尤金约瑟夫迪昂,1
彼得格雷,1
迈克尔伊格纳季耶夫,1
尤特罗庇乌斯,1
约翰罗尔斯,1
中国社会科学出版社,1
罗伯特A达尔,1
威廉多伊尔,1
杰弗里图宾,1
让克洛德卡里埃尔,1
约翰杰伊,1
亚历山大汉密尔顿,1
格奥尔格毕希纳,1
大卫鲍兹,1
同心出版社,1
克洛德列维斯特劳斯,1
富勒,1
安琪楼夸特罗其,1
汤姆奈仁,1
潘光旦,1
贝内特瑟夫,1
弗兰西斯培根,1
雅各布布克哈特,1
露易莎梅奥尔科特,1
约翰沃尔夫冈歌德,1
阿诺德约瑟夫汤因比,1
厄本,1
亚历山大赫尔岑,1
朱迪斯M本内特,1
C沃伦霍利斯特,1
上海社会科学院出版社,1
拉明贾汉贝格鲁,1
让保罗萨特,1
天津人民出版社,1
王彬彬,1
金浩植,1
珠海出版社,1
中华工商联合出版社,1
内蒙古人民出版社,1
朱健国,1
文化艺术出版社,1
张末,1
王开岭,1
杨竞,1
尤金菲尔德,1
亨利彼得洛斯基,1
显克微支,1
自私的基因,1
马丁莱凯尔,1
生活的哲学,1
新思文化,1
非理性的理性解释,1
费尔南多特里亚德贝,1
蛇精病的世界,1
小米内部营销手册,1
广告文案,1
Z赵志明,1
村上春树的偶像,1
自恋,1
社会观察,1
卡内基大奖作品,1
世界著名学府,1
我们的钱瑗,1
寂寞是青春的墓志铭,1
鲸鱼星之夏,1
是你来检阅我的忧伤了吗,1
永远永远不说再见,1
胖子,1
五月女王,1
良辰,1
郑执,1
家,1
暗恋桃花源,1
幸福旅馆,1
两百年的孩子,1
红颜露水,1
镜之国,1
岛Vol,1
红尘,1
爱情不是得到就是学到,1
Tomo,1
我在另一个世界等你,1
那些男孩教我的事,1
重庆大学出版社,1
拜德雅,1
奥利维耶普里奥尔,1
托多罗夫,1
爱森斯坦,1
杨凯麟,1
薇依,1
彼得罗格罗西,1
比拉马塔斯,1
劳拉穆尔维,1
吉莉恩罗斯,1
小说面面观,1
蒂姆阿姆斯特朗,1
当代学术棱镜译丛,1
阿兰布鲁姆,1
阿多,1
文人与酒,1
西方大观念,1
苏格拉底的申辩,1
契訶夫,1
俄國文學,1
性心理学,1
诗化哲学,1
文化研究批评理论,1
洛特雷阿蒙,1
卡尔雅斯贝斯,1
苏珊朗格,1
族群政治,1
托马斯沙兹,1
哈佛公开课,1
休谟,1
功利主义,1
恩斯特卡西尔,1
现代西方哲学,1
艾萨克巴什维斯辛格,1
德雷克贾曼,1
英国个人主义的起源,1
柯拉柯夫斯基及其研究,1
伯罗奔尼撒战争史,1
单反,1
麦茨,1
哲学文化,1
JohnMaxwellCoetzee,1
注疏集快乐的科学,1
车尔尼雪夫斯基,1
西格蒙德弗洛伊德,1
物理學,1
科幻文学,1
卡赞扎基斯,1
丹尼尔贝尔,1
以赛亚柏林,1
古典哲学,1
Plato,1
經典與解釋,1
三联学术前沿,1
疫,1
英国历史,1
摇滚圣经,1
基督与反基督,1
判断力批判,1
罪与罚,1
小虐怡情,1
纠结文,1
人兽,1
沈墨钩,1
精英思想,1
乞丐三部曲,1
王迁,1
公司法,1
苏龙飞,1
正经侠,1
孫,1
阎云翔,1
FrancisScottFitzgerald,1
Richter,1
ReneMagritte,1
罗宾伍德,1
陆锦川,1
鄭問,1
諸星大二郎,1
JimLee,1
竹内长武,1
JamesCameron,1
红皮,1
东亚,1
李氏朝鲜,1
楼兰,1
张辛苑复古速成班全球首发经典教材,1
北极熊,1
凯尔特,1
七优,1
风炎,1
陈小菜,1
的灰,1
诗体小说,1
羽海野,1
火并萧十一郎,1
墨舞碧歌,1
倾世皇妃,1
慕容湮儿,1
爱爬树的鱼,1
君生我已老,1
千秋素光同,1
上野樹里,1
后来我们都哭了,1
夏七夕,1
漂亮朋友,1
幻城新版,1
浮世德,1
羽翼深蓝,1
少女偶像,1
过渡阶段,1
木梵,1
尘世,1
小言,1
现代言情,1
智斗,1
都市爱情,1
心理罪之暗河,1
教化场,1
翦翦风,1
瓊瑤,1
曾经拥有,1
KAO被潜了,1
未再,1
怪你过分美丽,1
杜拉拉我在这战斗的一年里,1
丹尼海格,1
异国,1
我的波塞冬,1
相亲以后,1
爱拉囡囡,1
掮客,1
堕落天使,1
给我一支烟,1
美女变大树,1
真爱,1
杜拉拉年华似水,1
心理辅导,1
和你一起住下去,1
被遗忘的时光,1
邵伊敏,1
盗墓奇幻,1
那一杯咖啡的爱情,1
续杯咖啡,1
雪融化后是春天,1
良辰讵可待,1
自由行走andrea,1
罂栗之家,1
现实意象,1
Maugham,1
穿越云层的晴朗,1
狗的视角,1
达芙妮杜穆里埃,1
加斯顿勒胡,1
斯韦特拉娜彼得罗娃,1
植村直己,1
管理理论,1
胡维勤,1
丽贝卡米勒,1
弘兼宪史,1
河清,1
长谷川町子,1
斯坦利罗宾逊,1
连珠理论,1
莫迪洛,1
寺沢大介,1
臼井仪人,1
哲学理论,1
赫伯特,1
广濑正,1
恰佩克,1
罗伯特谢克里,1
西马克,1
斯万维克,1
约翰温德姆,1
比约德,1
Koudelka,1
jquery,1
javascript,1
Web,1
人机交互,1
界面设计,1
Web开发,1
UCD,1
公车上书,1
汤姆拉伯,1
绕梁三日,1
言情神馬的,1
電影小說,1
海的女儿,1
时间海洋,1
自我成长指南,1
蒙曼,1
王立群,1
食疗,1
陈允斌,1
沉默,1
罗大伦,1
舌诊,1
药方,1
岛上书店,1
体验经济,1
JaneMcGonigal,1
浅薄,1
BigHistory,1
创作手记,1
弗洛朗夏福埃,1
约瑟夫M博格斯Joseph,1
MBoggs,1
丹尼斯W皮特里Dennis,1
WPetrie,1
迟卉,1
帕特理克莫迪亚诺,1
一草,1
朗达拜恩,1
德米特里格鲁克夫斯基,1
黛安娜夏伯兰,1
郭小橹,1
电影理论笔记,1
木野鸟乎,1
绘本画集,1
温柔死神,1
死亡不是惩罚,1
魏以新,1
书简,1
精神狂躁时代的阅读,1
西尔维尼曼,1
奥利维耶塔莱克,1
育儿绘本,1
湖南文艺出版社,1
看得见风景的房间,1
EMForster,1
原来菩萨都是有情的人,1
下雨天一个人在家,1
我是人间惆怅客,1
佛家智慧,1
李元馥,1
弗兰肯斯坦,1
奇幻史诗,1
eco,1
張小嫻,1
张小娴式爱情,1
家庭喜剧,1
侯文詠,1
荷兰文学,1
上流社会,1
圣诞讲座,1
生物学家,1
海洋生物学家,1
愿望清单,1
对世界善意拥抱,1
独立书商协会选书,1
英式悬疑,1
谎言,1
欺骗,1
陷阱,1
时空穿梭,1
感人至深,1
人生的悲欢离合,1
法鲨,1
温情疗愈,1
温情治愈,1
反转,1
风味,1
古人云,1
万法归宗,1
参同契,1
小说技巧,1
美好,1
MarkHaddon,1
KathrynStockett,1
荒木阳子,1
弗朗西斯梅斯,1
注解,1
Westlife,1
安德烈波切利,1
杰弗里阿切尔,1
罗琳斯,1
设计理念,1
散文电影,1
不安之书,1
董明珠,1
空姐,1
每夜一个骇故事,1
鬼故事,1
你在为谁工作,1
职业指导,1
个人,1
小饭,1
文学新锐,1
断龙台,1
纳兰元初,1
志怪奇幻类文学,1
超爱这本书,1
广西,1
苍之封印,1
RPG,1
阶级,1
DampD,1
TRPG,1
西蒙莫尔帕斯,1
尼古拉斯罗伊尔,1
芬利森,1
多萝西L塞耶斯,1
大设计,1
西班牙及拉美文学,1
新九州,1
中国香港,1
陈楸帆,1
波尔W安德森,1
加思尼克斯,1
更俗,1
重生之官路商途,1
剩余人,1
最终幻想联盟,1
屈畅,1
Touch,1
约翰本登特,1
屁股,1
飞氘,1
漆原友紀,1
谭剑,1
约翰D麦克唐纳,1
比利续集,1
杀手凯勒系列,1
关于猫的小说,1
这一生至少当一次傻瓜,1
门萨的娼妓,1
中医小故事,1
孤独天使,1
项羽与刘邦,1
父亲的眼泪,1
卡坡蒂,1
若你爱我如初,1
吴邪,1
我们始终没有牵手旅行,1
青小土,1
曾忆城,1
亚特兰蒂斯之心,1
尸骨袋,1
写作这回事,1
上帝的跳蚤,1
杂碎,1
马永安,1
物联网,1
词源,1
新思维,1
辛德勇,1
姜鸣,1
中日关系,1
水均益,1
刘慕沙,1
恒星,1
唐颖,1
全勇先,1
蝸牛,1
東京食屍鬼,1
曾奇峰,1
治疗笔记,1
运动健身,1
男士,1
逃生,1
青漫,1
赛博朋克先驱,1
异次元骇客,1
丹尼尔加卢耶,1
大友克洋,1
末世科幻,1
经典漫画,1
长篇漫画,1
魔,1
诡美系,1
恐惧,1
短篇漫画,1
繪本及漫畫,1
日版漫画,1
青年漫画完食,1
雷作自意識,1
港台出版,1
李斯,1
北欧书,1
系统论,1
美国书,1
箱男,1
好笑的爱,1
Suskind,1
悖论,1
乌龙院,1
乌龙院大长篇,1
汉乐府,1
古代架空,1
咕啾组,1
加油大魔王,1
兰陵缭乱,1
天衣有风,1
江户风情,1
李彬,1
新闻传播学,1
传播史,1
跨界,1
新经济,1
不愿说谢谢的人,1
当时我就震惊了这书名豆瓣,1
黄修源,1
和罗琳啥关系,1
硬扯,1
神风怪盗贞德,1
X,1
永远的坑,1
伊谢尔伦的风,1
聚星天华,1
十二殿下,1
JL奇异事务所,1
志村貴子,1
威尔杜兰特,1
民俗漫,1
柏木晴子,1
技击派,1
撸撸姐,1
超没用能力,1
季警官,1
狱警,1
手记,1
鲁奇,1
刑侦人员,1
宋辽夏金文史研究资料,1
悬疑世界连载,1
苏东坡传记,1
关于设计,1
陈老师送书去旅行,1
内尔森德米勒,1
cult,1
Jazz,1
Lawrence,1
Block,1
醫學,1
诗经别裁,1
中國美術史,1
香港散文,1
古琴,1
人情世故,1
斯蒂文森,1
叶夫根尼莫罗佐夫,1
复杂性,1
枯槁,1
灵异玄幻,1
形色同社,1
黑色皮革,1
河流如血,1
明智小五郎,1
神作一定要买一本收藏,1
悬疑灵异,1
深町秋生,1
蚁生,1
午夜文库日系佳作,1
辻真先,1
日本推理名作选,1
杀人之门,1
江神二郎系列,1
原创推理,1
孤岛暴风雪山庄模式,1
橫山秀夫,1
石冈和己,1
故事非常新颖诡计独特却有点薄弱结局的逆转欠震撼,1
SF推理,1
死了七次的男人,1
我们得摇滚青春,1
魍魉之匣下,1
魍魉之匣上,1
藤原伊織,1
毒杀,1
殺人之門,1
新御手洗系列,1
暴風雨山莊,1
盘上之敌,1
日系佳作,1
剪刀男,1
敘述性詭計,1
湖边凶杀案,1
圣女的救济,1
隔离岛,1
心机母女,1
占星术杀人魔法,1
斜屋犯罪,1
猫知道,1
畢業前殺人遊戲,1
请把门锁好,1
绝爱,1
绝爱BRONZE,1
老猫,1
嫌疑人X的獻身,1
活屍之死,1
十一字杀人,1
怪談,1
童谣杀人,1
我孫子武丸,1
御手洗潔,1
龙眠,1
天机太空城之夜,1
大空城之夜,1
天机第二季,1
天机第二季罗刹之国,1
罗刹之国,1
零的焦點,1
點與線,1
池袋西口公園,1
乔治马洛里,1
基督与反基督三部曲,1
修院,1
阿贝拉尔与爱洛伊斯,1
startrek,1
加勒特马丁利,1
托尼迈尔斯,1
约翰道格拉斯,1
马克奥尔谢克,1
安迪班内特,1
基斯哈恩哈里斯,1
戴安娜卡尔,1
大卫白金汉,1
安德鲁伯恩,1
加雷思肖特,1
霍克海默,1
西奥多阿道尔诺,1
肖恩霍默,1
橘玲,1
保罗杜盖伊,1
霍尔,1
琳达简斯,1
休麦凯,1
基思尼格斯,1
查尔斯琼斯,1
利贝斯,1
卡茨,1
丹尼尔希罗,1
克拉克麦考利,1
弗朗索瓦丝芭布高尔,1
山寨番长,1
加藤藏镜人,1
马修阿诺德,1
凯特琳娜克拉克,1
大塚英志,1
ONE,1
斯蒂文贝斯特,1
道格拉斯凯尔纳,1
希利斯米勒,1
迪克赫伯迪格,1
克雷顿罗伯茨,1
戴维罗伯茨,1
道格拉斯比松,1
埃里希弗罗姆,1
布鲁斯布鲁诺德梅斯奎塔,1
阿拉斯泰尔史密斯,1
游国恩,1
关大眠,1
巴赫金,1
雷蒙威廉斯,1
阿雷恩鲍尔德温,1
奈杰尔巴利,1
兰道尔华莱士,1
托马斯基尼利,1
贝尔当桑帝尼,1
贝尔当哥地尼,1
萨克雷,1
史蒂夫布鲁斯,1
赵瑜,1
田代哲也,1
饶忠华,1
坦普尔顿,1
范伯群,1
张志刚,1
周宪,1
朱维之,1
娜塔莉泽蒙戴维斯,1
康妮弗莱彻,1
弗兰克富里迪,1
莫比乌斯,1
乔多洛斯基,1
埃德加赖斯巴勒斯,1
敬文东,1
洛维特,1
马丁莫内斯蒂埃,1
李中兴,1
堀田由美,1
克拉克阿什顿史密斯,1
罗伯特E霍华德,1
弗兰克贝尔克纳普朗,1
奥古斯特德里斯,1
罗伯特布洛克,1
酒见贤一,1
森秀树,1
朱正,1
丸尾常喜,1
金城阳三郎,1
卞之琳,1
艾青,1
水木茂,1
吴姸人,1
鹤田谦二,1
莱柯拉柯夫斯基,1
龚自珍,1
马修珀尔,1
艾蒂安德拉波埃西,1
曼弗雷迪,1
字书,1
许慎,1
艾玛纽埃尔勒巴热,1
李昆武,1
冈田斗司夫,1
张冠生,1
奥维德,1
朱立元,1
阿里阿斯卡内蒂,1
CMJ,1
龚鼎,1
童庆炳,1
马新国,1
ZCloud,1
李季,1
埃里克法伊,1
贞本义行,1
卢克斯,1
埃利希诺伊曼,1
威勒德普赖斯,1
戴维斯沃茨,1
马幼垣,1
佐野菜见,1
雷蒙布东,1
安德鲁戈登,1
拉贾戈帕拉查理,1
田中政志,1
琼M奥尔,1
施皮特勒,1
雷平阳,1
王美秀,1
段琦文,1
庸乐峰,1
托马斯拉科尔,1
颜浩,1
吴小如,1
八月薰,1
法朗士,1
张中载,1
李德恩,1
夏伊勒,1
港台原版,1
横尾忠则,1
時報文化,1
安迪沃霍尔访谈精选,1
安迪沃霍尔的哲学波普启示录,1
Beatles,1
欧美流行音乐,1
beatles,1
ColmToibin,1
MichelFaber,1
EdgarAlllanPoe,1
世界简史,1
三分钟,1
街猫bob,1
动物小科普,1
是我把你弄哭了吗,1
夏目友人帐,1
超可爱,1
科莫兰,1
叶甫盖尼扎米亚京,1
刺猬的优雅,1
科幻奥森斯科特卡德美国,1
画比字多的,1
高贵冷艳风骚屌爆酷炫霸拽好评必收,1
狂霸酷跩屌,1
十二宫,1
孤獨的美食家,1
南太平洋,1
波利尼西亚,1
木筏,1
挪威人,1
克拉考尔,1
旅游梦想,1
安德的游戏,1
波西杰克逊,1
大武政夫,1
极道超女,1
花牌情缘,1
哥特式小说,1
第十三个故事,1
自深深处,1
露西蒙哥马利,1
吴经熊,1
李卫东,1
莎拉韦曼,1
计,1
唐诗三百首,1
罗密欧与朱丽叶,1
契可夫,1
在人间,1
拉伯雷,1
巨人传,1
第号当铺,1
威尼斯商人,1
狂人日记,1
红楼梦脂砚斋批评本,1
甲戌校本,1
尼古拉布哈林,1
特洛伊之歌,1
钟形罩,1
胤祥,1
怡殇,1
凛冽,1
羊皮卷,1
成长类书籍,1
自我帮助,1
曼狄诺,1
红楼梦魇,1
丢三落四的小豆豆,1
特雷弗,1
偏见,1
日本自然主义,1
宋淇,1
庄信正,1
港澳台及海外华文文学,1
曹寅,1
高彦颐,1
缠足,1
冈本隆三,1
禅与中国,1
仓田百三,1
宗教与文学,1
生活质感,1
丰饶之海四部曲,1
文化比较,1
闲走,1
灵魂圣经,1
幸福哲学,1
小泉吉宏,1
犯人,1
希伯来语,1
艾扬格,1
最好的女子,1
最爱的男子,1
中国传统文化,1
任祥传家,1
生活旅行,1
迈克华莱士,1
卡尔拉松,1
理想国原研哉,1
胸针,1
奥尔布赖特,1
警示,1
林怡芬,1
陆绍阳,1
陈愉,1
马舸,1
青山知可子,1
死水恶波,1
FilmNoir,1
詹姆斯纳雷摩尔,1
崔岱远,1
电影文字,1
Wenders,1
新电影,1
film,1
苏东城,1
小语,1
雅众文化,1
类型艺术电影,1
类型文化历史,1
夏先生的故事,1
PatrickSskind,1
朱天心印刻,1
关于中国,1
非主流历史,1
社会习俗,1
动物学,1
卡米耶让维萨德,1
让巴普蒂斯特,1
西班牙語文學,1
类型奇幻,1
HPLovecraft,1
外国科幻,1
蓝色东欧,1
鲁迅翻译,1
宮本輝,1
布鲁斯查特文,1
BruceChatwin,1
查特文,1
隐形怪物,1
无政府主义,1
西方理论史,1
大卫格雷伯,1
许煜,1
乌托邦的年代,1
五月风暴,1
六十年代,1
阿斯塔菲耶夫,1
维克多阿斯塔菲耶夫,1
理想国文学馆,1
维克托阿斯塔菲耶夫,1
imaginist,1
孙敏,1
那一天,1
老莫,1
莫康孙,1
屠杀,1
曼德尔施塔姆研究,1
白银时代文学研究,1
文学纪念碑,1
Mandelstam,1
曼德施塔姆,1
新版,1
伯纳德马拉默德,1
魔桶,1
小贱鸡,1
小幺鸡,1
田园,1
真理哲学,1
海怪,1
海洋文化,1
延斯哈德,1
万物,1
北京中华书局,1
作品系列,1
WashingtonIrving,1
拉克汉姆,1
瑞普凡温克尔,1
科洛迪,1
瞿佑,1
古代神鬼,1
猫头鹰,1
往事,1
梭维斯特,1
纯属意外,1
耐人寻味,1
自然之歌,1
海峡书局,1
焦波,1
俺爹俺娘,1
家乡,1
犬的记忆,1
摄影与摄影理论,1
视觉转向,1
西部招妻,1
社会人文,1
美国南方,1
漫画集,1
诗与画,1
小时候看的,1
小时候读的书,1
洋葱头历险记,1
上田秋成,1
御伽草子,1
竹取物语,1
日本通俗短篇,1
物语,1
成人漫画,1
童年与故乡,1
传家,1
物哀文化,1
虚土,1
沉静,1
远方,1
小导演失业日记,1
拉克汉插图本,1
合肥安徽人民出版社,1
书店之书,1
西尔维亚比奇,1
我俩的故事,1
山村浩二,1
克里斯韦尔,1
美国绘本,1
四喜忧国,1
Dario,1
Fo,1
塞巴斯迪奥萨尔加多,1
Salgado,1
humangeography,1
Amazon,1
Sebastiao,1
小毛驴与我,1
造梦者,1
纠结挣扎,1
苦厄,1
图册漫画,1
短经典小说,1
休闲读本,1
人类神秘现象全记录,1
科学探索,1
邢万里,1
神秘现象,1
电影眼丛书,1
文德斯论电影,1
电影功课,1
二十四城记,1
工人,1
子女教育,1
小艾爸爸特别特别地想你,1
出版社清华大学,1
圣艾克絮佩里,1
夜航,1
艾衲居士,1
明清稀见小说坊,1
这些人那些事,1
捷克BohumilHrabal,1
雅哈谢克,1
节译本,1
日本艺术,1
原画集公式书资料设定集,1
失焦,1
拍立得,1
宝丽来,1
中欧,1
英语文学,1
文学外国文学,1
英国VirginiaWoolf,1
生活绘本,1
达洛维夫人,1
独立出版,1
理查德布劳提根,1
无法归类的神奇物种,1
Coleridge,1
柯勒律治,1
Poe,1
朱湘,1
我可以咬一口吗,1
又来惹,1
约翰汤姆逊,1
港台引进,1
隐居,1
终南山,1
港片,1
散文杂文随笔,1
essay,1
寻根,1
实在,1
聂作平,1
历史思考,1
依枕闲读,1
夜航船,1
版画插图,1
读画,1
隐逸,1
隱者,1
思想文化历史社会类,1
六道众生,1
深情,1
机器觉醒,1
artificialintelligence,1
奇点,1
雷库兹韦尔,1
思想小说,1
繁體在先,1
读库读库,1
看中国,1
英国Maugham,1
爱猫奇洛,1
日荒木经惟,1
手艺中国,1
窦唯,1
明清笔记小说,1
威尔斯陶尔,1
灿烂涅槃,1
涅磐,1
中国民间传说,1
看几遍都不厌,1
上厕所看的最佳图书,1
我的最最爱,1
MarcRiboud,1
大众心理研究,1
中华生活经典,1
舌尖,1
地道风物,1
春节,1
事关读书,1
阎雷,1
刘苇,1
诗意人生,1
郭正一,1
段成式,1
唐宋,1
我的另一半,1
谜文库,1
上海华东师范大学出版社,1
亚洲文学,1
JAZZ,1
爵士乐群英谱,1
电影大师研究,1
到灯塔去,1
欧洲文化,1
Albert,1
苍蝇馆子,1
吴鸿,1
舌尖上的四川苍蝇馆子,1
天真的人类学家,1
安万侣,1
法国文学作品,1
世纪文睿,1
自画像,1
陈冠学,1
平妖传,1
日本四季,1
日本旅行,1
地平线,1
爱比死更冷酷,1
张晓东,1
地下乡愁蓝调,1
台湾民歌年代,1
都是遗风在醉人,1
罗大佑,1
碎影留痕,1
苇岸,1
荒野,1
拾珍铺子,1
狄伦托马斯,1
西蒙克里切利,1
生死学及相关,1
唐德刚作品集,1
广师,1
八百万种死法,1
蒋坦,1
书店风景,1
浪子回家集,1
艺术美学,1
北京中央编译出版社,1
甘南,1
命运三部曲,1
说魂儿,1
西方古代建筑,1
欧罗巴的苍穹下西方古建筑文化艺术之旅,1
西方建筑,1
诺萨普,1
麦田书坊,1
黑奴,1
情结,1
Hopscotch,1
跳房子,1
这个调调还蛮有意思的,1
一场风花雪月的事,1
海岩小说,1
子夜书社,1
芸娘,1
生活的情调调,1
科学怪人,1
日本漫畫,1
新闇之聲,1
潰談,1
刘慧英,1
女性主义文论,1
culture,1
historytheory,1
women,1
人生史,1
文化中国与世界新论,1
政治学人类学与社会科学,1
三联文化中国与世界新论,1
极好的一本书,1
查特莱夫人的情人,1
理论物理,1
青年读本,1
萨特波伏娃,1
自由情侣,1
风光,1
地理类图书,1
图片很好,1
鲤孤独,1
独立杂志,1
刘易斯布兹比,1
书的故事,1
日本画册,1
Cult,1
猎奇漫,1
异色,1
中国史纲,1
學術普及,1
金阁寺,1
周夢蝶,1
新詩,1
当代汉语文学,1
全译本,1
美术与艺术,1
绘本人生,1
哥地尼,1
法语文学,1
楚图南译,1
纯真,1
西安出版社,1
简单生活,1
骗钱,1
米切尔,1
痛,1
槲寄生,1
十日谈,1
卜迦丘,1
现代诗歌,1
北岛诗歌集,1
妖异,1
独立漫画,1
刘氏女,1
生死恋,1
香港小說,1
封神演义,1
經典,1
馬爾克斯,1
随风而行,1
短诗集,1
先锋长篇小说丛书,1
日本私小说天才作家,1
无赖派青春文学鼻祖,1
庸才,1
神話少女,1
鬼才作家,1
不完美的世界,1
述平,1
玄想,1
日奈良美智,1
太平御览,1
素速,1
三毛作品集,1
彭浩翔推荐,1
糖,1
一直在读,1
安妮寶貝,1
claymore,1
梦境,1
romancen,1
fantasyc,1
japan,1
growup,1
dramaf,1
humor,1
artical,1
contemporaryc,1
poem,1
romancef,1
公孙龙子,1
惠施,1
尹文子,1
邓析子,1
勒布莱东,1
庞德,1
夏丏尊,1
爱克曼,1
萧珊,1
莫索克,1
爱伦堡,1
无名氏,1
布克哈特,1
裴松之,1
基佐,1
卢克莱修,1
牟宗三,1
奥义书,1
鬼谷子,1
徐梵澄,1
乔里卡尔于斯曼,1
任继愈,1
薄伽丘,1
布鲁尼,1
袁了凡,1
阿尔弗雷德德布林,1
克莱斯特,1
西美尔,1
狄金森,1
艾吕雅,1
安妮勃朗特,1
艺人,1
厦门,1
Phaidon,1
Taschen,1
漫画教程,1
科幻之塞伯朋克派,1
Brazil,1
侯仁之,1
汉日,1
三省堂,1
葡萄牙语,1
柯林斯,1
英语语法,1
薄冰,1
爷爷变成了幽灵,1
船戸明里,1
百读不厌最温暖的小书,1
刘悦笛,1
修拉,1
唯心主义,1
GeogresPoulet,1
早期现代,1
张卜天,1
陈圣生,1
诗论,1
PierreHadot,1
陈传席,1
中国现代美术,1
迷影,1
早期现代哲学,1
MOMA,1
张宪,1
法国艺术史,1
晚明,1
清初,1
梅洛庞蒂,1
HenriMichaux,1
Badiou,1
SaintJohnPerse,1
王文兴,1
神经生物学,1
MauriceMerleauPonty,1
巴黎高师,1
毕来德,1
钟泰,1
张坚,1
郑岩,1
汪悦进,1
牌坊,1
鲁惟一,1
荣新江,1
海外中国艺术研究,1
雷德侯,1
章启群,1
美国保罗福塞尔,1
明清笔记,1
萌绘本日本,1
吉竹伸介,1
电子版Kindle,1
法国儒勒凡尔纳,1
情迷佛罗伦萨,1
陈铭生,1
修身养性,1
格言,1
趣味生活,1
生活见闻,1
公民凯恩导演,1
夏布罗尔,1
俄罗斯黄金时代,1
心理学精神虐待沟通,1
特别想看,1
时间之书,1
群山回唱,1
最好的美食最佳的滋味,1
西语文学,1
没眼人命运,1
亚妮,1
异乡,1
以梦为马,1
JohnSteinbeck,1
人鼠之间,1
虚构集,1
荒唐,1
小说戏剧,1
社会契约论,1
字字玑珠,1
中國文学,1
依夫林沃,1
旧地重游,1
历史的经验,1
致女儿书,1
朱伟,1
局外人鼠疫,1
四个四重奏,1
地久天长,1
年少时与你们相逢,1
考古學,1
神祇陵墓与学者,1
万物系列,1
农民学,1
田园诗与狂想曲,1
万物刹那又永恒,1
吉米哈利万物系列,1
罗胖,1
U盘化生存,1
个人提升之思维提升,1
温柔,1
y,1
毛姆人生的枷锁,1
大鹏嘚吧嘚,1
我在今年唯一期待的一本书,1
人生十论,1
萧红全集,1
A编外已读借阅电子书,1
玉娇龙,1
美食家,1
谷岳搭车去柏林,1
执着,1
就走的旅行,1
卡普费雷,1
孤岛访谈录,1
博尔赫斯小说集,1
随意的生活,1
豆瓣红人,1
日本吉本芭娜娜,1
万物既伟大又渺小,1
几乎成了英雄,1
挺有意思,1
最慢的是活着,1
活着庄重文文学奖,1
认得几个字,1
盖特立斯,1
新新闻,1
从街角数起的第二颗树,1
小松果,1
十九札,1
亚斯伯格症候群患者,1
血鹦鹉,1
纯净的感动,1
随园食单文字的美味,1
大人物,1
随便看看,1
馮唐,1
儿童世界名著,1
童话经典,1
吹小号的天鹅,1
迷惘的一代,1
太阳照常升起,1
渴望生活梵高传,1
温森特,1
渴望生活,1
译林双语译林,1
华尔街日报是如何讲故事的,1
我喜欢你你知道吗,1
暗恋纪念册,1
传统的断裂,1
马背上的水手,1
杰克伦敦传记,1
人生的导师,1
布克狗,1
伦敦的叫卖声,1
伦敦叫卖声,1
猛虎细嗅蔷薇,1
理想国董桥,1
老湿的新作哦,1
小木木,1
大地孤独闪光,1
新闻集,1
历史记忆,1
画记,1
这就是纽约,1
安妮法迪曼,1
闲话大小事,1
法迪曼,1
都不正经,1
思想与哲学,1
消费社会波德里亚,1
谴责小说,1
烟云阿根廷蚂蚁,1
谈艺录,1
猪和蝴蝶,1
小孩书,1
云中人,1
悲凉惊悚动人,1
路内当代小说后,1
追随她的旅程,1
映象深刻,1
妙语连珠,1
布鲁克林有棵树,1
贝蒂史密斯,1
在切瑟尔海滩上,1
兰贝斯的丽莎别墅之夜,1
传媒笔记,1
媒介研究,1
空想社会主义,1
师太武侠,1
芝加哥學派,1
田野工作,1
如果宅,1
自由在高处,1
自由民主,1
众生皆灵且美系列,1
在计划外简单而随性地活着,1
人是机器,1
梅特里,1
密苏里新闻学院,1
新闻写作教程,1
康帕内拉,1
太阳城,1
施拉姆,1
传播学概论,1
传播理论起源方法与应用,1
不过如此,1
经济学故事类,1
黑猫,1
推理恐怖悬疑,1
寂静的春天,1
卡森,1
河南人惹谁了,1
神鵰俠侶,1
李剑鸣,1
学术随笔,1
读书札记,1
成一农,1
中世纪城市,1
史地,1
图片故事,1
韩国朋友,1
黄克武,1
上海史,1
职业研究,1
许思园,1
文化交流史,1
且待琢磨,1
芮沃寿,1
姜亮夫,1
威尔逊点,1
城市学,1
秒速五厘米,1
目录类,1
物质史,1
貳瓶勉,1
汉语流变,1
图录,1
职业革命家,1
王家范,1
历史散论,1
送友佳品,1
橡皮章,1
苏俄问题,1
禁书录,1
大日本帝国精英,1
走向未来从书,1
麻天祥,1
辞源流变,1
童年文学,1
杂散文,1
上海变迁,1
北欧神话ABC,1
Image,1
麦克米格诺拉,1
Hellboy,1
绿灯侠,1
科幻阿西莫夫美国,1
生活简单哲学,1
斯托克顿,1
科普逻辑学,1
解雨臣不如解语花,1
世纪末的华丽,1
布浦翼,1
柴王,1
吉祥寺咖啡屋,1
底层的珍珠,1
西洋骨董洋果子店,1
土耳其小说,1
小小说集,1
悲凉,1
插画集,1
日本妖怪,1
谋杀官员,1
箴言,1
漫画插图,1
日本推理侦探悬疑恐怖小说和漫画,1
终是不忍忘却过去的时光有些东西应当记得即使面目全非,1
韩素音,1
英籍韩素音,1
佛洛依德,1
人格心理,1
KenFollett,1
魔兽,1
部落,1
暴雪,1
前苏格拉底,1
西方科学史,1
理性与信仰,1
黑格尔哲学,1
自我发现自我觉醒,1
一部女性的心灵史,1
爱丽丝漫游奇境周边,1
模糊式爱情,1
光月道重生美丽,1
回声,1
燃烧的男孩,1
微光世界,1
蔷薇求救信号,1
萌毙了,1
第二波温暖,1
蒋韵,1
千靥,1
青春白恼会,1
爵,1
又冷又明亮,1
你的文字带给了我前所未有的勇气和力量,1
因为你阳光美少年,1
造梦的雨果,1
七堇年言之有物永远触动我的心灵,1
猜火车,1
欧文威尔士,1
奥巴马,1
无畏的希望,1
启蒙毒物,1
日耳曼,1
阿姨学,1
战术学,1
谍影重重,1
玄幻武侠,1
传统安全,1
空想科学,1
汉朝,1
观点,1
弱智,1
美军,1
转型社会,1
粗犷风,1
顾诚,1
古清生,1
超长篇机器猫哆啦A梦大雄的宇宙开拓史,1
大雄与铁人兵团超长篇机器猫哆啦A梦,1
大雄与宇宙小战争超长篇机器猫哆啦A梦,1
中美关系,1
中国内战,1
中国古代军戎服饰,1
曾瑞龙,1
德国历史,1
战术,1
爱尔兰小说,1
五四,1
第三帝国,1
第三帝国丛书,1
文化大革命,1
月亮你好吗,1
安德烈德昂,1
月亮,1
一人之下,1
腾讯动漫,1
哲理性的中学,1
郑闯琦,1
绘本最高,1
换性,1
则慕,1
有趣的八卦史,1
王室的另类历史,1
欧洲野史,1
hopper,1
爱德华霍普,1
爱德华霍珀,1
斯特兰德,1
BE,1
大气,1
不容错过,1
有匪,1
岛上书店作者新作,1
散杂文,1
很喜欢希望有机会拜读,1
经典台词,1
新写实主义,1
韦尔奇,1
赢,1
山口淑子,1
李香兰,1
个人提升之沟通,1
终于等到了迫不及待想好好阅读,1
同哥新书,1
蝴蝶君,1
实用自卫,1
反恐逃生,1
安全教育,1
海豹突击队,1
Feminism,1
女性文化,1
斑斓阅读,1
金庸全集朗声旧版,1
金庸作品集,1
神话传说,1
奇趣故事,1
寻找前世之旅,1
穿越时空,1
人口问题,1
马寅初,1
人口学,1
理财投资,1
刘彦斌,1
理财有道,1
人生的智慧,1
沈从文家书,1
张兆和,1
彼得堡,1
费奥多尔米哈伊洛维奇陀思妥耶夫斯基,1
小说中篇小说集,1
有关性交易,1
公园,1
关于父亲,1
精神病院,1
疗养院,1
无感的公认好书,1
美人鱼,1
汉斯克里斯蒂安安徒生,1
著作安徒生,1
童年阅,1
有关唱歌,1
CAFE阅,1
歇斯底里症,1
血泪之作,1
不忍再读,1
虐待狂,1
有关书本,1
有关教育,1
变态角色,1
双鱼座,1
高雄,1
忘年交,1
磨铁图书,1
有关性侵,1
有关女权,1
散文散文集,1
非虚构文学散文,1
有关跨文化,1
西方人眼里的东方,1
有关参禅,1
孟买,1
芝加哥,1
湖南人民出版社,1
印度教,1
时代法国波旁王朝,1
和尚,1
神仙,1
著作西游记,1
假戏真做,1
留学史,1
时代中国民国,1
船舶摆渡木筏,1
留学生,1
期待已久,1
时代中国抗战时期,1
上海锦绣文章出版社,1
反乌托邦电影,1
性冷淡,1
试卷,1
教材试卷升学类,1
北京航空航天大学出版社,1
有关考试,1
肖秀荣,1
良心教材,1
著作红楼梦,1
人物论,1
非虚构文学文学批评,1
迷幻,1
有关回忆,1
非线性叙事,1
冷门佳作,1
星云奖最佳长篇小说,1
坎贝尔奖坎贝尔奖最佳小说,1
银河奖特别奖,1
意外结局,1
时代中国文革时期,1
虚构文学科幻小说,1
老干部,1
雨果奖最佳长篇小说,1
有关复仇,1
获奖无数,1
全球华语科幻星云奖最高成就奖,1
艾弗里蒙森,1
乔里约翰,1
有关戏剧,1
文化古希腊,1
学戏剧必看,1
西方哲学戏剧,1
弗里德里希威廉尼采,1
戏剧史,1
伊豆,1
印象主义,1
山丘,1
舞者,1
有关舞蹈,1
有关书信,1
湖畔,1
学哲学必看,1
虚构文学批判小说,1
居伊德莫泊桑,1
时代法国普法战争,1
虚无主义,1
白羊座,1
非虚构文学文学史,1
全本书店,1
射手座,1
电影电影理论,1
非虚构文学传记,1
帕斯卡尔博尼策,1
人物埃里克侯麦,1
霍尔茨瓦特,1
埃布鲁赫,1
著作格林童话,1
虚构文学奇幻小说,1
系列杂志文学,1
中国香港文学,1
音乐音乐批评,1
罗展凤,1
有关作曲,1
绘本合集华语漫画,1
朋克,1
良心漫画,1
新经典文化,1
大塊文化,1
伙伴绘本,1
赏心画册,1
非虚构文学诗词,1
诗词诗词集,1
澳洲史,1
著作飘,1
解嬿嬿,1
虚构文学魔幻小说,1
天使,1
画家,1
玛丽苏,1
那些年读过的垃圾,1
陈丝雨,1
孙见坤,1
徐枕亚,1
郑秀文,1
埃米尔迪尔凯姆,1
我想隨時隨地都發生好事我等不及別人施捨我只好自己想辦法去要,1
我来了,1
又走了因为你不在,1
某种相似的恐惧,1
等待和守护,1
你一定要读这本书,1
法式,1
奥斯卡,1
日系摄影,1
艺术学,1
香港电影演义,1
怪诞心理学,1
传记纪实,1
印刷工艺,1
自傳回憶錄,1
用力去爱,1
于一切眼中看见无所有,1
寻根文学,1
东北文化,1
黑道,1
反极权主义,1
藤井樹,1
这是我的答案,1
国境以南太阳以西,1
法律与文学经典,1
立信会计出版社,1
欧内斯特米勒尔海明威,1
阿部家族系列,1
疯丢子,1
穿越文中的精品,1
何炅,1
曼荼罗,1
NASA,1
衍生品,1
锤子,1
阿卡纳,1
张公子,1
王芳芳,1
蚁族,1
庆余年,1
何怀宏,1
男孩的冒险书,1
阿梅莉诺冬,1
海德堡,1
GrimmJGrimmW,1
宝葫芦的秘密,1
霹雳贝贝,1
大林和小林,1
宋词鉴赏,1
几米本子,1
中國哲學史,1
青铜葵花,1
纯净,1
高亨,1
才子书,1
四书,1
朱雀记,1
北京四中,1
光明与磊落,1
FoucaultMichel,1
中央公园西路,1
爱顾里,1
干校,1
默存,1
猪妞,1
笃定,1
向上跌了一跤,1
给小S,1
坐拥书城,1
书房,1
小小姑娘,1
姑娘虹影,1
天人五衰,1
妄谈与疯话,1
成都今夜请将我遗忘,1
康德道德哲学,1
苗力田,1
傻逼中的战斗机让我来回忆你,1
SS,1
PhD,1
AllTimeLove,1
影视文学,1
比利怀尔德,1
卡梅伦克罗,1
张力,1
大卫科波菲尔,1
诸葛沂,1
藤澤周平,1
t,1
Advertising,1
marketing,1
李幼蒸,1
江山入梦,1
我就是这般女子,1
解密,1
岁朝清供,1
好人难寻,1
温情暖意,1
同,1
不同,1
太多,1
前瞻,1
公益,1
细节,1
遗传,1
职业训练,1
webdesign,1
常倉三矢,1
三田織,1
春泥,1
GelingYan,1
嚴歌苓,1
芒其之一,1
劉資君,1
日野雄飛,1
Reportage,1
Sexuality,1
Homosexuality,1
Pedophilia,1
JeanLucHennig,1
春田,1
文乃,1
文川,1
九號,1
堀部秀郎,1
奈須,1
武内崇,1
鳥山石燕,1
多田,1
芽獅,1
坂本眞一,1
新田次郎,1
TATSUKI,1
松吉,1
高尾滋,1
藤田貴美,1
宮本佳野,1
天城,1
古矢渚,1
菊助,1
桑原祐子,1
座裏屋蘭丸,1
五城,1
倉橋,1
yoha,1
冥花,1
糸井,1
高緒拾,1
梨,1
PostApocalyptic,1
Dystopian,1
伊藤計劃,1
ProjectItoh,1
絵津鼓,1
毛魂一直線,1
林檎,1
公式書設定集,1
佳門花王冴子,1
国枝彩香坂井久仁江,1
川唯東子,1
蔵王大志,1
影木栄貴,1
PictureBook,1
JoryJohn,1
PaulCedar,1
Liberty,1
JohnStuartMill,1
Options,1
Futures,1
FinancialDerivatives,1
Hull,1
史鐵生,1
蔡鍔,1
兵法軍書,1
JamesMCain,1
AngelaCarter,1
文言,1
山岡荘八,1
MichaelLewis,1
柳田國男,1
櫻雪丸,1
Novella,1
Erotic,1
Mythology,1
Interview,1
Documentary,1
高銘,1
Travels,1
RainerMariaRilke,1
TheodoreDreiser,1
KimEdwards,1
GnterGrass,1
KennethGrahame,1
JohnGrogan,1
Economics,1
PaulSamuelson,1
WilliamDNordhaus,1
JeromeKJerome,1
VariousAuthors,1
FrancesMayes,1
MichaelOwen,1
TheGrimmBrothers,1
JonathanSwift,1
CharlotteBront,1
SirArthurConanDoyle,1
ProsperMrime,1
Play,1
JustinHalpern,1
高鶚,1
GuydeMaupassant,1
AliceSebold,1
TheThreeKingdoms,1
HonordeBalzac,1
ThomasLFriedman,1
Dystopia,1
evernote,1
父亲,1
伤痕,1
卢新华,1
艺术设计典范著作,1
书籍装帧,1
权力,1
格尔哈特伦斯基,1
政治种种,1
欲购,1
魔幻小说,1
小西的文呐,1
真心想读,1
冬暖夏凉,1
期待已久的书,1
个比利,1
Steinbeck,1
地心游记,1
吉卜林,1
雷建军,1
清华,1
电影馆系列,1
李健吾,1
译文名著文库,1
公元前,1
百变小红帽,1
保罗策兰,1
策兰,1
心灵的历史,1
萬傳法,1
里奇,1
文学诗歌,1
朱维基,1
诗歌诗论,1
短篇小说选,1
戒指花,1
远大前程,1
电视人,1
遇到百分之百的女孩,1
一九七三年的弹子球,1
荣如德,1
动物农场,1
你在天堂里遇见的个人,1
电影手册,1
厄夜之花,1
国足,1
刘晓新,1
卢蓉,1
LUXURY,1
康熙大帝,1
封神榜,1
梁小民,1
孙刘联盟第二部,1
胡狼拜月,1
金英珠,1
刺陵,1
林志玲,1
UE,1
得过且过,1
要想不受翻译气雅思必须过得去,1
日本美学,1
幽玄,1
先锋戏剧,1
半路夫妻小说版彭三源,1
再婚,1
彭三源,1
岁月,1
半路夫妻,1
爱尔兰安妮塔婕朗,1
亲兄热弟,1
电视剧亲兄热弟,1
love,1
生為女子,1
无敌九把刀,1
蔡澜谈倪匡,1
老友,1
市井小说,1
张大民,1
杉田比吕美,1
木炭,1
寻梦,1
我是冠军,1
我和郑渊洁的八天八夜,1
欧阳惠玲,1
都市女性,1
爱九把刀,1
幸运儿,1
斑斓,1
幾米的童話,1
晒太阳杀时间遮脸两用小说,1
愛情小說,1
那些年我們一起追的女孩,1
奇思怪想,1
后青春期的詩,1
想像力,1
新星一,1
whodunitc,1
兽性回归,1
流火,1
童诗,1
菜,1
鲸鱼女孩池塘男孩,1
纽约公共图书馆种图画书,1
光神,1
詹姆斯与大仙桃,1
查理和巧克力工厂,1
当世界年纪还小的时候,1
日本人的心靈,1
周龙梅,1
美好的美好,1
给女儿看的书,1
童话是一棵春天的树,1
日本童话,1
达尔,1
洋洋,1
好饿的小蛇,1
小轩的童书,1
小书房童书,1
乒乒和乓乓钓大鱼,1
元英,1
favourate,1
獵命師,1
非常行,1
猎命师传奇,1
小朋友读,1
绘本书,1
时代广场的蟋蟀,1
纽伯瑞儿童文学,1
四年级暑假,1
童年最好的童话,1
皮皮鲁和宗罪,1
普法,1
暂停,1
皮皮鲁与宗罪,1
我看过的五颗星好书,1
未知,1
读图时代,1
情,1
国产,1
大哥大,1
都恐系列,1
纯洁,1
做个好老师,1
儿子读,1
希希的书柜,1
童话列车系列,1
童话列车,1
小糊涂神儿,1
無與倫比的自由,1
广无,1
广少,1
当我们年幼,1
幼儿时期,1
杨鹏,1
布老虎,1
爸爸,1
亲爱的星座,1
星图,1
翘首韩寒的作品,1
jht,1
回眸,1
暴笑,1
哈棒传奇,1
好笑,1
艾瑞克卡尔,1
好饿的毛毛虫,1
逃家小兔,1
可爱的,1
好好照顾我的花,1
PPCat航海日记,1
郝广才,1
绘本图书,1
卧底,1
狼嚎,1
大好,1
幽默聊斋之植物人开花,1
我的书,1
幽默搞笑,1
一个阶段的记忆,1
故乡书架,1
兒童文學,1
国外绘本,1
一年级,1
三年级,1
中国儿童文学,1
少儿,1
爱心树绘本馆,1
周,1
湖祭,1
玄玄,1
like,1
月魔,1
口,1
小学读的书,1
冰箱,1
狂想,1
阴茎,1
老了怀旧了,1
初中时代,1
Jimmy,1
慾望,1
吃掉黑暗的怪兽,1
LIGHTnovel,1
評価,1
温暖而甜蜜,1
哦轻小说,1
王贵与安娜,1
钱,1
罪恶,1
伊甸樱桃,1
感傷,1
成长的无奈,1
不是我说你,1
校园小说,1
女生贾梅,1
一个红卫兵的自白,1
纪实体,1
坏种子,1
暗影,1
铁牛重现,1
百年诅咒,1
cm生活,1
一个人上东京,1
一個人的第一次,1
一个人的第一次,1
Life,1
绘图本,1
祥瑞,1
她死在QQ上,1
神在看着你,1
不能说这是消遣,1
怪象异志爱一世,1
只要是他的书必看,1
淡淡的爱情的味道,1
城北地带,1
双面胶,1
婆媳,1
活不明白,1
我爱问连岳II,1
只有你聽到,1
Goth斷掌事件,1
有看过漫画的GOTH,1
皮克斯,1
镜系列,1
精神世界,1
大角,1
铁浮图,1
弗兰妮与祖伊,1
蜘蛛男孩,1
自传三部曲,1
作者好兴致,1
倒错系列,1
中国古代神话,1
结构人类学,1
奇想,1
余德泉,1
白化文,1
杨过,1
袁伟民,1
XxLao墓,1
菜小龟,1
珍妮古道尔,1
早餐阅读,1
冯华,1
都市人类学,1
考古人类学,1
认知人类学,1
考古学史,1
人类学基础,1
民族志入门,1
社区研究,1
ssk,1
看守所,1
监狱文学,1
爵迹,1
读物,1
想在一生中做一件正确的事,1
喜欢的书,1
日杉浦康平,1
衫浦康平,1
杉浦康平,1
造型,1
翻译小说,1
AmericanLiterature,1
中国文学港台,1
银河铁道,1
全本,1
藝術設計私生活,1
世界和其他地方,1
小时代电影全记录,1
青春是一本太仓促的书,1
致青春,1
文学欧洲,1
回忆录帕慕克,1
理想国蒋勋,1
欲爱书,1
净空法师,1
净空,1
年宗教类新书,1
王臣,1
今生就这样开始,1
三毛传,1
名人传记,1
阿部雅世,1
翡冷翠,1
塞纳河,1
师永刚,1
图解心经,1
紫图,1
哲学伦理,1
图解系列,1
宗教基础,1
人间是剧场,1
七宗罪,1
無愛紀,1
无爱纪,1
她是女子我也是女子,1
同性爱,1
冯峰,1
新课题书单,1
王序,1
欧洲创造平面,1
波特,1
个人修炼,1
重游缅湖,1
马斯洛,1
人本主义,1
自我实现,1
礼物,1
道家密宗与东方神秘学,1
美国联邦最高法院,1
书牍完了,1
十八岁给我一个姑娘,1
爱丽斯奇境历险记,1
与往事说再见,1
BessonPhilippe,1
社会评论,1
北回归线,1
咖啡馆,1
参差咖啡,1
少年维特的烦恼,1
情绪控制,1
selfdevelopment,1
改变,1
释迦牟尼传,1
佛祖,1
我的快乐天堂,1
童年的回忆,1
南无阿弥陀佛,1
金刚般若波罗蜜经,1
佛家经典,1
佛学经典,1
般若波罗密多,1
佛法,1
释果宁,1
正信的佛教,1
Buddhism,1
正信的佛教学佛群疑佛学入门,1
聖經,1
幸福之路,1
背影,1
审判,1
那些年我们一起追过的女孩,1
纯粹,1
我们一起追的女孩,1
新时代,1
耶林,1
法学经典,1
伍尔夫读书随笔,1
人文知识,1
科殷,1
消失宾妮,1
退步集续篇,1
李可乐抗拆记,1
女宾,1
哲学启蒙书,1
我执,1
芒果街,1
哥伦比亚的倒影,1
流波上的舞,1
正见,1
化身,1
摇滚师,1
修身,1
国境以南,1
太阳以西,1
沃尔特肯,1
走到人生边上,1
荷尔蒙,1
她们谋生亦谋爱,1
秦淮八艳,1
病理学,1
成人,1
西漫,1
Historical,1
費曼,1
钱烈宪,1
邮差,1
安东尼奥斯卡尔梅达,1
工业革命,1
我们台湾这些年,1
跟自己的名字赛跑,1
戏剧浮生,1
社会类,1
心理类,1
冒险类,1
童话类,1
RP费曼,1
薛兆丰,1
余欢,1
DrunkPiano,1
涂鸦,1
张丹枫,1
萍踪侠影录,1
萍踪侠影,1
扶摇,1
天下归元,1
贰十三,1
砰然心动的人生整理魔法,1
断食,1
瘦身,1
轻断食,1
Gaeilge,1
Austrian,1
乔治,1
普拉提,1
体能康复,1
双峰,1
江南鹤,1
民族文学,1
金宇澄上海回望过去,1
七月与安生,1
火星任务,1
大逃港,1
影视表演,1
香港电影百年,1
关于中国人,1
文化地理学,1
海上花列传,1
章小东,1
中年客,1
约瑟夫凯赛尔,1
艺术理论文学理论,1
印度电影史,1
菲罗兹伦贡瓦拉,1
小说古近,1
张充和,1
印度艺术,1
乔纳森萨佛兰福尔,1
伊凡杰尼索维奇的一天,1
曾经感动过,1
HK,1
席子,1
老姜,1
朱幼棣,1
海原修平,1
坪内逍遥,1
陈白尘,1
佐佐木maki,1
李太白,1
史学研究,1
岩崎昶,1
申报,1
东方月,1
弗雷德里克詹姆逊,1
三好将夫,1
香港的另一面,1
杰姆逊,1
波德威尔,1
杰姆逊后现代,1
黄长烨,1
西默农,1
梅格雷,1
影视声音,1
丁西林,1
威尔拉凡德,1
苏秀,1
遥远的乡愁,1
埃里奇西格尔,1
沙叶新,1
周朝俊,1
阿图尔施尼茨勒,1
Schiller,1
嘤嘤嘤就喜欢这样照顾懒人的科幻短篇精选,1
超可爱配图精美啊,1
精神与肉体,1
八爪夜叉,1
新闻业,1
希钦斯,1
约瑟夫史克沃莱茨基,1
歪歪,1
布莱克,1
先看看,1
时代周刊,1
瞿秋白,1
奥斯威辛,1
叶辉,1
罗志华,1
戴晴,1
travelguide,1
Apple,1
旅行随笔,1
张亚东,1
终极理论,1
加米斯特拉尔,1
远子,1
这辈子就想呆家吸毒,1
小水,1
精分现场,1
毁灭之美,1
青海,1
DND,1
对死亡麻木,1
王逅逅,1
理查德林克莱特,1
阿Sam,1
尼奥斯特洛夫斯基,1
美术设计,1
基普S索恩,1
洛地,1
洛齐,1
胡伟,1
乔治R,1
马丁,1
杰兹阿波罗,1
尤四姐,1
世界奇幻大师丛书,1
小川一水,1
丹尼尔亚伯拉罕,1
大卫布林,1
科瓦奇三部曲,1
杰里米罗宾逊,1
郭婧,1
奥尔加格鲁辛,1
安逸,1
米盖尔卡里尼,1
奥希兹女男爵,1
雅贼系列,1
朱墨,1
新世相图书馆,1
凯瑟琳肯特,1
伊恩福尔克纳,1
胡安迪亚兹卡纳莱斯,1
秋元良平,1
帕维奇,1
夢枕貘,1
伯恩斯,1
山口百惠,1
标签,1
雅贼,1
大钧,1
传叔,1
马科斯,1
关川夏央,1
欧云波,1
马识途,1
梅森皮里,1
费勇,1
斯科特艾曼,1
凉宫春日,1
JulioCortzar,1
UrsulaLeGuin,1
性格色彩,1
嘉贝丽文生,1
AndrzejSapkowski,1
RichardMorgan,1
曾佑瑄,1
荷塔穆勒,1
HertaMuller,1
罪化,1
笔记小品,1
王叔晖,1
马林诺夫斯基,1
张鼎鼎,1
NormanManea,1
女尊,1
书闲庭,1
ZhuZhup,1
杜鲁门卡坡蒂,1
DaveMcKean,1
博尔温班德洛,1
游靜,1
茱蒂巴瑞特,1
罗恩巴瑞特,1
丹姆,1
金弗珀兹艾克松,1
爱娃艾瑞克松,1
卡琳,1
酒井驹子,1
斯巴达克思,1
拉乔万尼奥里,1
斯陀夫人,1
西尔维娜多尼,1
楚云暮,1
鐘寶賢,1
美工,1
粤剧,1
唐涤生,1
niuniu,1
子默,1
若杉公德,1
青春爱情,1
晓渠,1
暗夜流光,1
筱禾,1
黄华,1
美国罗宾,1
方保罗,1
佩特哈群斯,1
伯纳德韦伯,1
细野绫子,1
劳拉乔菲努梅罗夫,1
玛格丽特怀兹布朗,1
克莱门特赫德,1
罗川真理茂,1
bronze,1
普伊格,1
崔子恩,1
雷蒙布力格,1
论集,1
萨奇尔,1
迪卡米洛,1
吉尔曼,1
塞格林,1
韦伯斯特,1
巴里,1
灌蓝高手外传,1
prin,1
塞尔登,1
巴塞尔姆,1
英国布克奖,1
访谈与演讲,1
孙仲旭译作,1
POV,1
英雄史诗,1
期待已久棒棒的书多买几本当特产送家人都不错阿朋友,1
吕敬人,1
pixar,1
于晓丹,1
刘麦加,1
她她,1
留夕,1
杨光斌,1
图片编辑,1
任悦,1
政党学,1
政党与政党体制,1
RichardPaulEvans,1
感恩,1
大学英语,1
午时风,1
CA,1
朱镕基答记者问,1
LIFE方大同,1
关河,1
呼葱觅蒜,1
齋藤飛鳥,1
市川忧人,1
阿兰维贡德莱,1
伍倩,1
三千鸦杀,1
宫下奈都,1
书店大奖,1
村田沙耶香,1
黄正建,1
裴玄静,1
瑞萨沃克,1
中村和孝,1
上木荔枝,1
梦水清志郎,1
李节传,1
世界历史文化丛书,1
不可能消失,1
辣笔小球,1
石田翠,1
东京喰种,1
吕一民,1
天蓝若空,1
李鲆,1
四季系列,1
高野文子,1
连作短篇集,1
迈克尔夏邦,1
轨迹奖,1
麦人杰,1
限制级,1
彼得史比尔,1
孙青霞,1
贺宁曼凯尔,1
韦兰德系列,1
视觉文学,1
冈崎京子,1
AA米尔恩,1
瀨在丸紅子之V系列,1
洪振快,1
共产党,1
西尔斯,1
少年追命,1
山口让司,1
诛砂,1
仙川环,1
三十六大,1
犀川萌绘系列,1
诡计文库,1
新川直司,1
者系列,1
杀人耳语系列,1
sheep,1
卡里来和笛木乃,1
another,1
云朵面包,1
崔维斯麦基,1
史努比,1
不厭其煩,1
木村真瑠美,1
提尔希容凯,1
少年检阅官系列,1
真备庄介,1
霜月加代子,1
放学后,1
李小牧,1
你他妈才有病呢,1
杰克李奇,1
金冲及,1
国情,1
梅兰芳,1
柄刀一,1
吉岡美穂,1
世界之最,1
青之炎,1
玄色,1
武林萌主,1
赵忠祥,1
罗伯特莱基,1
致D,1
休姆,1
伊安兰金,1
恶人,1
提姆波顿,1
贺卫方,1
石川达三,1
德永直,1
野间宏,1
曾野绫子,1
三浦哲郎,1
拉夫列尼约夫,1
第四十一个,1
有頂天家族,1
琴音,1
电信业,1
发展史,1
BLEACH,1
纲要,1
翦伯赞,1
辅导,1
萌元素,1
大澤在昌,1
打工偵探,1
吕俊华,1
红色笔记本,1
杀戮之病,1
纯洁vs冷酷,1
临终的真实,1
美好感情,1
过得去,1
ENTERBRAIN,1
秋田書店,1
神话改,1
画集公式,1
朝日新聞出版,1
星野桂,1
都市研究,1
Postmodernity,1
davidharvey,1
capitalism,1
美國文學,1
花草植物,1
超十本长篇完,1
幸村诚,1
宗教小说,1
魔法禁书目录,1
最爱没有之一,1
字解日本,1
散文读本,1
浪费纸张,1
负面营销,1
朴研美,1
艾勃特,1
刘勇军,1
福田千晶,1
兰迪诗,1
GayScript,1
蒋胜男,1
Liz,1
大象ROV,1
湖南卫视,1
武田笃典,1
史景遷,1
心得,1
媒体社会学,1
python,1
保健,1
世界格局,1
Rebecca,1
纽约三部曲,1
NewYork,1
祖与占,1
飞行官小北,1
一生年少,1
数字电子,1
数电,1
象人,1
心理学自我成长,1
三少,1
释印顺,1
亚隆,1
田中宥久子,1
塑颜,1
鲸鱼和池塘,1
海灵格,1
彼得兔绘本全集小兔彼得和他的朋友们,1
财务报表,1
人性的优点,1
盖洛普,1
诗画,1
饭卡脑残粉,1
就爱虐恋情深,1
辛大脑残粉,1
缪大脑残粉,1
google,1
Internet,1
国际法,1
公务员,1
罗小黑,1
夏笳,1
史前,1
茱莉亚查尔德,1
福田淳子,1
FerranteElena,1
果壳网果壳阅读,1
九鹭非香,1
再也看不出微微一笑很倾城的那种亢奋了,1
张小花,1
章君榖,1
飘阿兮,1
崔曼莉,1
浪潮之巅,1
Salinger,1
碧珊,1
严文井,1
竹宫惠子,1
凤凰阿歇特,1
BY叔,1
WOW,1
AlphonseMucha,1
江波,1
银河之心,1
美菲茨杰拉德,1
反童话,1
浪花朵朵童书,1
少儿英语,1
英语启蒙,1
模型,1
震撼,1
郑在欢,1
KenLiu,1
Zafon,1
方慧,1
长中篇,1
下乡,1
英文翻譯,1
LSAT,1
Powerscore,1
萧也牧,1
张扬,1
帕蒂史密斯,1
逯耀东,1
小野,1
梁左,1
庐隐,1
少年血,1
走遍全球,1
流水迢迢,1
慕容冲,1
朱龙华,1
艺术通史,1
弗雷德里克佩特斯,1
废墟之花,1
神的孩子全跳舞,1
经典之作,1
与心沟通,1
鬼神杂谈,1
智齿,1
日系耽美,1
田岛昭宇日本漫画条形代码,1
中国古典小说,1
杀戮都市,1
暗黑幻想,1
列维施特劳斯,1
大部头计划,1
卡波蒂,1
出版文化,1
英国GeorgeOrwell,1
上海题材,1
汉剧,1
移民小说,1
江南三部曲,1
新移民小说,1
近代文学,1
女性犯罪,1
本土漫画,1
虐啊,1
种族大屠杀,1
帆的孤独啊,1
池袋系列,1
心灵密码,1
一切有价值的东西都是为了爱那是生活的动力有时候生活也不再,1
西部小说,1
青梅竹马,1
错过,1
误会,1
遗憾,1
届初中生,1
不复最初的感动,1
笑对人生,1
北京人民文学出版社,1
小海豹,1
哲学思想,1
儿童史,1
外国诗,1
LeClzio,1
淡,1
ue,1
铁梨花,1
外国记者,1
个城市生活的人,1
百城写作计划,1
裴斗娜,1
占星学,1
阿斯特丽德林格伦,1
左翼,1
浙江,1
攻心话术,1
约翰巴斯,1
非常好的一本书,1
人类的群星闪耀时,1
爱书人的圣经,1
我为你洒下月光,1
佟少,1
曼君,1
小漫画,1
如果巴黎不快乐,1
青少年励志,1
安静的人生,1
趣味书,1
毛选,1
干货满满,1
范冰,1
数据驱动,1
growth,1
实分析,1
Analysis,1
Algebra,1
数学分析,1
特摄,1
御宅,1
戛纳电影节,1
星球大战,1
神书,1
致幻剂,1
迷药,1
JOJO,1
社会发展,1
数据分析,1
科技发展,1
思维工具,1
EBE,1
ufo,1
站桩,1
鬼文化,1
听读,1
刘淼,1
呼吸,1
薛颠,1
连丽如,1
贾建国,1
郑猛,1
小野和子,1
陈致,1
IsaacAsimov,1
江绍原,1
武田雅哉,1
狐,1
康笑菲,1
张读,1
裴铏,1
徐铸成,1
哈同,1
卢汉超,1
牟宜之,1
旧体诗,1
神异,1
大成拳,1
钱基博,1
笔迹,1
徐磊,1
手机,1
武道,1
叶洪生,1
索引,1
杂趣,1
武艺,1
器趣,1
仙道,1
竖排,1
庚子,1
东林,1
党社,1
刘联珂,1
帮会,1
那志良,1
典范,1
武学,1
仙学,1
少年读物,1
俗学,1
温和,1
漂流,1
磨难,1
美味,1
食客,1
生命之轻,1
蓝衣社,1
贝斯特,1
透思,1
玄疑,1
峋山隐修会,1
中国导演,1
第六代,1
访问,1
贾德,1
威尔,1
上海辞书出版社,1
人的解放,1
宗教战争,1
人的故事,1
历史人物,1
评述,1
个,1
玩偶,1
心痛,1
中国古典词,1
陆游,1
老妖,1
好姑娘,1
原生家庭的影响,1
昭阳,1
透析英语,1
爱情故事,1
最重要的事,1
泪奔,1
心理悬疑,1
朱炫,1
周笔畅,1
文艺作品,1
自然笔记,1
秀英奶奶,1
特别想读,1
艾小玛,1
改变命运,1
我不想改变世界也不想被世界改变,1
有长安君情史,1
正能量女神,1
你的生命有什么可能,1
生涯规划,1
控制与情感敲诈,1
心理学普及,1
女性随笔,1
OUR书系,1
李筱懿,1
犀利有味,1
刘墨闻,1
看有趣的人读有趣的书,1
不想讨好全世界,1
王潇,1
王云超,1
刘原,1
流亡三部曲,1
流氓原,1
囧之女神,1
女汉子萌妹子情感专栏,1
姬霄,1
短篇故事集,1
迷茫的时候走未知的一条路,1
蒂姆冈恩,1
美国出版业,1
人类行为及思维,1
衩姐衩姐,1
起风了,1
李荷西,1
期待,1
灵魂有香气的女子,1
创新者,1
马尔克斯最权威版本传记文学,1
杨美味,1
闫红,1
陈谌,1
田朴珺,1
蓑依,1
再美也美不过想象,1
小米,1
卢思浩,1
雪小禅,1
诗意,1
每一个优秀的人都有一段沉默的时光,1
舒婷,1
人脉学,1
谢丽尔桑德伯格,1
温蒂妮小姐,1
翻白眼,1
女屌丝,1
练习一个人,1
当我开始爱自己,1
莎士比亚书店,1
嘉倩,1
世界这么大还是遇见你,1
樱桃之书,1
减压,1
涂色书,1
独立女性,1
理财生活,1
正青春,1
男孩,1
美好的书,1
成长小说,1
爱旅游爱文化必读,1
自由行,1
我这辈子有过你,1
潇湘冬儿,1
王菲画传,1
沥川往事,1
桂纶镁,1
都是妖蛾子,1
BJ单身日记,1
枕上书,1
忽而今夏,1
流金岁月,1
可爱的洪水猛兽,1
犀利,1
可爱的骨头,1
然后我就一个人了,1
萧十一郎,1
词话,1
陈廷焯,1
西藏游踪,1
吴梅,1
夏承焘,1
历史不忍细看,1
写在人生边上,1
新闻报道与写作,1
太虐了,1
樱桃青衣,1
川島芳子,1
私语书,1
孙犁,1
金粉世家,1
无出路咖啡馆,1
最佳厕所读物,1
私人行走,1
我是坏女生,1
广告入门,1
温暖的弦,1
降灵,1
六音,1
杜撰组异闻录,1
情锁,1
聿修,1
镜织梦者,1
佳期如梦之海上繁花,1
景年知几时,1
纳兰,1
美人何处,1
苏缨纳兰,1
花事,1
宁萱,1
小山词,1
几番魂梦与君同,1
伊藤左千夫,1
宋朝风物,1
闲读,1
我的书房,1
爱德华兹,1
清词,1
书天堂,1
周邦彦,1
花间词,1
吴丈署,1
夏承燾,1
我爱比尔,1
沈从文精选集世纪文学家,1
小公主,1
弗朗西丝霍奇森伯内特,1
对照记,1
温庭筠,1
韦庄,1
最是寻常梦,1
当时只道是寻常,1
柳永,1
晏殊,1
杨慎,1
詞譜,1
宋,1
占婆,1
葉真中顯,1
柚月裕子,1
安德鲁泰勒,1
川瀬七緒,1
绿川圣司,1
滨尾四郎,1
荻原浩,1
资料性图册,1
黑长颈鹿专家,1
奥村真理子,1
石黑达昌,1
水野良,1
琳恩卡波布,1
懸疑推理驚悚,1
完美三部曲,1
钟丽思,1
居里夫人自传,1
我們以後會變成什麽樣,1
发展经济学,1
经济理论史,1
罗斯托,1
丹尼尔吉尔伯特,1
马修诺克,1
丹尼尔韦格纳,1
丹尼尔夏克特,1
哈佛,1
戏言系列,1
不懂,1
休刊,1
火影忍者,1
火影,1
文学少女系列,1
柏拉图对话录,1
查拉斯图拉如是说,1
霍兰德,1
查拉图斯特拉如是说,1
两性进化史,1
永恆輪迴,1
新文艺,1
朱生豪译,1
性与性格,1
故事写作,1
褚时健,1
互联网创业,1
许巍,1
西安,1
王石,1
安东尼史蒂文斯,1
性灵,1
人类病症,1
城市杂志,1
中国西安,1
民国小学,1
当事人,1
教育传统,1
寇克让,1
剑侠,1
心态,1
革命文学,1
来俊臣,1
王笠耘,1
土耳其手绘旅行,1
欲入,1
注音,1
注释,1
志怪小说,1
奇侠,1
鬼话,1
东邦,1
杜若,1
天舞系列,1
狼影啸啸,1
我愿乘风,1
艾微,1
奈菲尔塔丽,1
李毓佩,1
百看不厌,1
童年回憶,1
合租,1
麻辣教师GTO,1
爆笑,1
篮球飞人,1
圣斗士星矢,1
奇幻冒險,1
幽游白书,1
医生杜明,1
没有人是干净的,1
颅骨钻孔,1
影射現實,1
风魔小次郎,1
神龙之谜,1
熱血冒險,1
打怪升級,1
三條陸稻田浩司,1
風水道術靈異冒險,1
絕對牛逼,1
黑色校园,1
塞拉利昂,1
塞利格曼,1
自我发现,1
生存现状,1
认知发展心理学,1
克里福德西马克,1
易学,1
拯救与逍遥,1
礼学与礼制,1
祭祀,1
古典学术,1
評傳,1
近代思想史,1
蒲慕州,1
关于诗人,1
黄信尧,1
BenFountain,1
杨洁,1
BillyWilder,1
CameronCrowe,1
BFI,1
EnnioMorricone,1
RomanPolanski,1
寡居的一年,1
诗翁彼豆故事集,1
柏桦,1
诗化的笔记体,1
杨红樱系列,1
瞧这群俏丫头,1
不辞冰雪为卿热,1
晕,1
极花,1
斯威夫特,1
安傑薩普科夫斯基,1
切萨雷贝卡里亚,1
入间人间,1
葵关南,1
片山恭一,1
伏见司,1
凛,1
咲坂伊緒,1
乔纳森,1
庞中华,1
wanze,1
合肥市,1
访问记,1
叙事散文,1
新闻事业,1
国际问题,1
政治制度,1
概况,1
日常生活社会学,1
随笔集,1
埃尔克海登莱希,1
育儿心经,1
希利尔,1
法让雅克桑贝,1
冈本加乃子,1
马汉麟,1
扎西拉姆多多,1
郭宪,1
煌煐,1
求生,1
池田晓子,1
大S,1
民间秘术,1
饭岛爱,1
安部司,1
林岚,1
超感犯罪心理小说,1
林敏,1
王兰芬,1
苏德,1
亨利米勒殉色三部曲,1
性爱,1
乔鹿,1
流星花园,1
河内由加利,1
门萨,1
智力,1
动脑,1
布赫霍尔茨,1
网络与书,1
苏炜,1
刘小川,1
同学少年都不贱,1
笑话集,1
布赫兹,1
哈里波特,1
陈心豪,1
神奇,1
巧合,1
广州版,1
严家炎,1
南海版,1
郭璞,1
曼施坦因,1
古德里安,1
彼得门德尔桑德,1
谜诡,1
古诗词,1
文件,1
秦,1
HM,1
侦探小说不可能犯罪密室,1
午夜文库美国侦探小说,1
約瑟芬铁伊,1
峰仓和也,1
根岸京子,1
赤井三寻,1
内田康夫,1
浅见光彦,1
米歇尔图尼埃尔,1
莱蒙托夫,1
王嘉,1
鹤见俊辅,1
朱绶锡,1
清言小品,1
儒家经典,1
四书五经,1
俞万春,1
岸本齐史,1
厕所读物,1
曹丕,1
曹植,1
汪精卫,1
毛泽东古典诗词,1
道加尔狄克逊,1
结构说明一切,1
布洛克的手,1
可读,1
魔幻之力,1
历史架空,1
吐槽,1
黑童话,1
攻略,1
尼泊尔,1
斋藤千穗,1
马骁,1
乐谱,1
塔巴,1
法国研究,1
思想家,1
埃德加莫兰,1
卢昌海,1
观察视角观点态度,1
超弦,1
媒介与生活,1
艺术社会学,1
大众传播媒介与社会发展,1
传媒经济学,1
一刀平五千,1
吴冠中,1
车万育,1
李三鹏,1
乐子丫头,1
郝培强,1
三天两觉,1
肆一,1
肯赫尔曼,1
文艺加萌研究所,1
菲欧娜巴顿,1
柏翠莎古驰,1
徐嗖,1
特蕾西曼恩,1
尼玛达娃,1
囧囧有妖,1
余嘉方,1
武亮,1
徐良,1
桜田雛,1
树要,1
青楼绮情曲,1
八田鮎子,1
狼少女与黑王子,1
吉原由起,1
蝶子小姐,1
刘儒德,1
彭聃龄,1
抽风的漠兮,1
漫漫红糖水,1
文风受其影响,1
第一销魂是此声,1
当时我就震惊了,1
打一星的是脑残,1
少不看此书,1
文学是最大的政治,1
推理小,1
泪眼汪汪从云荒开始都多少年了初中高中大学乃至工作,1
恶魔主义,1
SHIT,1
金爱烂,1
CNG,1
ST,1
佩吉苏,1
赫苏斯费雷罗,1
奚晓清,1
周诚慧,1
用光,1
武林绝学,1
一生孤注掷温柔,1
八公,1
明朝那些事,1
哀愁,1
地下铁,1
奥斯汀,1
厚重的现实主义,1
民国笺注丛书,1
红与黑,1
行路人,1
杰克苏,1
罗四鸰,1
马克弟,1
极权政府,1
蒙森,1
阎克文,1
钱永祥,1
左翼自由主义,1
人道主义,1
林毓生,1
神话文本,1
政治实践,1
寫真,1
stayreal,1
小僧,1
郭廷以,1
轻小说部,1
爱情疑难杂症,1
梦回大唐,1
陳坤,1
彎彎,1
美剧,1
修真,1
杨健,1
方想,1
香料,1
韩国电影史,1
金美贤,1
戴维迈尔斯,1
理查德格里格,1
日四方田犬彦,1
国产悬疑惊悚小说,1
光亮,1
EA罗斯,1
豪路博尔赫斯,1
威廉巴特勒叶芝,1
达伦山,1
千草检察官系列,1
亞愛一郎系列,1
佐贺潜,1
多岐川恭,1
平淡中显真知,1
爲了忘卻的紀念,1
专业理论,1
有意思,1
诺拉艾芙隆,1
徐浩峰,1
一个人住的幸福生活,1
亲爱的坏品味,1
蝴蝶过期居留,1
鱼和它的自行车,1
乔纳森斯威夫特,1
李咏,1
传记类,1
哈桑,1
身心灵,1
亚裔,1
侦探推理悬疑类,1
现实题材刑法学小说,1
值得收藏,1
阅读术,1
关于如何阅读一本书的最佳书籍,1
学习系列,1
Jkrowling,1
好书力荐,1
光荣与梦想给理想一点时间,1
香格里拉,1
遮天,1
叶凡,1
知青文学,1
有用书,1
明天,1
Urbanplanning,1
城市肌理,1
物质,1
热点,1
投行,1
德勒兹研究,1
导读,1
文化工业,1
重看,1
逃逸,1
适合改编,1
选篇,1
电影论坛,1
SIFF,1
海外传播,1
中国电影文化,1
传媒文化,1
参考书,1
网络传播,1
电影哲学,1
文学评论与思考,1
近现代杂文,1
母亲,1
画册艺术美术,1
外国文学名著,1
绝世好书,1
朝井辽,1
芥川赏,1
中國歷史,1
托爾金,1
欧阳子,1
affect,1
戈夫曼,1
赵刚,1
叶启政,1
帕特南,1
布劳岱尔,1
格尔兹,1
黄树民,1
马尔库赛,1
成伯清,1
粱实秋,1
周晓虹,1
林耀华,1
王爱松,1
新历史小说,1
格调,1
上海的风花雪月,1
翟学伟,1
劉梓潔,1
娥蘇拉勒瑰恩,1
沈意卿,1
議題,1
兩岸,1
亞洲,1
無國籍,1
華裔,1
陳天璽,1
遷徙,1
胡晴舫,1
社運,1
滿洲,1
房慧真,1
反烏托邦,1
黃麗群,1
董成瑜,1
脫北者,1
李學俊,1
韓國,1
吳明益,1
臺北,1
白曉紅,1
隱形委員會,1
無政府主義,1
畢飛宇,1
身心障礙,1
自我,1
反脆弱,1
写作理论,1
N年前读过,1
我的脸略大于整个宇宙,1
田野笔记,1
行为与制度,1
欧文白壁德,1
人文主义,1
西村幸夫,1
模式,1
Math,1
廖偉棠,1
读完后悔,1
CS编程,1
CSPerl语言,1
后期象征主义,1
CS核心课程,1
插花,1
韩娱,1
阮一峰,1
励志书,1
植田正治,1
谢丁,1
张郎郎,1
蔡定剑,1
绿茶,1
莫失莫忘,1
秋微,1
丁学良,1
吕新雨,1
苏杰,1
張鐵志,1
獨立電影,1
陈子善,1
莫伟民,1
女友,1
姚明,1
NBA,1
电影拍摄,1
发疯,1
安东契诃夫,1
赵德明,1
皮特布鲁内特,1
学院,1
程国赋,1
讲谈社,1
川本芳昭,1
约翰安德森,1
公民理论,1
InternationalRelations,1
诺曼斯通,1
罗贝尔巴丹德,1
斯科特特罗,1
森下典子,1
杰克希金斯,1
德瑞克沃尔科特,1
于东楼,1
姚扣根,1
饮食男女,1
鬼啊,1
黃霑,1
黎东方,1
杨天石,1
德州扑克,1
潮吧,1
刘静,1
安东,1
琦殿,1
渣,1
喵喵喵,1
希亚文奥拉姆,1
中江嘉男,1
佐佐木洋子,1
元永定正,1
笑猫日记,1
裴洪岗,1
姜淑梅,1
Wes,1
Anderson,1
涂子沛,1
南兆旭,1
柔石,1
薛仁明,1
性史,1
温洽溢,1
剧本理论,1
汇编,1
刘逸生,1
诗歌随笔,1
通俗经济学,1
时政评论,1
石琪,1
唐纳德斯伯特,1
宣传学,1
解玺璋,1
吴稼祥,1
公天下,1
潘石屹,1
邝保威,1
王杨,1
宋健君,1
迷影丛书,1
独立影评,1
雅倩,1
yearbook,1
电影杂文,1
TVB,1
演戏,1
收获文丛,1
柏邦尼,1
颠覆,1
独唱团,1
极权主义威权主义政权,1
约翰赫斯特,1
山东画报出版社,1
白寿彝,1
王树民,1
周振甫,1
康有为,1
深濑昌久,1
maker,1
死亡研究,1
林熙蕾,1
DianeArbus,1
楊學德,1
饭饭,1
SimonVanBooy,1
小镇,1
拉拉,1
查尔斯斯特罗斯,1
金斯坦利罗宾逊,1
大便书,1
淘宝,1
重庆精典书店,1
书展,1
城市书房,1
条目被删,1
吴玄,1
城市之光,1
李兰妮,1
北京书展,1
MichelHouellebecq,1
Theory,1
Updike,1
人艺,1
傻,1
游乐,1
sex,1
行为,1
大橘子,1
王书亚,1
邱小刚,1
孙立人,1
食品,1
滇缅,1
費孝通,1
台漫,1
沃尔特李普曼,1
连玲玲,1
项飙,1
余新忠,1
梁其姿,1
王笛,1
田汝康,1
恰克帕拉纽克,1
床上的爱丽斯,1
冰纹,1
贝多芬是黑人,1
萨冈一个迷人的小魔鬼,1
失落,1
赎罪,1
要塞,1
小魔怪黏巴达,1
西摩小传,1
罗马阳台,1
帕斯卡吉尼亚,1
金色眼睛的映像,1
小偷日记,1
紫阳花日记,1
黑铁时代,1
电影知识,1
李蕙蓁,1
谢统胜,1
达德利安德鲁,1
笔记古代文学,1
杨联陞,1
拍脑学派,1
论语学,1
译注本,1
大烟文学,1
愚丹淆发达,1
旧书店,1
高中读书,1
知识分子史,1
杨树达,1
論語,1
论语文献,1
以史证经,1
读通鉴论,1
张竹坡,1
套书,1
陈衍,1
石语,1
姜夔,1
清空骚雅,1
情痴,1
Data,1
弃,1
周轶君,1
王其鈞,1
非虚构城市写作,1
东方美学,1
苏菲派,1
极简生活,1
梦见街,1
杨潇,1
特稿,1
阿拉斯加,1
观念的水位,1
民主理念,1
普京,1
不持有的生活,1
藤本健二,1
三行情书,1
只剩一个角落的繁华,1
SamuelPHuntington,1
包益民,1
皮条客自传,1
歌舞伎町,1
歌舞伎町案内人,1
街拍,1
阅读城市,1
李屏賓,1
攝影師,1
李格弟,1
從北京到台灣,1
赵星,1
环玥,1
我呸,1
张佩瑜,1
擊壤歌,1
迈克雷斯尼克,1
城中村,1
库哈斯,1
琼里斯,1
已有电子版,1
家属买了真是瞎了,1
傅雷家书,1
已赠出,1
缪丽尔斯帕克,1
奚静之,1
林韜,1
电影摄影,1
生化保姆,1
英戴安娜韦恩琼斯,1
远离尘嚣,1
葡萄,1
散文杂文与随笔,1
晚明小品,1
世界上所有的夜晚,1
interview,1
海上花开,1
斯考切波,1
一首朋克救地球,1
刘绍棠,1
谢宇,1
Methodology,1
回归分析,1
本因坊,1
定性研究,1
启蒙读物,1
龚延明,1
汉语诗歌,1
拜德雅人文丛书,1
西方美学,1
电影资料馆,1
戈特弗里德贝恩,1
拉斯克许勒,1
分析哲学,1
姜涛,1
诗歌批评,1
乔治艾略特,1
社会研究方法,1
袁方,1
吴冠军,1
蔡欣怡,1
特色小镇,1
抗争政治,1
孙中伦,1
吴毅,1
新自由主义,1
葉三,1
哈里布雷夫曼,1
泰勒制,1
正午故事,1
西塞罗,1
罗马帝国,1
希腊罗马,1
组织社会学十讲,1
组织行为,1
燕城杂记,1
姜德明,1
怀人,1
克里斯蒂娜贝克克兰,1
孙诒让,1
海伍德,1
政治学教材,1
李侃如,1
马修托马斯,1
入门书籍,1
烂菜,1
蝴蝶梦,1
法学研究,1
半藤一利,1
远足文化,1
BakuYumemakura,1
北京联合出版社,1
Saudade,1
RogerCorman,1
田中慎弥,1
导论,1
罗伯特索科拉夫斯基,1
恋情题材,1
WilliamPeterBlatty,1
EtgarKeret,1
DavidFoenkinos,1
TimGautreaux,1
AlistairMacLeod,1
WellsTower,1
TaharBenJelloun,1
周瑄璞,1
阿拉文德阿迪加,1
弗里德里希迪伦马特,1
约翰赫西,1
傅山,1
林怀民,1
云门舞集,1
胡里奥科塔萨尔JulioCortzar,1
ShujiTerayama寺山修司,1
时间空间影像,1
杉本博司HiroshiSugimoto,1
RobertMusil,1
ArthurSchnitzler,1
Shakespears,1
SiegfriedLenz,1
二三事,1
毒伯爵该隐,1
由贵,1
岑骏,1
AxelVervoordt,1
wabisabi,1
器皿,1
景德镇,1
纽约MoMA,1
王寅,1
候孝贤,1
侗族,1
摆贝,1
圣彼得堡,1
单品,1
魏瑪,1
八廓街,1
Cityguaid,1
宗教符号,1
白描插图,1
纹身,1
藏羚羊,1
孤独及其所创造的,1
沪上才女,1
四川,1
鸟居龙藏,1
苗学,1
苗族,1
缅甸岁月,1
赖特,1
流水别墅,1
建筑师,1
冰心译,1
四川和重庆,1
昆明,1
麦田书店,1
陈逸飞,1
纳托,1
留白,1
沙溪,1
SRP,1
古建筑修复,1
黄印武,1
旅行线路,1
浦一也,1
酒店,1
多媒体,1
线路设计,1
极致体验,1
互动,1
APP,1
铁道控,1
低碳,1
after,1
风物,1
社区规划,1
后期,1
Lightroom,1
合肥四姐妹,1
私人生活,1
悉达多,1
皇家园林,1
颐和园,1
齐白石,1
旅行摄影,1
章光和,1
Morocco,1
影象里的生活时光,1
深泽直人,1
人文旅行,1
趙廣超,1
棉花国之旅,1
简莫里斯,1
白雙全,1
白双全,1
万里无云,1
书云,1
muji,1
中国旅行指南系列,1
国内指南,1
芥子园,1
创意设计生活,1
手作图本,1
艺术生活,1
世界摄影大师维利罗尼眼中的巴黎年,1
設計東京,1
吴东龙,1
湘行散记,1
AllaboutArt,1
史纲略,1
大唐西域记,1
印度细密画,1
活着活着就死了,1
美术史十议,1
平山郁夫,1
米拉坎达,1
雪域求法记,1
丽江,1
被遗忘的王国丽江,1
纳西族,1
顾彼得,1
丽江故事,1
旅行手册,1
湄公河,1
老挝,1
世界美术全集,1
马来西亚新加坡和文莱,1
真腊,1
欧洲旅游,1
古迹遗址,1
世纪摄影,1
斯坦因,1
古代中亚,1
城市记忆,1
汽车,1
潮爆中国新新中国城市文化笔记,1
李照兴,1
社会系,1
漫步巴黎,1
艺术丛书,1
曾年,1
图解,1
inCHINA,1
Arnold,1
Eve,1
观鸟手册,1
印度三部曲,1
Magazine,1
边境流浪者,1
我爱北京三里屯,1
视觉旅行,1
黑白巴黎,1
阅读有时,1
不会去死,1
建筑师的岁,1
我的我的天,1
先上讣告,1
后上天堂,1
纽约时报,1
你的萨宾娜我的卡夫卡,1
生活风格文学旅行图文书,1
生活与情趣,1
食材,1
设计东京,1
苏方,1
斯蒂文米尔豪瑟,1
米尔豪瑟,1
航天,1
忧郁的热带,1
慎小嶷,1
击壤歌,1
教育心理学,1
日光流年,1
潘家洵,1
AnneRice,1
心理犯罪,1
阿伯,1
三联新知文库,1
赫尔曼巴尔,1
建筑评论,1
藝術理論,1
YohjiYamamoto,1
蒙克,1
Eames,1
trmancapote,1
诗歌研究,1
培根,1
MontaigneMichelDe,1
日式美学,1
MilanKundera米蘭昆德拉,1
BarbaraEhrenreich芭芭拉艾倫瑞克,1
孔亚雷,1
marclevy馬克李維,1
DPLYLEDP萊爾,1
劉克襄,1
卓韻芝,1
AHSmith亞瑟史密斯,1
呂大樂,1
ArthurMiller阿瑟密勒,1
唐君毅,1
CarlosRuizZafn卡洛斯魯依斯薩豐,1
JaroslavHasek雅洛斯拉夫哈謝克,1
ChuckPalahniuk恰克帕拉尼克,1
鄭衍偉,1
SethGrahameSmith塞斯格雷厄姆史密斯,1
ElleryQueen艾勒里昆恩,1
AdriaanvanDis阿德里安范迪斯,1
EdgarAllanPoe艾德格愛倫坡,1
CyrilScott劑利祿史考特,1
MarkusZusak馬格斯朱薩克,1
WilliamGolding威廉高定,1
LevNikolayevichTolstoy列夫托尔斯,1
IvanTurgenev屠格涅夫,1
严家其,1
高皋,1
HonoredeBalzac巴尔扎克,1
FranzKafka卡夫卡,1
NikolaiGogol果戈理,1
StephenKing史蒂芬金,1
ItaloCalvino伊塔羅卡爾維諾,1
劉以鬯,1
RoslundandHellstrom陸斯隆赫史東,1
AlaaAlAswan亞拉阿斯萬尼,1
AveryMonsen艾弗里蒙森,1
JoryJohn乔里约翰,1
GuydeMaupassant莫泊桑,1
MitchAlbom米奇艾爾邦,1
RaymondCarver瑞蒙卡佛,1
MichaelGatesGill迈克尔盖茨吉尔,1
小川洋子,1
LuigiPirandello皮藍德婁,1
TimBurton添布顿,1
AlaindeBotton艾倫狄波頓,1
EOPlauen埃奧卡勞恩,1
EBWhite懷特,1
JDSalinger沙林傑,1
JohnConnolly約翰康納利,1
OliverSacks奧立佛薩克斯,1
蔻蔻梁,1
BettySmith貝蒂史密斯,1
DanielKeyes丹尼爾凱斯,1
HannahTinti汉娜亭蒂,1
PhilipZimbardo菲利普金巴多,1
比较文化,1
威廉彼得布拉蒂,1
创意发想,1
我与狗狗的十个约定,1
永远深刻有力的文字,1
甜品,1
春风沉醉的晚上郁达夫,1
中国文化读本,1
鲜血梅花,1
简单的追求,1
平凡,1
飘窗,1
莎士比亚四大悲剧,1
艾小柯,1
斯坦利库布里克,1
黄昏清兵卫,1
真实的球迷,1
政治制度史,1
时代的稻草人,1
理想国许知远,1
大陆独立电影,1
当世界向右的时候,1
电影是什么,1
香港电影的秘密,1
影像的理论,1
乡关何处,1
雪山飞狐,1
江村经济,1
王強,1
公元,1
夜话港乐,1
童年的消逝,1
布鲁塞尔,1
特立独行的你,1
寂寞帶我去散步,1
滚滚红尘,1
侯孝贤电影讲座,1
拉片子,1
爱恋无声,1
江湖有事,1
死在这里也不错,1
关于岁月的隐秘事情,1
误解,1
影视编剧,1
袁氏当国,1
电影艺术与其他,1
流星雨,1
流血的仕途李斯与秦始皇下册,1
曹昇,1
半生为人,1
中国现代小说史,1
我与父辈,1
再不相爱就软了,1
我操,1
思享家,1
一个人的电影,1
禁色的蝴蝶,1
只缘身在此山中,1
扯淡类,1
装逼文学,1
张欣,1
齐天传,1
过得刚好,1
老郭经历真不简单,1
生死河,1
有誰共鳴君心我心,1
双城,1
异国恋,1
命理,1
赵大咪,1
你妈贵姓,1
白天黑夜,1
晚安玫瑰,1
现代都市小说,1
磨铁,1
美好温馨的小幸福,1
陈默,1
艾滋病,1
带一本书去巴黎,1
陪女儿一起读书,1
执行力,1
我的事业是父亲,1
那年夏天,1
马丁伊登,1
unix,1
linker,1
控制论,1
旅遊,1
佐为,1
达也,1
警察小说,1
待借,1
阿连德,1
胡诺特迪亚斯,1
JeanTeul,1
死,1
王朝,1
故人,1
LONDON,1
chanel,1
无花果冰红茶酱鸡腿,1
北京商务印书馆,1
乱黑泽明电影剧本选集,1
西文,1
平面,1
黑泽明自传,1
萧翰,1
冉云飞,1
公路台湾台湾民歌,1
于歌,1
汗青堂,1
选本,1
经济理财,1
对人不对书,1
坂井丰贵,1
光学,1
武士,1
中国教材,1
戒烟,1
这书能让你戒烟,1
案例研究,1
欧宁,1
嚎叫,1
八木教廣,1
十八岁出门远行,1
你别无选择,1
金刚葫芦娃,1
我们的祖先,1
竹林中,1
经典张爱玲,1
脱口秀,1
区块链,1
燕子,1
web设计,1
用户界面,1
焦虑,1
男性心理,1
远程办公,1
我坐在琵卓河畔哭泣,1
信仰爱情,1
AD,1
电影方法论,1
莫里斯葛雷兹曼,1
杨晨,1
父母,1
福原爱姬,1
上访,1
方希,1
道格道斯特,1
戚继光,1
第一本划满句子的书,1
有人哭有人闹有人笑然后再也见不到,1
时光与少年都已陈旧,1
白崇禧,1
玉米,1
半岛璞,1
洁净优美动人,1
旅行與旅行者,1
電影書,1
口才,1
值得看,1
夏洛的网,1
学习理论,1
运气,1
思维认知,1
曹政,1
罗伯特T清崎,1
与命运的抗争,1
宁远,1
工作方法,1
张寒寺,1
黑暗奇幻,1
角色,1
爱经,1
国王陛下,1
摸金三人组,1
南宋,1
荡气回肠,1
离奇,1
安珀志系列,1
孟悦,1
吉田太一,1
十宗罪,1
幸福大街,1
贝克,1
比爱更喧嚣,1
强力推荐,1
玄学派诗人,1
欢乐,1
琐碎,1
太监,1
冷酷,1
房中术,1
三个故事,1
牛仔,1
不够深入,1
平静,1
剧情介绍,1
郑宸,1
韓麗珠,1
UrsulaKroeberLeGuin,1
SonicYouth,1
前田庆次,1
赤军,1
金基德,1
植物之书,1
适合春天读的书,1
丢了一半的影子,1
保罗卡拉尼什,1
c语言,1
爱猫,1
只喜欢其中一部分,1
哈,1
百年孤寂,1
腐向,1
coffee,1
日記,1
华语电影,1
剑桥学派,1
智者,1
Derrida,1
解构,1
罗尔斯,1
中国问题,1
李明輝,1
施米特,1
王庆节,1
短篇故事,1
錢穆,1
英译本,1
杂项,1
当下的冲击,1
搜,1
彭麗君,1
AndrBreton,1
吉見俊哉,1
傳播學,1
ArifDirlik,1
塞托,1
StephenRPlatt,1
Fanon,1
森恒二,1
趙一凡,1
略薩,1
SalmanRushdie,1
ArundhatiRoy,1
要重讀的書,1
南懷瑾,1
鄧曉芒,1
黑格爾,1
Bataille,1
薩德,1
一行禪師,1
趙樹理,1
Beckett,1
愛爾蘭,1
Chomsky,1
HaroldCSchonberg,1
秦暉,1
農民,1
福樓拜,1
富樫義博,1
經濟,1
孟京輝,1
劉瑜,1
陳寅恪,1
司湯達,1
DHLawrence,1
JosephConrad,1
Auerbach,1
文學史,1
LouReed,1
姚风,1
吉木狼格,1
吕铮,1
管虎,1
邓肯,1
马刺,1
凉山,1
后现代小说,1
唐纳德巴塞尔姆,1
桑农,1
美洲鸟类,1
加里施密特,1
乌韦提姆,1
乌鸦,1
蜜蜂书店,1
沃尔科特,1
大理,1
宋晓贤,1
威廉布莱克,1
丽娜尔斯咖啡馆,1
徐童,1
索雷斯库,1
伊夫克莱因,1
实验艺术丛书,1
蔡国强,1
威廉巴斯勒,1
皮埃尔勒韦尔迪,1
格雷戈里柯索,1
格雷厄姆斯威夫特,1
斯卡尔帕,1
英杰夫戴尔,1
摇滚文化,1
大鱼,1
料理小说,1
剑客,1
柴田炼三郎,1
弗雷迪莫库里,1
杰克吉尔伯特,1
尼尔森乔治,1
托马斯特兰斯特罗默,1
索德格朗,1
布兰迪亚娜,1
里尔克诗选世纪世界诗歌译丛,1
古米廖夫,1
阿蒂拉尤若夫,1
鲁文达里奥诗选,1
尼加拉瓜,1
沙漠之花,1
索马里,1
摩托日记,1
保罗高更,1
水知道答案,1
饮食文学,1
伊娜姆卡恰齊,1
二马,1
骑驴找马,1
年代缅怀艺术,1
阿达姆松,1
温馨的小书,1
迪伦,1
吉米亨德里克斯,1
摇滚谱系,1
EricClapton,1
德国幽默男性,1
十返舍一九,1
摩卡,1
音乐课,1
神鞭,1
吉林出版社,1
景翔,1
小二,1
外国文学出版社,1
公元前六世纪,1
吴健平,1
于国畔,1
十月文艺出版社,1
杨乐云,1
武汉大学出版社,1
刘惠卿,1
力荐,1
戰爭,1
生活百科,1
月黑风高,1
哈利哈利,1
财务分析,1
孙路弘,1
石井裕之,1
陆琪,1
怀斯曼,1
简单经济学,1
科特勒,1
微博营销,1
汉英对照,1
阿尔里斯,1
购物学,1
乔治路易斯,1
文案策划,1
广告营销,1
霍普金斯,1
认知神经科学,1
新视角,1
教辅,1
我真的对这种书无感,1
黃仁宇,1
RichardSennett,1
陳慧,1
結構主義,1
蔡智恆,1
張系國,1
蜗牛读书,1
KIndle,1
电影音乐,1
白蛇,1
财政史,1
郑成功,1
科學超電磁砲,1
清日战争,1
音标,1
发音,1
JeanMarieGustaveLeClzio,1
JeanClaudeCarriere,1
Balzac,1
NormanLebrecht,1
生活读书新知三联,1
EdwardMorganForster,1
EvelynWaugh,1
BG,1
欧凡,1
Stendhal,1
安然,1
徐熙媛,1
难买到,1
韩寒的,1
反骨仔,1
罗杰斯,1
李嘉诚,1
拳皇,1
汉尼拔,1
少数派,1
你们我们他们,1
Beyond,1
拥抱beyond岁月,1
金刚葫芦妹,1
葫芦兄弟,1
最游记,1
棋魂,1
吉他谱,1
BEYOND,1
D调的华丽,1
罗志田,1
中学教材全解,1
天利套,1
清华制造,1
六祖坛经,1
老子说,1
西游记西天取经,1
非常道,1
斯蒂芬肖尔,1
王立铭,1
懒人老猫,1
森山大道我的寫真全貌,1
卢塞尔米勒,1
埃里克索斯,1
科若勒,1
阿卡迪斯特鲁伽茨基,1
鲍里斯斯特鲁伽茨基,1
冉平,1
艾拉莱文,1
何清,1
理想主义,1
刘玉民,1
绘,1
副本制作,1
malingcat荐书,1
莱昂纳德科恩,1
巴迪盖伊,1
布鲁斯,1
BuddyGuy,1
陈震,1
李劼,1
卍,1
纯净的世界,1
微观世界,1
动画剧本,1
小说写作,1
亲爱的你要更美好,1
顾准,1
才女,1
Renoir,1
人物画,1
脑残粉,1
卑微,1
体制,1
消费主义,1
汤米尧德,1
烈日灼心,1
AmericanNovel,1
AndyWeir,1
娱乐营销,1
互联网金融,1
产品型社群,1
刘润,1
铃木敏文,1
陈亮途,1
socialmedia,1
OO,1
Procrastination,1
Schnitzler,1
Austria,1
SherylSandberg,1
商务英语,1
William,1
Zinsser,1
爱在三部曲,1
林克莱特,1
田艺苗,1
style,1
screenplay,1
推拿,1
宪制,1
基本法,1
陈弘毅,1
环法,1
产业研究,1
罗伯特钱伯斯,1
真探,1
流行音乐,1
尤静波,1
奴隶,1
lifeofpi,1
解体概要,1
翻译的基本知识,1
芦部信喜,1
高桥和之,1
萧瀚,1
自然法,1
法槌十七声,1
婚姻法,1
父后七日,1
剑桥倚天屠龙史,1
私家侦探,1
复活节游行,1
凡人,1
民主的细节,1
老猫学出版,1
陈颖青,1
死神的精确度,1
夏天烟火我的尸体,1
DinoBuzzati,1
鞑靼人沙漠,1
六朝文絜,1
骈文,1
阿果里,1
居辽同志兴衰记,1
讽刺文学,1
官僚体制,1
路,1
TheRoad,1
天下骏马,1
AllthePrettyHorses,1
沙恭达罗,1
迦梨陀娑,1
都柏林人,1
陈原,1
总编辑断想,1
赢在中国,1
革命之路,1
RevolutionaryRoad,1
电影革命之路原著小说,1
夜故事,1
柑橘与柠檬啊,1
近似无限透明的蓝色,1
IBIZA,1
阿米斯,1
湖底女人,1
comedy,1
京腔,1
夫妻,1
宮廷,1
古香古色,1
嫣子危,1
bl小说,1
戴敦邦,1
曹逸冰,1
读本,1
教学,1
后革命年代,1
转换视角,1
乳房,1
小三,1
时尚编辑,1
适合改编影视,1
改编为电影,1
多视角,1
残疾,1
moviegoer,1
类型电影,1
ThomasSchatz,1
米涅沃特丝,1
张韧,1
我爱中国天安门,1
W大卫波德维尔,1
C美国,1
C大陆,1
W谷崎润一郎,1
T随笔,1
W小泉八云,1
T民俗,1
T宗教,1
T神话,1
T美国,1
W焦雄屏,1
C台湾,1
T法国,1
T新浪潮,1
问题儿童养育指南,1
饮食人类学,1
二战小说,1
西域服饰,1
Italy,1
nerd,1
科幻爱好者,1
书好译差,1
南无袈裟理科佛,1
陈悦,1
顿悟,1
蒋经国,1
蒋经国传,1
政治角度,1
科技管理与营销,1
学习的革命,1
精典,1
拆墙,1
经验,1
除了感动还是感动,1
Dictionary,1
真题解析,1
考研复习书目,1
语言学教材,1
越读者,1
平凡的世界不平凡的人生,1
年轻人都应读读,1
快去买,1
让大脑自由,1
汉语文学,1
赵剑敏,1
CharlesBukowski,1
孙周兴,1
文言小说,1
麦克莱伦,1
巴乌斯托夫斯基,1
柏克,1
托夫勒,1
第三次浪潮,1
狂犬吠墓,1
赫逊河畔谈中国历史,1
怪诞,1
文化哲学,1
一个孤独的散步者的遐想,1
男生贾里,1
自强,1
EXCEL,1
数据,1
天主教,1
耶稣会,1
童年的记忆,1
电脑报,1
数据库,1
汉画像石,1
宿白,1
西琴,1
赵鹏,1
赵朴初,1
manara,1
欧洲漫画,1
沈群,1
清代历史,1
陈明远,1
经济收入,1
苏共,1
斯大林主义,1
中日交流标准日本语,1
初级,1
留在记忆中的经典童话,1
城市猎人,1
圣斗士,1
anime,1
标准日本语,1
语言学习,1
池田大作,1
古典园林理论,1
计成,1
FRANCAIS,1
法语全国高校统编教材,1
舞舞舞,1
金在中,1
毕业了我们一无所有,1
毕业,1
我买过最贵的是梦想,1
沙发客成长旅行,1
连美恩,1
ECHO,1
周舟,1
邱飞,1
陈廷敬,1
AlbertCamus卡繆,1
类自传,1
在一起,1
一個人,1
IT技术,1
千鸟,1
阿雅,1
林一峰,1
小s,1
青鸟,1
经络,1
CSS,1
李立群,1
中国古代小说,1
心理学入门,1
修炼,1
尼克凯夫,1
E,1
詹姆絲,1
温斯顿葛鲁姆,1
小妮子,1
伊丽莎白古吉,1
本杰明,1
外国文,1
RL斯坦,1
软件开发,1
编程语言,1
Linux,1
父子关系,1
遠流電影館,1
艾森斯坦,1
亚瑟C克拉克,1
英国文學,1
LeniRiefenstahl,1
美國文学,1
姚谦,1
奥克塔维奥帕斯,1
微幻,1
严锋,1
九阴九阳,1
中国性研究,1
阑珊纪,1
西班牙内战史,1
海子传,1
朝鲜文学,1
朝鲜王朝,1
东亚史,1
平淡生活,1
可蕊,1
Snoopy,1
小栗旬,1
三浦春馬,1
田中達之,1
寫真集,1
戸田恵梨香,1
栗山秀作,1
AndyRiley,1
木城雪户,1
巴勒斯,1
精神分析引论,1
我们,1
米兰昆徳拉,1
轻松读物,1
最终解决,1
哥萨克,1
王老板,1
芭贝里,1
大八卦,1
布登勃洛克一家,1
ThierryFrmaux,1
MichelButor,1
HanyaYanagihara,1
苏醒,1
KenzieGennaro,1
NickHornby,1
ItaloCarvino,1
某时某处的角落,1
我在云上爱你,1
各种人,1
长短句,1
十四阙,1
我的大学,1
乔一与f君,1
博集,1
签名本,1
谷崎润一郎奖,1
每周荐书,1
美国国家图书奖,1
白俄,1
安哥拉,1
新经典文,1
Ebook,1
濑户内寂听,1
活字文化,1
人文社世纪年度最佳外国小说,1
鍾怡雯,1
马克斯苏萨克,1
巴学园,1
东北我的东北小说,1
邓丽君,1
DavidSheff,1
NonFiction,1
锤,1
桃,1
克里斯多福艾什伍德,1
克里斯多福伊薛伍德,1
村田喜代子,1
独居蓝猫,1
伤痕文学,1
尼采自传,1
怦然心动,1
了了,1
动乱,1
老知识分子,1
艾思奇,1
谢旺霖,1
比我老的老头,1
秦朝,1
搞笑漫,1
神烦,1
医疗伦理,1
资治通鉴,1
碧瑶,1
浪漫的灵魂,1
腾讯,1
舌尖系列,1
好好笑惊人的想象力,1
小说史,1
文艺史论,1
已收,1
刘清彦,1
译,1
许金声,1
审校,1
字,1
心理学参考教材,1
社會科學,1
心理专业书籍,1
逻辑入门,1
逻辑学导论,1
很期待的一本书,1
林火旺,1
哲学类伦理学,1
中国哲学简史,1
哲学家传记维特根斯坦,1
刘未鹏,1
武林外史上下,1
武林外史,1
沈浪,1
圆月弯刀,1
丁鹏,1
三少爷的剑,1
谢晓峰,1
故事会,1
儿时点点滴滴,1
国外经典文学,1
项链,1
高尔基童年,1
近代历史,1
伪科普,1
伪心理学,1
伪纪实文学,1
毕淑敏散文,1
毕淑敏散文散文精选,1
日本论,1
非常作品,1
万壽寺,1
思维乐趣,1
成功,1
菊与刀武士道日本论日本人,1
日本四书,1
金刚经心经,1
worlds,1
parallel,1
以弱示强,1
老庄,1
老子的智慧,1
中国文学小说散文评论导读,1
需要读很多遍的书,1
少数普通人也能看懂的关于相对论的科普书,1
科技与科普,1
时间的形状,1
相对论史话,1
闲聊,1
迅哥儿,1
社会性动物,1
北大出版社,1
門閥政治,1
南北战争,1
汤姆叔叔的小屋,1
病隙碎笔,1
迈克尔道布斯,1
入门级,1
配图,1
美学散步,1
电影概论,1
巨著,1
社会生活,1
破门而入,1
理論,1
易中天谈美学,1
帝国的惆怅,1
闲话中国人,1
韩信,1
筆記小說,1
林語堂,1
中国传奇,1
旧瓶新酿,1
吴敬梓,1
东周,1
重新发现社会,1
政论,1
时事评论,1
集,1
爱人,1
直觉,1
美学观点,1
文学中国,1
闲闲看看,1
北京魅力,1
科学技术,1
社会人类,1
群体性事件,1
股市,1
实用书籍,1
乔尔格林布拉特,1
赚钱,1
当世界无法改变时改变自己,1
想充实自己,1
励志修灵人生现实成长,1
Montaigne,1
舒昌善,1
如何衡量人生,1
克莱顿克里斯坦森,1
价值观,1
人生管理,1
习惯的力量,1
改变工作习惯提高效率,1
毕业五年决定你的一生,1
绝代双骄,1
小鱼儿,1
绝代双娇,1
武侠志怪,1
血海飘香,1
七剑下天山,1
白发魔女传,1
蜀山,1
奇幻武侠,1
武则天传,1
大旗英雄传,1
控制,1
我把青春献给你,1
数学哲学,1
Kline,1
math,1
政治学国际政治国际关系,1
严维明,1
陈邕,1
昆仑凤歌,1
茶余饭后,1
寒族政治,1
航空信,1
闲趣,1
人类的性存在,1
丰富人生,1
宜精读,1
元素,1
科普什么的最好看了,1
最好的一个周期表读本,1
特里尔,1
文學日本,1
独白的荒诞与真实,1
影响世界历史进程的书,1
物种起源,1
传世经典,1
陕西人民出版社,1
蔡康永的说话之道,1
不乖小王子,1
洪武大帝,1
简博克,1
Burka,1
莱诺拉袁,1
Lenora,1
Yuen,1
拖延,1
注意力,1
必读书,1
中国的男人和女人,1
年合订本,1
错别字,1
卡门,1
嘉尔曼,1
秋雨主编,1
文物与博物馆学类经典著作,1
发现中国,1
禇人获,1
蒙田随笔,1
montaigne,1
三言,1
古代小说集,1
性压抑,1
自由恋爱,1
France,1
IreneNemirovsky,1
Canada,1
LouisGiannetti,1
纳尔逊古德曼,1
果戈里,1
科耶夫,1
中华人民共和国史,1
计量史学,1
模仿犯,1
耐心,1
WEIRD,1
大叔真的是你写的吗,1
我想深究里面的原因,1
纹章学,1
伊恩布鲁玛,1
伯克,1
财务会计,1
路易马德林,1
英格兰,1
豪夫,1
诺瓦利斯,1
吸血鬼编年史,1
格拉斯,1
山田詠美,1
维也纳,1
王弼,1
郭象,1
普鲁士,1
哈夫纳,1
拉丁文,1
李维,1
十字军,1
素素,1
德里达,1
nonsense,1
ZT,1
余纪元,1
玛丽亚斯图亚特,1
王德峰,1
隱居,1
急救,1
小小说,1
漫谈,1
养身,1
郭庆光,1
智力测试,1
微反应,1
纯美,1
家书,1
文化之旅,1
为了有书读,1
城事,1
我是传媒人,1
奇妙银色世界,1
社会思潮,1
牟复礼,1
李普曼,1
書話,1
学人访谈,1
北美早期殖民史,1
舆论史,1
亨利梭罗,1
经典童话,1
阿姆斯特朗,1
TaNehisiCoates,1
Critical,1
Race,1
艺术市场,1
难看,1
松尾芭蕉,1
东南亚政治,1
黑人文学,1
RobertFrank,1
WilliamEggleston,1
GregoryCrewdson,1
gatsby,1
回首已是百年身,1
神经外科,1
Russell,1
数学家,1
天文学史,1
通俗数学名著译丛,1
西洋史,1
国际,1
叹息桥,1
温普林,1
溝口雄三,1
伊東貴之,1
村田雄二郎,1
性心理,1
库尔德,1
伊斯兰国,1
基地组织,1
吃喝,1
装逼犯,1
MichaelMeyer,1
ebwhite,1
斯里兰卡,1
王欣,1
可卡因,1
Murakami,1
LSD,1
杂文专栏随笔散文诗,1
随笔游记,1
盗梦侦探,1
红辣椒,1
关于南京,1
流行读物,1
不虚度努力看,1
DamienRice,1
带电的肉体,1
帝国史,1
Orientalism,1
Said,1
古典部,1
法国历史,1
圆明园,1
流散文物,1
AS拜雅特,1
重述神话丛书,1
中外交流,1
奥斯曼帝国,1
历史通俗读物,1
三口棺材,1
歇洛克福尔摩斯,1
ellry,1
偷盗,1
康震,1
Lesbian,1
小说传记,1
小说推理,1
小说灵异,1
小说哲理,1
小说公路,1
S冒险,1
L回忆录,1
A民俗学,1
C脱力系,1
C猎奇系,1
A地理学,1
A生物学,1
S奇幻,1
S恐怖,1
S悬疑推理,1
C日常系,1
C社会系,1
美国卡森麦卡勒斯传记卡尔,1
黄秋生,1
叶美,1
藍藍,1
楊牧,1
CharlesRosen,1
罗逍然,1
胡桑,1
GordonMathews,1
楊瑒,1
柯志杰,1
蘇煒翔,1
IgorStravinsky,1
姜蕾,1
杨燕迪,1
黄文杰,1
JamesUdden,1
OsipMandelstam,1
程千帆,1
宋乐天,1
葉嘉瑩,1
黎衡,1
AAMilne,1
乔向东,1
余冠英,1
MarinaTsvetaeva,1
梁永安,1
Rumi,1
李重光,1
窦维仪,1
JosephBrodsky,1
刘文飞,1
陈方,1
马海甸,1
刘瑞洪,1
OdysseusElytis,1
RobertBly,1
秦传安,1
王璠,1
DavidRothenberg,1
闫柳君,1
庞溟,1
Ovid,1
Rilke,1
江枫,1
Liszt,1
俞人豪,1
何多苓,1
Checkhov,1
昌耀,1
刘湛秋,1
王卉予,1
FernandoPssoa,1
黄家聘,1
翟永明,1
舒丹丹,1
MikhailBulgakov,1
钱诚,1
顧聖嬰,1
毛宇宽,1
GeorgTrakl,1
JuanRamnJimnez,1
詩文,1
WisawaSzymborska,1
陳黎,1
杨志麟,1
SalvadorDal,1
JuanGelman,1
江华,1
薛庆国,1
Adonis,1
DanteAlighieri,1
GustaveDor,1
周全,1
StefanBollmann,1
PaulCelan,1
孟明,1
FriedrichHlderlin,1
GGByron,1
PBShelley,1
穆旦,1
JKeats,1
荒园,1
张浩达,1
文庸,1
韩博,1
周瓒,1
清平,1
马振聘,1
如记实般的残酷记事,1
大家都有病,1
闲看,1
四格,1
少年维特之烦恼,1
王元涛,1
旅行的意义,1
外国文化,1
文化差异,1
金文学,1
你一生的故事,1
果壳出品,1
谣言粉碎机,1
邓颖超,1
怪老头,1
伊布拉希莫维奇,1
万箭穿心,1
派翠西亚海史密斯,1
moneyball,1
ELJames,1
钢铁侠,1
年读,1
無印良品,1
AV,1
ELLE,1
我们这儿是精神病院,1
悠世,1
b,1
finance,1
IrvinYalom,1
peterthiel,1
PUA,1
克莱舍基,1
博弈,1
paulgraham,1
芥川文学奖,1
热拉尔马瑟,1
物理学家,1
programming,1
EthanHawke,1
辛波丝卡,1
阅读技巧,1
霍华德舒尔茨,1
普特南,1
生活情感,1
蓝小汐,1
黄蓓佳,1
我的书架,1
人生小说,1
恩佐,1
没感觉,1
回味,1
EmilyBronte,1
清楚,1
侦探悬疑,1
城市意象,1
苏州园林,1
中国古典园林,1
风景园林,1
墨青城,1
铁中棠,1
斗争,1
王玉清,1
灯不鲁姑,1
理查德布朗蒂甘,1
杨洋,1
制造,1
渡濑悠宇,1
倪匡荐书,1
超烂,1
李昌钰,1
刑事鉴定,1
蔡东藩,1
民国演义,1
拜占庭帝國,1
历史种种,1
ECM,1
风落之光,1
Dag,1
Solstad,1
地下室里的黑豹,1
好看的,1
奥兹,1
历史教材,1
敦刻尔克,1
大撤退,1
狄伦汤玛斯,1
TheVioletHour,1
死亡的隐喻,1
理查弗拉纳根,1
澳大利亞,1
乔纳森法兰岑,1
下一本,1
BClibrary,1
小时候看的书,1
埃里希弗洛姆,1
文具,1
青春推理,1
孙沁文,1
巫童,1
设定系,1
多线叙述,1
青稞,1
暴风雪山庄,1
多重解答,1
中短篇改长篇,1
亲子关系,1
山田正纪,1
李倩,1
付新华,1
董悠悠,1
弗朗西斯M内维斯,1
套装,1
权田万治,1
西蒙温切斯特,1
神经病,1
大栗博司,1
原田舞叶,1
松冈圭祐,1
菅浩江,1
詹姆斯米切纳,1
马小星,1
藤村绯二,1
金城宗幸,1
高桥克彦,1
辻仁成,1
岛田雅彦,1
筱田节子,1
天城一,1
佐久良刚,1
三月初七,1
阿尔托巴西林纳,1
于洪笙,1
斜阳院,1
大仙,1
朱利安西蒙斯,1
劳拉汤普森,1
不动,1
彼埃尔布勒,1
佐佐木伦子,1
北村薫,1
冈岛二人,1
日本推理新五大奇书,1
志贺直哉,1
大卫沃克,1
米涅渥特絲,1
药丸岳,1
格雷厄姆,1
赵玫,1
米涅渥特丝,1
勒鲁,1
御手洗熊猫,1
安德雷娅玛丽娅申克尔,1
艾西恩,1
芦边拓,1
伊拉克战争,1
空对地作战,1
航空发动机,1
特种部队,1
台言,1
檀月,1
本乡奏多,1
賀来賢人,1
美术馆,1
洗洗睡吧,1
养老,1
中国古代建筑,1
种田山头火,1
李济,1
永福一成,1
约翰缪尔,1
阿尔弗雷德阿德勒,1
吉莉安弗琳,1
西原理惠子,1
山田南平,1
HonoredeBalzac,1
空虚,1
国民性,1
巴拉兹贝拉,1
意象对话,1
朱建军,1
正视现实,1
孙惠芬,1
老夫子,1
发展,1
郭静明,1
高级科普,1
戏说历史,1
玄异,1
别扭,1
关于藏书,1
书世界,1
海豚出版社,1
西方艺术史,1
闲趣坊,1
迟子健,1
拍卖,1
拓晓堂,1
文物考古,1
文明小史,1
明清史学,1
智效民,1
知行合一,1
人文史哲,1
二十世纪外国文学丛书,1
于尔根奥斯特哈默,1
中国革命,1
杉山正明,1
古书,1
古力,1
纳粹集中营,1
李敬泽,1
李辉,1
那个年代,1
太平轮,1
神实主义,1
神拳考,1
王璞,1
牛棚杂忆,1
东印度公司,1
改造,1
南方人物周刊,1
英毛姆,1
托马斯杰斐逊,1
西蒙玻利瓦尔,1
明清史研究,1
文史社科,1
能年玲奈,1
林竹,1
苏打绿,1
简宇,1
MiMZii,1
锵锵三人行,1
TED,1
菊地正太,1
菊池正太,1
阿伦艾弗森,1
压力,1
林汉达,1
钟道然,1
应试教育,1
接近于无限透明这个短篇是之前在作家合集里看的,1
结尾武昌从此无城,1
心头一紧,1
陆励成一洗我对凤凰男的所有偏见主要是钟汉良印象太加分,1
罪犯们谋划的是作案过程你却花很长的时间谋划着犯罪的动机,1
雨天读物,1
是什么,1
让我们各自燃烧,1
仅乐得看到爱人灰烬,1
呵呵这分如何来的,1
刘姿君,1
夏阳,1
杨伟,1
AzizAnsari,1
宋兆霖,1
王一科,1
岳麟,1
邹赞,1
孙柏,1
李玥阳,1
陈宝莲,1
埃斯库罗斯,1
阿里斯托芬,1
米南德,1
罗年生,1
楚图南,1
帕索里尼,1
异端的影像,1
小老爷们儿那点事儿,1
涂老鸦,1
企业文化,1
经营理念,1
周三多,1
财富,1
romance,1
文铮,1
死亡笔记,1
暗算,1
特情,1
对冲基金,1
PE,1
音视频,1
疾病的隐喻,1
史迪芬平克,1
高盛,1
海鸥乔纳森,1
跟着文化去旅行,1
笙哥儿啊你真是这世间遗世而独立的小小少年昭如和家睦真的就是,1
早餐,1
言几又,1
待下载,1
从生到死,1
夏达姑娘,1
清爽,1
最温情,1
治愈心伤,1
阿白白,1
清华大学出版社,1
东西文库,1
科技文化,1
周宗伟,1
基因科学,1
Young,1
民科,1
接触,1
陈保亚,1
民族问题,1
调查,1
鬼子来了,1
泛神论,1
异端教派密宗,1
思想文化史,1
陆凌涛,1
回忆鲁迅,1
泛神论与命定说,1
基督教化,1
平面构成,1
蔡天新,1
陈乔恩,1
ogilvy,1
原广司,1
杰鲁宾,1
国外建筑设计详图图集,1
素年锦时新版,1
北山恒,1
冢本由晴,1
西泽立卫,1
刘家琨,1
卒姆托,1
姚仁喜,1
LOUISKAHN,1
芦原义信,1
藤本壮介,1
朱嬴椿,1
邹波,1
EVA,1
赵珩,1
街道,1
伊東豊雄,1
怪异读物,1
级,1
文法,1
一级,1
HUNTERHUNTER,1
嵐,1
中谷美紀,1
吉岡美穗,1
黒木,1
藤木直人,1
honeybee,1
moneybee,1
StarrySky,1
畫集,1
陪伴成长,1
童话童年,1
搞笑泪目,1
恶劣的抄袭,1
拖出去咔嚓,1
皇家海军,1
叶开,1
普魯士,1
战史,1
德军,1
东普鲁士,1
美国海军,1
仆从国,1
克罗地亚,1
斯洛伐克,1
大舰巨炮,1
海军史,1
章骞,1
军事文学,1
冲绳岛,1
渊田美津雄,1
奥宫正武,1
科林斯,1
军服,1
参考资料,1
军史,1
朴正熙,1
民主转型,1
威权主义,1
乐迷,1
搞笑的历史,1
谈古论今,1
历史散文,1
卫国战争,1
鲍里斯瓦西里耶夫,1
大幻想文学,1
特工小说,1
邦德,1
伊恩弗莱明,1
水门事件,1
深喉,1
联邦调查局,1
忍者,1
北岳文艺出版社,1
西北大学出版社,1
小小冰人,1
指挥,1
利德哈特,1
上海音乐出版社,1
台灣英文雜誌社,1
LeCarre,1
伊藤正德,1
海洋出版社,1
唐老鸭,1
我的诺曼底,1
本事文化股份有限公司,1
经典呐喊,1
近现代,1
书目,1
毛邓三,1
vocabulary,1
单词,1
新东方,1
俞敏洪,1
老俞,1
处世哲学,1
古斯塔夫马勒,1
内幕,1
黑幕,1
谁杀了古典音乐,1
诺斯,1
新制度经济学,1
冰是睡着的水,1
国安,1
安全局,1
隐蔽战线,1
特种,1
中国音乐,1
朝战,1
韩战,1
残忍,1
帕格尼尼,1
爱乐,1
小提琴,1
魔鬼,1
才华的诅咒,1
凡勃伦,1
有闲阶级论,1
德军总参谋部,1
东方文化,1
船,1
运输工具,1
飞机,1
车,1
早期阅读,1
北极,1
风情,1
音乐教程,1
西方音乐,1
值得珍藏,1
斯大林格勒战役,1
邦达列夫,1
一个经济杀手的自白,1
当代外国文学丛书,1
出埃及记,1
怪蜀黍,1
夏伯阳,1
苏维埃,1
恰巴耶夫,1
苏联国内战争,1
苏联小说,1
狙击,1
美国宪法的诞生和我们的反思,1
戴煌,1
胡耀邦,1
dracula,1
市场花园,1
小说史上最恢宏格局,1
邓小南,1
林嘉文,1
人文历史,1
古国,1
民族边疆,1
伊利斯,1
上古史,1
赵匡胤,1
真知灼见,1
帝国,1
启示,1
图书文化,1
可持续生活,1
占梦,1
手绘教程,1
古典诗词赏析,1
理论政策与历史现实,1
量化,1
基金,1
巴菲特与索罗斯的投资习惯,1
索罗斯,1
社会反思杂文,1
财经读物Finanial,1
繁体,1
我盯你很久了,1
孔雀森林,1
漩涡系列,1
美一计划,1
ielts,1
盗八你快出,1
腐女,1
腐女GaGa,1
在职硕士,1
露丝霍根,1
婉达盖格,1
莉莉海沃德,1
科斯汀吉尔,1
查莉简安德斯,1
马修因曼,1
塞普尔维达,1
皮耶尔勒迈特,1
尼克特斯,1
RJ帕拉西奥,1
祖布林,1
多特哈奇森,1
马嘉恺,1
午夜文庫,1
美食悬疑爱情,1
德里罗,1
无感滴高分书,1
奥黛丽赫本,1
艾伦金斯堡,1
杜威,1
人力资源,1
精神体验,1
好为人师,1
kid,1
抄袭可耻,1
日语教学,1
此书侵权,1
加繆,1
田龟源五郎,1
李叔同,1
阿方斯娜斯托尔妮,1
美国政治,1
东京奇谭集,1
鲤暧昧,1
农民工,1
中国农民工调查,1
放下爱,1
斛珠夫人,1
爱与痛的边缘,1
两个人的回忆,1
爱丽丝,1
爱的流放地,1
台湾法律界,1
Pook,1
那些生命中温暖而美好的事情,1
年华是无效信,1
地下室,1
左手倒影右手年华,1
古舘春一,1
排球少年,1
古馆春一,1
JoJo的奇妙冒险,1
耳雅,1
居尼尔斯,1
维和粽子,1
酥油饼,1
时计野,1
饭卡,1
少年同盟,1
薄荷荼靡梨花白,1
风夜昕,1
月下桑,1
黑白无双,1
琉璃美人煞,1
别利亚耶夫,1
基普索恩,1
苏簌,1
小沃尔特M米勒,1
俄语,1
帕斯卡梅西耶,1
青青细胞,1
查理九世,1
安东尼布彻,1
范达因,1
克蕾格莱斯,1
黑岩重吾,1
妖刀小宝,1
迈克尔英尼斯,1
神秘博士官方小说,1
住宅,1
川上未映子,1
儿童文选,1
伊舍伍德,1
織田作之助,1
吉林出版,1
fillev,1
蹭,1
弗朗茨霍勒,1
湖南文艺,1
漓江,1
dali,1
radiohead,1
书名翻译得不好,1
斯弥,1
夢枕獏,1
Che,1
无爱的,1
吉林,1
百花文艺,1
II,1
Bilbliothquenju,1
河北教育,1
温柔和暴烈,1
充,1
渡辺達生,1
crimepunishment,1
克莉絲蒂,1
brahms,1
hayek,1
CarlMenger,1
非经济学,1
tt,1
津島修治,1
updike,1
yeats,1
babe,1
缝内裤,1
索多玛,1
未竟之作,1
傅惟慈译,1
jin薇,1
榜单,1
音乐参考书,1
资料类,1
艺术评论理论艺术史,1
表演工作坊,1
剧场,1
佳作,1
穿越小说,1
网站分析,1
是今,1
泥塑,1
日本画集,1
台湾漫画,1
杂耍,1
农民漫画,1
科普漫画,1
搞笑漫画,1
荒诞戏剧,1
实验小说,1
颓废主义,1
法国文学史,1
奔跑吧,1
太宰,1
半自传小说,1
熊,1
戏谑,1
吃了长鼻王鼻子会变短哦,1
石一枫,1
芥川賞,1
斯卡尔齐,1
双奖,1
王小平,1
自我主义,1
源泉,1
萨丰,1
孤星血泪,1
我读,1
金庸武侠,1
寻找自我,1
法门深似海,1
沙僧日记,1
周润发,1
马云正传,1
艾尔蒙哲三部曲,1
香港电影研究,1
十分需要此书,1
医患关系,1
电影史学研究方法,1
凯伦阿迪夫,1
诡异的推理,1
在日本,1
约翰史蒂芬,1
中日韩三国共同编写委员会,1
科普读物,1
伊库纳契夫,1
amazon,1
陈虻,1
Ogilvy,1
暴行,1
如懿,1
关河五十州,1
生意,1
瘟疫,1
威廉麦克尼尔,1
易中天中华史,1
杰里布罗顿,1
阿来山珍三部曲,1
卑鄙的圣人,1
鉴赏,1
哈布斯堡,1
秦谜,1
禅机,1
黄治军,1
丹尼尔席尔瓦,1
暗杀大师,1
奥斯曼,1
君士坦丁堡,1
永夜初晗,1
古剑奇谭二,1
胡雪岩,1
PD詹姆斯,1
死亡通知单,1
如懿传,1
诸葛亮,1
帝国政界往事,1
皮尔斯布朗,1
霍布斯鲍姆,1
年代四部曲,1
英国工业革命,1
藤萍武侠小说悬疑推理,1
文斯弗林,1
趣味历史,1
民国女子,1
上官鼎,1
紫川,1
酒徒,1
隋乱,1
永乐,1
黄石,1
喵喵,1
永乐风云,1
孙皓晖,1
诙谐,1
蟲師,1
红楼梦断,1
隋唐五代,1
正说,1
皇帝,1
罗德斯岛战记,1
游戏人,1
UCG,1
游戏机,1
唐太宗,1
蔡磊,1
隋炀帝,1
武林客栈,1
项少龙,1
探险小说,1
海陆起源,1
科学元典丛书,1
地球科学,1
魏格纳,1
Geology,1
温柔的夜,1
昆仑龙游卷,1
惜春,1
武侠玄幻,1
沧海月明珠有泪,1
叔宝,1
古代历史小说,1
演义,1
赤炎之瞳,1
新浪读书,1
中国文字,1
沧海,1
网络原创,1
隔云端,1
夜船吹笛雨潇潇,1
失落的秘符,1
风玫瑰,1
羽青空之蓝,1
蔡駿,1
最美的梦,1
以西学汉,1
臉譜,1
林奕華,1
中式,1
赫拉巴爾,1
哀豔是童年,1
台湾文學,1
蒙马特遗书,1
企业家,1
女性的性觉醒,1
饥饿的女儿,1
说话之道,1
郭子鹰,1
射手座作家,1
陶晶莹,1
我爱故我在,1
两性关系,1
洛艺嘉,1
贝纳尔韦尔贝,1
古代哲学,1
乔丹,1
广告传媒,1
麻将,1
阿嘉莎克莉絲蒂,1
讽刺小说,1
书生,1
侠义,1
雅乐,1
弗洛依德,1
brooklyn,1
血泪,1
社会未来,1
军阀,1
翠翠,1
白羅系列,1
世界观,1
黄埔,1
眷村,1
台海,1
贝布托,1
轉轉,1
爱书人,1
陳建銘,1
閱讀,1
老残,1
子夜,1
相信未来,1
反舌鸟,1
民权运动,1
二十二卷,1
风月,1
修斯,1
艾菲尔,1
芙萝娅,1
盖茨比,1
特殊儿童,1
社论,1
神话史,1
刘小东,1
家训,1
英语写作,1
魯迅研究,1
首饰,1
随笔甜点,1
静静的顿河,1
皇太极,1
eno,1
哈尔罗杰历险记,1
查克温迪格,1
DonnaTartt,1
LisaGenova,1
PaulBloom,1
MirandaKerr,1
我的童年,1
反腐文学,1
用我一辈子去忘记,1
爱不厌诈,1
高原上的百合花,1
李鸿章,1
孙玉胜,1
喜欢的书还未看的书,1
潘先生在难中,1
资产阶级灰色小市民,1
六世达赖,1
故事新编,1
原野,1
卡内基,1
部电影,1
电影迷宝典,1
史蒂文杰伊施奈德,1
跨世纪文丛,1
红高粱的家族,1
当代小说中国莫言,1
廊桥遗梦,1
天堂向左深圳向右,1
汪峰,1
青年危机,1
梦的解析,1
现代戏剧,1
未知的世界更加贴近心的世界我们曾忽略的世界,1
我微笑是为了你微笑,1
与我十年长跑的女友就要嫁人了,1
爱情败给现实,1
这是一个悲催的故事,1
母女情感人,1
颜强,1
男人的一半是女人,1
短篇小說,1
江苏社区图书馆,1
华师大图书馆,1
生命政治,1
埃斯波西托,1
贝拉塔尔,1
分镜头脚本,1
维希留,1
拉图尔,1
斯洛特戴克,1
格哈德里希特,1
达弥施,1
还是达弥施,1
阿甘本及其研究,1
斯蒂格勒,1
马苏米,1
影像装置,1
新媒体艺术,1
魏晋风流,1
沉重的肉身,1
新媒介艺术丛书,1
杰罗姆桑思,1
中国当代艺术,1
UCCA,1
维利里奥,1
雜七雜八,1
世纪文景巫鸿,1
朗西埃研究,1
现代性研究译丛,1
罗曼波兰斯基,1
艺术理论批评设计美术摄影,1
侯瀚如,1
沈语冰,1
蜜蜂文库当代艺术,1
后现代地理学,1
米砂,1
浪漫伤感青春,1
沙漏终结,1
很震撼,1
霜冷长河,1
千秋,1
很多时候我们放弃以为不过是一段感情到了最后才知道原来那,1
甜酸,1
啼笑姻缘,1
落殿,1
哭,1
心的声音,1
喜欢那个柔软的女子,1
一瞬间美到极致,1
纯爱默默叙述了一个爱人不在的爱情故事,1
我的爱如此麻辣,1
就是喜欢,1
EMFoster,1
MichaelConnelly,1
HGWelles,1
JMLeClzio,1
FranoiseSagan,1
ScottFitzgerald,1
TSEliot,1
顾异,1
少林修女,1
杨雅晴,1
李贤文,1
莫应丰,1
将军吟,1
能剧,1
研磨孤独,1
他写书都这个调调么,1
好听的名字,1
留德十年,1
EL詹姆斯,1
谁让他是村上,1
我要回家给我爸爸擦鞋,1
顺便喝掉一泳池的奶茶,1
濑名秀明,1
尼克,1
不设限,1
GuyDelisle,1
DQ,1
TomGauld,1
田中罗密欧,1
东村明子,1
动画史,1
高贵冷艳狂霸酷跩我叫坂本我最屌,1
AlexanderMcQueen,1
八木教广,1
剑豪生死斗,1
莱特镇五部曲,1
文泽尔,1
安全,1
六小龄童,1
经验之谈,1
废都,1
黑道学,1
人生感悟,1
毕马威,1
无赖派文学,1
失去为人的资格,1
利益链,1
深入,1
Rationalist,1
西方近代哲学,1
电子藏书,1
人文阅读,1
人文影像,1
很经典的书想读,1
科学阅读,1
理查德普雷斯顿,1
米开朗琪罗,1
生活百态,1
玛丽居里,1
居里夫人传,1
白落梅,1
圣子,1
远方的鼓声,1
伊萨卡巴别尔,1
布宜诺斯艾利斯,1
刀子和刀子,1
何大草,1
伤心咖啡馆之歌,1
常用,1
配色,1
色彩搭配学,1
设计配色基础,1
斯图尔特R施拉姆,1
斯坦福实验,1
死亡实验,1
科学与哲学,1
科学与信仰,1
黑质三部曲,1
亲爱的安妮,1
kangyong,1
回忆性散文,1
探幽,1
全部成为F,1
校园暴力,1
不安的種子,1
公式畫集,1
森下惠美子,1
佐賀的超級阿嬤,1
島田洋七,1
银行,1
独角兽书系,1
伊凡克里玛,1
读客全球顶级畅销小说文库,1
柴纳米耶维,1
白鲸,1
创意设计,1
恋物狂,1
谷歌,1
让人内心恐怖,1
草根,1
阴谋论调,1
不羁的风,1
花常好月常圆人长久,1
天上所有的星,1
这样的爱拖一天是错一天,1
吃南瓜的人,1
特首小姐你早,1
漫长迂回的路,1
直至海枯石烂,1
只有眼睛最真,1
现在只想爱你,1
悬疑美国婚姻书中书,1
关心则乱,1
Oslo,1
Lisbeth,1
Cheryl,1
Strayed,1
背包旅行,1
徒步,1
Nonfiction,1
心灵之旅,1
Read,1
to,1
be,1
continue,1
韩国电影,1
陈晓云,1
蒂莫西科里根,1
红楼菜,1
花朵,1
家装设计,1
JJAbrams,1
DougDorst,1
杨树云,1
古代化妆,1
斯堪的纳维亚,1
长安,1
收纳,1
Kinfolk,1
SlowLiving,1
lifestyle,1
iBooks,1
南极,1
蒙台梭利,1
社会群像,1
布拉德里特雷弗格里夫,1
新华字典年修订本,1
莎德瓦尔德,1
四大,1
曲波,1
傅东华,1
VincentWillemVanGogh,1
蔓殊菲儿,1
新闻人,1
张皓宸,1
傀儡娃娃,1
solo,1
performer,1
gene,1
fate,1
normal,1
purpose,1
of,1
physician,1
writer,1
地域暴力,1
民风,1
忧郁是人类最美丽的思考机会,1
笔触很神奇,1
北平,1
蒋梦麟,1
阿迪达斯,1
体育商业,1
彪马,1
美国历史与政治随笔,1
香港中文大学推荐本书,1
北京味,1
时间的针脚,1
玛丽亚杜埃尼亚斯,1
Espaa,1
低音提琴,1
因德拉辛哈,1
文革小说,1
冯唐能比老王小王,1
蒂凡尼的早餐,1
Tiffany,1
残酷青春物语,1
你今天心情不好吗,1
畅销文学,1
fresh果果,1
张元,1
沐清雨,1
书名,1
陳綺貞,1
自助旅行,1
悬幻,1
都市文学,1
赵熙之,1
医生,1
甜文,1
电竞,1
布莱克克劳奇,1
朴槿惠,1
水墨山河,1
在世界中心呼唤爱,1
白领爱情,1
额尔古纳河,1
蛙,1
小说经典,1
酣畅淋漓的青春若即若离,1
城市改造,1
炼金术士,1
母爱,1
ethnography,1
斯蒂芬福里斯特,1
ASTROLOGY,1
曹元勇,1
花间十六声,1
笔记散文,1
泰勒,1
海德格尔MartinHeidegger,1
Zahavi,1
EnglishChinese,1
阿富汗游记,1
福塞尔,1
埃德蒙威尔逊,1
乔治斯坦纳,1
西方经典,1
剩下的都属于你,1
兔子四部曲,1
雅戈在哪里,1
别相信任何人,1
志怪笔记,1
囧,1
葵花宝典,1
武林秘笈,1
不懂觉厉,1
李雷,1
奇書,1
光荣,1
正确,1
伟大,1
巨囧,1
天方夜谭,1
手冢治蟲,1
火鸟,1
蛮屌的,1
很强悍,1
没人性,1
缺德倒闭系列,1
惡趣味,1
CCTV,1
CCAV,1
奇诺之旅,1
动漫小说,1
小林章,1
排版,1
字体设计,1
字体,1
DCU,1
PLUTO,1
血腥断肢,1
劍豪生死鬥,1
山口貴由,1
南條範夫,1
金十四钗,1
香龙血树,1
终极往事,1
紗久楽,1
松浦,1
zone,1
九条,1
月刊少女野崎君,1
月刊少女野崎,1
弹丸论破,1
小高和剛,1
黑一,1
天行轶事,1
citrus,1
count,1
刀剑神域,1
小松崎類,1
星海社FICTIONS,1
伊吹五月,1
三生三世十里桃花,1
桜庭一樹,1
vassalord,1
华胥引,1
血咒圣痕Vassalord,1
FATEstrange,1
江口夏実,1
鬼灯冷徹,1
坂本,1
冰菓,1
高見廣春,1
艾莎的森林,1
张晶,1
最漫画,1
朱鸿,1
奥诺雷德巴尔扎克,1
世界中心針山,1
basso,1
御堂彰彦,1
付丧堂古董店,1
山下知子,1
来楽零,1
丰臣秀吉,1
哲学通识,1
普拉东诺夫,1
莎翁,1
金瓶梅研究,1
初夏荷花时期的爱情,1
英文書,1
冷月如霜,1
Aziz,1
清华园,1
人性抉择,1
阿娜伊斯宁,1
我们无处安放的青春,1
好奇,1
有想法,1
叶灵凤,1
李斯特,1
空中小姐,1
小白,1
贝小戎,1
我十三岁妓女吸毒者,1
切格瓦拉语录,1
永远站,1
米兰Lady,1
情人杜拉斯,1
失败者之歌,1
TheLordOfTheRings,1
支离破碎,1
温馨家书,1
物质生活,1
今晚去哪里,1
Lolita,1
畸恋,1
西班牙三棵树,1
徐訏,1
在维纳斯脚下哭泣,1
薄暮晨光,1
文化与帝国主义,1
童明,1
云雀叫了一整天,1
即兴判断,1
格拉斯的烟斗,1
消遣书之评论,1
童元方,1
那多三国事件簿,1
纸房子,1
从你美丽的流域,1
再无纯爱,1
爱的教育,1
江湖夜雨,1
无目的美好生活,1
鲁西西,1
香寒,1
裂锦,1
失落的一角遇见大圆满,1
戴笠,1
婉约派,1
生生世世,1
中国才女,1
才情,1
落落清欢,1
沙与沫,1
诸子百家,1
彼得潘,1
小林,1
佐藤健,1
小沢忠恭,1
李丽珍,1
進撃巨人,1
松井優征,1
久米田康治,1
篠山纪信,1
深田恭子,1
北乃,1
樋口可南子,1
腾讯山寨,1
译制作品,1
进口,1
石楠,1
潘玉良,1
叶美香,1
叶恭子,1
张清平,1
山西,1
李秋香,1
高冈早纪,1
佐藤南纪,1
木月明,1
生田斗真,1
江本胜,1
LogyDog,1
户田惠梨香,1
成宫宽贵,1
宫崎葵,1
安妮弗兰克,1
糖和尚,1
网不易,1
语言教材,1
专业书籍,1
赛金花,1
罗斯巴德,1
奥地利学派,1
量化分析,1
几何,1
吕叔湘,1
反犹,1
李天飞,1
方程式,1
刘道玉,1
在线教育,1
牛顿,1
法拉第,1
徐一鴻,1
阿瑟C克拉克,1
沃森,1
莫诺,1
费米,1
斗智,1
对称,1
图灵新知,1
三角学,1
柯朗,1
混沌,1
分形,1
动力系统,1
布尔巴基,1
方白羽,1
范存忠,1
弗里德曼,1
牛津英语词典,1
药理学,1
柯林武德,1
富歇,1
黎曼,1
盖尔曼,1
巴丁,1
龚升,1
包容,1
纳什,1
高等代数,1
辅导书,1
林肯,1
鲁特维克,1
金性尧,1
莎士比亚牛顿和贝多芬,1
钱德拉塞卡,1
钱德拉,1
Gay,1
Postcard,1
搞笑诺贝尔,1
倪震,1
猫奴契约书,1
Anime,1
赫尔曼海塞,1
克莱夫贝尔,1
大場鶫,1
web,1
css,1
XHTML,1
OReilly,1
批判思维,1
清秀佳人,1
Mister,1
大国崛起,1
伪科幻,1
冤鬼路,1
无声深处,1
森永爱,1
贫穷贵公子,1
天堂之吻,1
minor未成年,1
超合金社团,1
少年JUMP,1
每一次相遇都是奇迹,1
说岳全传,1
斯特鲁伽茨基,1
阿柯南道尔,1
东方快车谋杀案,1
東山翔,1
冈田和人,1
外薗昌也,1
谈判技巧,1
沃纳梅克,1
百货业大王,1
柏拉圖,1
演化,1
无意思之书,1
淮北,1
种族主义,1
材料,1
约翰契弗,1
中间阶层,1
大亨,1
个人投资,1
士,1
类文本,1
展览,1
无器械健身,1
知识分子改造,1
拓荒,1
清教徒,1
拼图,1
晚明社会,1
金字塔,1
考古史,1
勘定,1
生物进化,1
渔夫,1
剪纸,1
马,1
鲸与海豚,1
情绪,1
鹅妈妈,1
鹅妈妈童谣,1
架空世界,1
生殖,1
繁衍,1
小城市,1
综述,1
定义,1
民俗研究,1
儿童阅读,1
恶心,1
兔子,1
安全毯,1
牧民,1
诈骗,1
母子,1
绘画史,1
手写体,1
赤羽末吉,1
批判现实,1
如厕教育,1
美食评论,1
通俗史,1
共产主义乌托邦,1
图文小说,1
兰登书屋,1
出版业,1
格萨尔王,1
繁复,1
松鼠会,1
插图本,1
艾肯,1
异端,1
宗教裁判,1
加尔文,1
同人小说,1
剪影,1
彩色绘本,1
解放战争,1
内战,1
陆军参谋本部,1
松山战役,1
花卉,1
巧克力,1
忘却侦探,1
津村记久子,1
迈克尔波伦,1
井上由美子,1
日本科幻,1
丹尼尔苏亚雷斯,1
伊丽莎白穆恩,1
阿根廷小说,1
美国科幻,1
弗吉尼亚赖特卫克斯曼,1
李洁,1
赞斯,1
维一,1
何天白,1
郞芳,1
丸尾末廣,1
群氓之族,1
悲惨,1
遗产三部曲,1
龙骑士,1
年度最佳科幻集,1
Catt,1
神林長平,1
星云,1
楚辞研究,1
中国同性恋研究,1
美国内战,1
美国法,1
丸戸史明,1
深崎暮人,1
沙俄,1
涼宮,1
大长篇,1
口袋小畜生,1
法学教材,1
狗神煌,1
维多利亚时代,1
唐骏,1
秒速厘米,1
柏林墙,1
加藤嘉一,1
中日,1
異色短篇集,1
内涵,1
东莞图书馆,1
西医,1
中外诗歌,1
借来读读,1
民国文学,1
哥谭,1
起源,1
里夫,1
值得收藏电子版,1
宫尾登美子,1
自我提高,1
永野护,1
彭加勒,1
社会企业家,1
社会工作,1
计算机科普,1
Entrepreneurship,1
Statup,1
水上悟志,1
startup,1
career,1
LinkedIn,1
认识论,1
马克思韦伯,1
田村隆平,1
加藤和恵,1
死侍,1
科学计算,1
明恩溥,1
英中双语,1
程序员,1
道德论,1
詹姆斯瑟伯,1
程序设计,1
C语言,1
推荐系统,1
女性心理学,1
mysql,1
database,1
R语言,1
伊达政宗,1
语义学,1
茅盾文学奖获奖作品,1
钟鼓楼,1
T战争,1
河野裕,1
柚木麻子,1
高桥弥七郎,1
七尾与史,1
比较心理学,1
人类生物学,1
动画制作,1
橙乃真希,1
林谦三,1
贺东招二,1
龙之湖太郎,1
爱欧,1
北山猛固,1
左小权,1
和原聪司,1
镜贵也,1
春日幽铃,1
夏目房之介,1
okama,1
黒星紅白,1
分析心理学,1
桥本纺,1
SM系列,1
克里夫巴克,1
司马紫烟,1
珀金斯,1
人际网络分析,1
相当重要,1
HTML,1
当代历史,1
种菜,1
匠千曉系列,1
血型,1
潜伏,1
翁乃强,1
贾森黑兹利,1
乔尔莫里斯,1
叶酱,1
杨金远,1
女同,1
梁子,1
整形医疗,1
阮琦,1
曼因施坦,1
九滴水,1
戴西,1
解罪师系列,1
约会,1
情怀,1
刘畊宏,1
李存葆,1
哥谭市,1
曾鹏宇,1
宜昌鬼事,1
铁路迷,1
张羽,1
测谎,1
生活实用食用,1
隐晦的炫耀,1
西线无战事,1
埃里希玛丽亚雷马克,1
奇怪的东西,1
性格,1
人间草木,1
闲淡,1
立志,1
浪漫主义小说,1
Hellblazer,1
MiloManara,1
德赫,1
三侠五义,1
石玉昆,1
色彩学,1
ArthurClarke,1
EdgarAllanPoe,1
HItchcock,1
弗朗西斯斯科特基菲茨杰拉德,1
新经典文库桂冠文丛,1
克劳德夏布罗尔,1
后浪电影学院,1
经典译林,1
宫崎峻,1
精灵,1
纯洁无邪,1
软萌,1
龙猫,1
刘绍铭,1
现实向,1
坏女人遇上了傻轴男,1
庄生晓梦喜欢成芸和阿南,1
量哥,1
杨昭陈铭生,1
脏话,1
守望者,1
意志力,1
爱情浪漫奇遇家庭秘密命运旅行伊斯坦布尔土耳其,1
情感现实小说,1
男人帮,1
墨菲定律,1
沈有乾,1
黑颜,1
南临阿奴,1
兽妃,1
九龙策,1
且试天下,1
五蠹,1
错嫁良缘之一代军师,1
古香古韵,1
架空背景古言,1
冰冰七月,1
波西傑克森,1
陈之藩,1
天使望故乡,1
万有引力之虹,1
shock,1
手绘漫画,1
GIGI,1
拍摄,1
沈见华,1
维基金,1
马来西亚文学,1
姜草,1
幸存者文学,1
麦克韦德,1
移动照相馆,1
与狼为伴,1
心是孤独的猎手,1
约翰克利斯朵夫,1
态度,1
混乱,1
虚假,1
散文杂文随笔言论,1
拍摄实地,1
路演,1
殿前欢,1
吕天逸,1
柳满坡,1
乐小米,1
魅生,1
吉祥纹莲花楼,1
青铜时代,1
沉落的黄昏,1
大唐双龙传,1
平胸萝莉和怪蜀黍,1
衾何以堪,1
民国阴谋悲情其他言情,1
蚩尤,1
战争与和平,1
锦绣缘,1
迷雾围城,1
活了万次的猫,1
一个人的欢喜与忧伤,1
给教师的建议,1
留给儿子的封信,1
好奇心,1
更多的人死于心碎,1
谈话的力量,1
逆插桃花,1
说谎学,1
引爆点,1
认知发展,1
心理学泛心理学,1
忧郁,1
醉玲珑,1
认知语言学,1
超个人心理学,1
心理学普及读物,1
雨季不再来,1
那些回不去的年少时光,1
孩子你慢慢来,1
真名实姓,1
等待香港永远的香港人,1
非常罪非常美,1
光影大师,1
法斯宾德论电影,1
潘金莲之前世今生,1
秦俑满洲国妖艳川岛芳子,1
娄军,1
美国历史,1
中国人史纲,1
冲突,1
隐蔽的秩序,1
成功心理,1
假若明天来临,1
达夫妮杜穆里埃,1
弯曲的旅行,1
反物质,1
罗伯特兰扎鲍勃伯曼,1
天体,1
地球,1
涨知识啊好书,1
科普建筑生活,1
自然科学相关,1
科普含数理化天文建筑,1
历史的教训,1
故事的结局已写在开头,1
奇葩,1
时装时刻,1
MarlonBrando,1
斯科特斯奈德,1
张国荣相关,1
赵敏,1
张无忌,1
阴阳冕,1
打发时间网络小说,1
聚散两依依,1
三少的书很经典,1
彼得林奇,1
网络营销,1
PhilipKotler,1
鳥山明,1
萨尔瓦多,1
崔斯特,1
DavidBeckham,1
数字,1
陈从周,1
罗森,1
血红,1
林斤澜,1
人民教育出版社,1
高中教材,1
Mavis,1
amor,1
心水,1
网络小说架空,1
袁sir,1
莱尔,1
凌濛初,1
三言二拍,1
精怪,1
幼稚,1
雅舍系列,1
天九,1
咬狗,1
李颜垒,1
四叶铃兰,1
田口护,1
阿尔图范申德尔,1
塞尔日布鲁梭罗,1
楚荷衣,1
马克萨波塔,1
金田一探案集,1
随机性,1
小绵羊,1
张艺兴而立,1
侧写,1
犯罪心理画像,1
维京,1
午夜之子,1
江户日本,1
素质学习,1
劝导,1
华丽家族六朝陈郡谢氏家传,1
理查德布兰森,1
virgin,1
诺桑觉寺,1
圣人请卸妆,1
爱玛,1
理智与情感,1
向世界呼喊吧,1
学运,1
圣地,1
裁缝,1
李立三,1
笔记本,1
凯伦布里克森,1
肯尼亚,1
连城三纪彦花葬,1
新星小红壳,1
导演北野武,1
米歇尔特曼,1
站在两个世界的边缘,1
从你的全世界路过,1
飞刀又见飞刀,1
剑花烟雨江南,1
我讲个笑话你可别哭啊,1
偷影子的人,1
平行世界爱情故事,1
慢慢来一切都来得及,1
双CHEN记,1
文字影像,1
林,1
林俊杰,1
张杰,1
杰出的流年,1
娜么快乐,1
我的不完美,1
冯源,1
八音盒,1
去你的旅行,1
崔泽,1
请回答,1
三浦绫子,1
冰点与沸点,1
再錯也要談戀愛,1
有一天啊寶寶,1
十七岁不哭,1
数字城堡,1
大四目标,1
香港中文大学推荐书目,1
第四章,1
逍遥兽,1
绘本童书,1
兰大,1
男人除了性之外还想什么,1
后现代超现实主义东方魔幻著作,1
拍的很有感情,1
勇于自剖,1
冬吴相对论,1
白话聊斋,1
章无计,1
搭讪学,1
魔鬼咨询师,1
社交艺术,1
纪实黑白社会决定性瞬间,1
瞬间永恒美国国家地理人物摄影传世佳作,1
如果說我們今天還在靠理想而不是某種現實指標支撐著往前走那,1
叶梓,1
鲁班尺,1
上海堡垒,1
说书体,1
幽灵,1
香港推理,1
魔宙,1
十年语录,1
互联网运营,1
运营干货,1
失业,1
谋杀电视机,1
最好的我们,1
看电影的艺术,1
电影形式与文化第三版,1
董舒,1
睡在我上铺的兄弟,1
演员的自我修养,1
孑孓,1
宋小君,1
奇谈,1
迪瓦达索罗斯,1
闷油瓶,1
我喜欢,1
狼的诱惑终结版,1
午后薰衣茶,1
明晓溪午后薰衣草,1
校園,1
很禽兽,1
城市画报,1
丁一晨,1
假期,1
河童你就作我爷爷吧,1
中村雪,1
诺贝尔奖的幽灵马尔克斯散文精选,1
金庸客栈,1
雪灵之,1
伤情篇,1
古色古香,1
青涩,1
李晓峰,1
小站,1
铁道文化,1
铁道旅行,1
齊邦媛,1
向西村上春树,1
袁蕾,1
蓝星人,1
李叶飞,1
柯裕棻,1
塔彭丝汤米夫妇,1
史丹利,1
荣三和,1
霍艳,1
羅君左,1
梅艷芳,1
張小嫺,1
堀川波,1
敷米浆,1
棉花糖,1
纠结,1
硕士论文,1
BOSS,1
亚述研究,1
薄荷美人,1
伊东忠太,1
人格障碍,1
王学泰,1
埃塞俄比亚,1
性工作者,1
丁瑜,1
流动人口,1
恶俗,1
有关电影,1
北野武自述,1
刘擎,1
温暖真情,1
父女情,1
实验艺术,1
东村,1
穿搭,1
狗教直男穿衣服,1
琼狄迪恩,1
白人,1
美国社会,1
摄影文化,1
张杨,1
魯迅,1
北京海豚出版社,1
淡然哲理沉思,1
夜行记,1
奥姆斯特德,1
独身,1
抗生素,1
肠道微生物,1
吴官正,1
高层著述,1
轻哲学,1
哈维,1
非虚构文学,1
重庆大厦,1
魏德曼,1
斯大林,1
华为,1
转基因,1
大冰新书,1
自嗨,1
河南人,1
麦克法兰,1
哈斯金斯,1
高等教育,1
文献文学,1
温功义,1
设艺类,1
崔走召,1
浸食,1
卡通王,1
戒音,1
八行书,1
两生花,1
遗失了一只猫,1
伯爵該隱,1
只能说出版社太坑了直接扔了吧,1
明清艳情禁毁小说精粹,1
古文观止,1
古文经典,1
孙子兵法,1
古籍经典,1
暴风雨所诞生的,1
梦与镜,1
猫的镜,1
再写本古典城邦就齐备了,1
低于预期,1
波普尔塔尔蒙伯林阿伦特一帮不肖子孙,1
張口閉口羅素,1
好書好書,1
写得不错,1
手冢就是日本的神话,1
越看越觉得不好了,1
相聚的时光像烟火思念的心情像种子,1
别被名字骗了,1
汪老师的礼物,1
影响大众的就是这些书啊,1
你的眼睛为我指路,1
从三个词汇就看出人类的邪恶了,1
整体不错,1
意境高于内容,1
可圈可点,1
平平,1
这才是革命家,1
原来最后还是回到了习惯与经验嗯这样立法就可以取代logos,1
推荐给想去巴黎的朋友,1
好多据说,1
翻译只有一个瑕疵拉雪兹神父不是贝尔拉雪兹,1
总体不错,1
很失望,1
还以为淘了本好书,1
五十步笑百步的翻译,1
固执的魅力,1
日神与酒神,1
我书我感,1
从英文译得不错略有瑕疵,1
偶然性下的社会起源,1
地球人都知道,1
起伏少略平淡,1
解读维柯的三本书,1
治史如斯,1
对社会科学的逆袭,1
徒有其名,1
一生的智慧只换来不知二字,1
小江汇大流,1
封面有点那个,1
伴虎人生,1
读了有遍了吧还可以挖,1
也不愧是一代大家,1
古今之争,1
翻譯地非常不咋地,1
向柏拉图致敬,1
关于阿隆,1
波斯的转折,1
罗马王政时期的历史,1
新托马斯主义,1
找到了一个好版本Ptz,1
完全来自英文版漏译的地方都一样,1
rousseau,1
那个久远的梦,1
rosseau,1
当平民拿起枪,1
一个人的沉思,1
古典肃剧,1
经典与解释色诺芬注疏,1
旧事重温,1
故事新说,1
诈情骗爱的曼陀罗,1
为你爱的人生个孩子吧,1
博雅教育文本,1
只过一次的生命就如同没有活过一样,1
文革前后的复旦,1
TOO,1
灵异神怪,1
贼猫,1
牧野诡事,1
甘蓝,1
游侠,1
剑,1
众神,1
精酿,1
谈波,1
终结者,1
刘绍华,1
历史科幻,1
杨石头,1
晚来寂静,1
我的千岁寒,1
孙大伟的异想世界,1
电影巴黎,1
桃之夭夭,1
帕菲特,1
泛广告时代的幻象,1
微笑的鱼,1
岁月与性情我的心灵自传,1
妞妞,1
一个父亲的札记,1
法捷耶夫,1
苏联卫国战争小说,1
牛,1
生活杂志,1
文化名人故事,1
阿加莎克里斯蒂推理小说,1
水浒研究,1
很有道理也很有趣,1
游民,1
经济思想,1
大师经典之作,1
穿越黑暗河流,1
路翎,1
时寒冰推荐,1
简单,1
经济发展的阴谋,1
哲学心理学,1
原来宋史也是可以这样有趣的,1
奥斯特罗姆,1
公共选择,1
公共管理,1
公共资源,1
项塔兰,1
罗伯兹,1
纪实作品,1
生命对你意味着什么,1
北宋,1
重读北宋历史,1
公共生活,1
你不可不知的人性,1
台J蔣勳,1
铁屋中的呐喊,1
驼峰航线,1
把人的丑恶写到了极至想呕吐一下,1
王小波是永远的精神图腾,1
似水流年,1
杨恒均,1
一次痛苦的阅读,1
金大中,1
生活理财,1
群体极化,1
狂热份子,1
畢贛,1
未购入,1
那些年那些人那些事都随风而散了而我终将明白往事是用来珍藏,1
皮囊,1
泷本龙彦,1
三月里的幸福饼,1
古耽,1
汪苏泷,1
容止,1
阴谋与爱情,1
多多,1
看着不累,1
品牌故事,1
外语,1
软科幻,1
流年,1
消耗掉青春所有的耐心,1
PK,1
张永义,1
趣致,1
世纪后,1
尚思伽,1
椎名林檎,1
波西米亚,1
草木虫鱼,1
比尔摩根,1
弘一法师,1
鲁羊,1
南京作家,1
嚴重想要,1
美国MikeMiller,1
金庸新,1
舌华录,1
曹臣,1
美色,1
反文化运动,1
古代的格调,1
玩意,1
勘探,1
刘亚洲,1
杂文国内,1
Culture,1
小说评论,1
拉塞尔雅各布,1
jazz,1
美国音乐札记,1
商业管理,1
年月读书计划,1
香港有个荷里活,1
橘子不是唯一的水果,1
AntonioLpezGarca,1
Goldin,1
Nan,1
ppt,1
没想象中好,1
内心沉稳,1
思想有趣,1
见解深刻,1
抉择人性,1
杨凡,1
不曾苟且,1
浪费时间,1
高效,1
米特尔,1
香港牛津,1
香港三部曲之什么都没有发生,1
认知差你比人生赢家差在哪,1
中外交通,1
斯文赫定,1
单车,1
环岛,1
人心,1
负能量,1
看过电影才知道,1
宽恕,1
后浪出版,1
世图电影,1
SteveMartin,1
胥弋,1
SarahKane,1
OrianaFallaci,1
CharlesChaplin,1
SergioLeone,1
PeterShaffer,1
罗伯特艾伦,1
李迅,1
janefonda,1
orsonwells,1
audrey,1
hepburn,1
fellini,1
woody,1
allen,1
老电影,1
dvd,1
sciencenature,1
池波正太郎,1
黎曼猜想,1
生命以及文学,1
劳伦兹,1
北京廖一梅,1
赵焕亭,1
特效,1
觉醒,1
me,1
RickyMartin,1
TheDoors,1
鲍勃,1
流浪猫,1
卖艺,1
导演張艾嘉,1
無用的日子,1
摄影书,1
摄影大家,1
我們當下的詩,1
图影,1
北韩,1
刘培基,1
梅艳芳,1
如何写影评,1
公案小说,1
八神浩樹,1
吉姆戴维斯,1
松本零士,1
毕尔格,1
奥得弗雷德普鲁士勒,1
皮德,1
乔治贝克,1
植田正志,1
冈野刚,1
真仓翔,1
却却,1
白狐,1
Brassa,1
鮑鯨鯨,1
邓耀荣,1
让一雅克桑贝,1
谷神冥,1
飞烟,1
梁挺博士,1
司马翎,1
九丹,1
戴思杰,1
小池一夫,1
大和和纪,1
两宋,1
超五星,1
威廉萨默赛特毛姆,1
埃尔夫丽德耶利内克,1
尤金扎米亚京,1
列昂尼德茨普金,1
奥古斯特斯特林堡,1
罗伯特英诺森提,1
T布朗,1
布莱恩赛兹尼克,1
蒂姆波顿,1
西奥安哲罗普洛斯,1
赖纳维尔纳法斯宾德,1
乔纳森班拉,1
伊势英子,1
安德烈徳昂,1
蒂埃里勒南,1
芭芭拉莱曼,1
澳洲,1
赵林,1
黄惊涛,1
丁亚平,1
儒勒列纳尔,1
汤姆斯托帕,1
姝娟,1
艾伦金斯伯格,1
伊兹拉庞德,1
雅罗斯拉夫哈谢克,1
乔治萨杜尔,1
马梅,1
米开朗琪罗安东尼奥尼,1
CP卡瓦菲斯,1
夏洛特钱德勒,1
道德的重量,1
泡沫经济,1
葡萄牙帝国,1
台湾四百年,1
林孝庭,1
冷战国际史,1
美国研究,1
创作历程,1
先锋文学,1
露骨,1
肮脏,1
佐贺系列,1
感触,1
枡野俊明,1
琢磨先生,1
幽默的名义,1
解惑人生,1
乡村生活,1
坂本健一,1
书店故事,1
芭芭拉金索沃,1
勒,1
克莱齐奥,1
沈胜衣,1
史蒂夫麦凯瑞,1
薇薇安迈尔,1
胡成,1
藤原新也,1
任曙林,1
米原万里,1
齐柏林,1
伊丹十三,1
何正璜,1
中平卓马,1
大岛渚,1
廖亦武,1
Pano,1
大宰治,1
AnnieProulx,1
林汐,1
雷文科,1
赵波,1
我妈妈,1
闫月,1
肖以默,1
微雪,1
赵赶驴,1
香北,1
唱情歌,1
高桥努,1
安彦良和,1
竹内友,1
山下和美,1
武井宏之,1
木城,1
筒井哲也,1
生活史,1
冰與火之歌,1
電視劇,1
設定集,1
架空歷史,1
Banksy,1
史迈利三部曲,1
一個人的好天氣,1
笔记女王,1
想念你的陌生人,1
邂逅,1
尹珊珊,1
关于香港,1
最有意义的生活,1
碎碎的青春,1
女子笔下的女子,1
格纳阿德里尤斯,1
几何书店,1
亨利卡蒂埃布列松,1
罗伯特谢塔勒,1
加文普雷特平尼,1
约翰麦加恩,1
彼得斯洛特戴克,1
安德烈艾西蒙,1
弗朗索瓦埃马纽埃尔,1
图森,1
龚古尔奖,1
帕斯,1
巴勃罗卡萨尔斯,1
莫瓦西尔斯克利亚,1
福特马多克斯福特,1
低成本,1
纳塔莉海因里希,1
马特海格,1
瓦莱里娅路易塞利,1
列维纳斯,1
雅克勒高夫,1
精神修炼,1
马蒂亚斯埃纳尔,1
学者小说,1
难民危机,1
鲁道夫爱因汉姆,1
韩森,1
詹姆斯罗兹,1
王咸,1
弗朗索瓦于连,1
瓦格纳,1
哈特穆特罗萨Hartmut,1
郑作彧,1
蕾拉斯利玛尼,1
布克文学奖,1
印尼文学,1
秋千亮二,1
欧文戈夫曼,1
青马文化,1
达尼拉费里埃,1
吴国盛,1
铃木大拙,1
弋舟,1
马格南,1
保罗霍金斯,1
比目鱼,1
市民生活,1
让伊夫塔迪耶,1
克莱蒙特韦布,1
中国画,1
默温,1
克拉斯诺霍尔卡伊拉斯洛,1
杨T格罗斯,1
罗伯特斯塔姆,1
巴里吉福德,1
加斯东巴什拉,1
阿巴斯基亚罗斯塔米,1
梅亚苏,1
齐格弗里德克拉考尔,1
顾彬,1
翁贝托萨巴,1
戈兹阿迪契,1
卡迈勒达乌德,1
阿尔及利亚文学,1
爱德华多门多萨,1
科尔森怀特黑德,1
沃纳赫尔佐格,1
雷蒙格诺,1
贡萨洛曼努埃尔塔瓦雷斯,1
哈瑞马丁松,1
露易丝格丽克,1
鲍里斯格洛伊斯,1
弗朗索瓦特吕弗,1
艾里希弗洛姆,1
海因里希伯尔,1
路易吉马莱巴,1
马丁布伯,1
米格尔德乌纳穆诺,1
吉奥乔阿甘本,1
大卫冯金诺斯,1
马丁瓦尔泽,1
罗马尼亚文学,1
玛丽恩迪亚耶,1
字里行间,1
Hi,1
徐和瑾,1
凯尔泰斯,1
白兰达卡诺纳,1
乔治普莱,1
刘天昭,1
塞巴尔德,1
i达尼拉费里埃,1
胡安加夫列尔巴斯克斯,1
马丁艾米斯,1
让菲利普图森,1
塞萨尔艾拉,1
马塔斯,1
彼得鲁舍夫斯卡娅,1
约瑟夫赫勒,1
斯宾塞,1
索因卡,1
卡明斯基,1
大卫格罗斯曼,1
余虹,1
安德烈布勒东,1
米歇尔比托尔,1
杰夫戴尔,1
维托尔德贡布罗维奇,1
柴春芽,1
佩内洛普菲茨杰拉德,1
小林多喜二,1
齐诺瓦阿切比,1
胡戈弗里德里希,1
贾科梅蒂,1
本奥克瑞,1
莫迪里阿尼,1
中国绘画,1
陶渊明,1
让米特里,1
波斯文学,1
巴尔加斯略萨外国文论,1
纳博科夫外国文论,1
蓬热,1
卢卡奇,1
本维尼斯特,1
古希腊哲学,1
叙利亚文学,1
阿格农,1
王央乐,1
阿赫玛托娃,1
希腊文学,1
德田秋声,1
理查赖特,1
陀斯妥耶夫斯基,1
艾巴辛格,1
久野尚美,1
平松洋,1
道格拉斯莱尔,1
山田五郎,1
古山淳子,1
安德列艾席蒙,1
x,1
温迪嬷嬷,1
马克弗罗斯特,1
爱诗乐沛克,1
大卫埃博雪夫,1
安妮弗朗索瓦,1
坎迪斯布什奈尔,1
classic,1
上海政法学院,1
翻譯小說,1
馬修魁克,1
派特的幸福劇本,1
犬的記憶,1
失眠的北風吹來愛情,1
戀之風景,1
大崎善生,1
孤獨或類似的東西,1
时空旅人之妻,1
聽風的歌,1
江國香織,1
那年我們愛得閃閃發亮,1
记忆研究,1
集体记忆,1
奥尓巴赫,1
德布雷,1
拉波特,1
齐格蒙鲍曼,1
迈克尔舒德森,1
馬世芳,1
福尔摩斯探案系列,1
栉木理宇,1
勒格朗,1
罗切特,1
罗布,1
北杜夫,1
大衛高登,1
鮎川哲也,1
黑豹,1
罗烈,1
塔哈尔本杰伦,1
艾瑞克拉森,1
别姬小姐,1
仓野宪比古,1
布莱恩塞兹尼克,1
何塞卡洛斯索摩萨,1
李恰尔德,1
山村美纱,1
马伊舍瓦尔佩尔瓦勒,1
甲贺三郎,1
勒翰,1
亨利梅利威尔爵士,1
Kieslowski,1
基斯洛夫斯基,1
导演创作谈,1
瓦伊达,1
武侠经典,1
电影传播,1
美国文化,1
美国电影,1
法国绘画,1
中国推理侦探悬疑恐怖相关,1
谈写作,1
大卫戈登,1
朱霄华,1
九龍城寨,1
性张竞生,1
菲利普迪昂,1
词家有道,1
台湾音乐,1
许嵩,1
大卫西蒙,1
DavidSimon,1
佐杜洛夫斯基,1
Oices,1
合金男爵,1
骑士精神,1
朱迪丹奇爵士,1
奥斯卡金像奖,1
菲洛梅娜,1
金球奖,1
威尼斯电影节,1
星际迷航,1
进取号,1
科幻大师,1
神探夏洛克,1
sherlock,1
本尼迪克特康巴伯奇,1
卷福,1
batman,1
GeoffIHATEBATMANJohns,1
难道是天秤座专用,1
塞尔维亚文学,1
通俗财经,1
数理逻辑天文地理,1
创业故事,1
社会化网络及营销,1
病毒式营销,1
西藏佛教藏传佛教阿底峡,1
圆觉经,1
宗教佛教,1
穷爸爸富爸爸,1
古典政治经济学,1
三杯茶,1
铃木俊隆,1
老罗推荐,1
写作技巧,1
编剧课,1
中国互联网史,1
林军,1
职业经理人,1
演化论,1
吸引力法则,1
FUNNY,1
坂元裕二,1
沈從文,1
情义,1
王家衛,1
电影幕后书,1
電影和攝影,1
陆生,1
蔡博艺,1
電影紀錄片,1
赤川次郎,1
三色貓,1
三色猫,1
張叔平,1
杜可風,1
劉鎮偉,1
梁朝偉,1
張曼玉,1
切間美星咖啡師,1
胡伟立,1
最佳导演,1
一个男人的修养,1
王天林,1
黃愛玲,1
蒲鋒,1
电影美术,1
電影美學,1
银河映象难以想象,1
港X香港電影評論學會,1
香港電影研究,1
文化研究哲學理論,1
朗天,1
港產片,1
金庸小说评论,1
林海雪原,1
杨子荣,1
陶菊隐,1
吴佩孚,1
垃圾筐电影院,1
浮世浮城,1
许我向你看,1
法國文學,1
菲利普拉金,1
历史学世界史,1
假面的告白,1
双语对照,1
丘彦明,1
活久见,1
沙丹,1
提香,1
群体不理智,1
卢非易,1
徐冰,1
一花一世界,1
花花世界,1
艺术普及,1
四库提要,1
东方学,1
朱利安格拉克,1
西方艺术,1
类型学,1
断背山,1
画作赏析,1
忍精不射,1
天天好体位,1
社会主义万岁,1
怎样解题,1
思想和方法,1
吉尔伯特阿代尔,1
失落的一角,1
窥私人,1
莎拉的钥匙,1
乔丹贝尔福特,1
芦哲峰,1
朝圣,1
谢谢你离开我,1
非常精致的一本书,1
江觉迟,1
地域文化,1
酥油,1
希斯洛普,1
花田半亩,1
田维,1
少年Pi的奇幻漂流,1
托马斯特朗斯特罗姆,1
帕托什卡,1
毕波,1
杨家将,1
查尔斯蒂利,1
提图斯李维,1
托马斯霍布斯,1
利奥斯特劳斯,1
塔西佗,1
凯撒,1
威廉冯洪堡,1
杰里米边沁,1
路德维希冯米塞斯,1
伏尔泰,1
帕累托,1
亚当弗格森,1
阿道斯赫胥黎,1
artbook,1
戴维塞达里斯,1
哈维尔马里亚斯,1
艾斯特哈兹彼得,1
绵矢莉莎,1
童心郭小寒,1
AlainRobbeGrillet,1
historicalthriller,1
玉器,1
缅北之战,1
吕大吉,1
巴枯宁,1
论扯淡,1
惠子,1
恐怖小說,1
重生于康熙末年,1
Cooetzee,1
DavidJimnez,1
RobertMcKee,1
JacquelineBFrost,1
李維史陀,1
NeilLandau,1
万象,1
罗宗强,1
马丁麦克多纳,1
萨拉凯恩,1
安东尼尼尔逊,1
帕特里克马勒,1
陈迩东,1
勃留索夫,1
艾曼纽朗贝尔,1
亨利拉西莫夫,1
劳拉马基,1
阿部和重,1
弗朗索瓦齐博,1
纳撒尼尔韦斯特,1
让多米尼克鲍比,1
納博科夫,1
汉德克,1
奥斯特,1
吴尔夫,1
乔纳伯杰,1
彼得蒂尔,1
布莱克马斯特斯,1
易圣华,1
约翰尚利,1
尼洛克鲁斯,1
戴维奥本,1
奥尼尔,1
康开丽,1
西尔维亚毕奇,1
高行健,1
扬米穆恩,1
丹尼尔查莫维茨,1
门多萨,1
启之,1
余斌,1
鲁尔弗,1
玛丽达里厄塞克,1
葛水平,1
水湄物语,1
老雕,1
尤内斯库,1
热内,1
莫里斯迈斯纳,1
张娟芬,1
鲍勃伍德沃德,1
美斯科特阿姆斯特朗,1
彭树华,1
过士行,1
邓德隆,1
金易,1
沈义玲,1
托马斯内格尔,1
麦卡洛,1
劳拉埃斯基维尔,1
凌力,1
高兴,1
邓遂夫,1
秦瘦鸥,1
俞平伯,1
张志忠,1
荒诞派文学,1
玛格丽特米歇尔,1
布扎蒂,1
沃克珀西,1
伊恩班克斯,1
约翰奥哈拉,1
理查德休斯,1
生殖崇拜,1
ta,1
赏心,1
神往的地方,1
巴扎黑,1
吾皇,1
李尚龙,1
臭脸猫,1
迈克尔刘易斯,1
斯蒂芬里贝罗,1
幕后,1
原著小说,1
无间道,1
口袋妖怪,1
宠物小精灵,1
加肥猫,1
小确幸,1
恋童,1
观察,1
布鲁克林,1
中国电影资料馆,1
丹尼尔卡尼曼,1
没有标签但就是喜欢,1
斯特林堡,1
赛珍珠,1
马索克,1
谌容,1
沙汀,1
德莱塞,1
宫廷斗争,1
雪中悍刀行你值得拥有,1
羽海野千花,1
陆沉史,1
佛教佛学,1
书影,1
Mises,1
王利器,1
FDR,1
汪兆铭,1
Hayek,1
MurrayRothbard,1
许纪霖,1
MiltonFriedman,1
吴藕汀,1
诗学诗话,1
秋风,1
戊戌变法,1
布什,1
购书,1
后浪购书,1
文化发展出版社,1
信件日记,1
理想国译丛,1
格拉汉姆摩尔,1
JeremyBrett,1
Programming,1
敦伟大友谊,1
看热闹,1
大象的眼泪,1
美丽而又残忍的生命,1
冷漠又温情,1
科普经典,1
外国古典名著,1
董立勃,1
姚雪垠,1
曹桂林,1
性骚扰叫兽,1
矫情的令人作呕,1
达莱尔哈夫,1
萩原朔太郎,1
古诗,1
蕾切尔卡逊,1
玉台新咏,1
叶弥,1
元稹,1
柳青,1
鲁斯本尼科特,1
冷冰冰,1
世界别为我担心,1
吳忠全,1
桥声,1
不错的杂志,1
牙买加,1
气象,1
风云,1
笑猫,1
黃錦樹,1
季风书园,1
JanMorris,1
Typography,1
恩斯特贡布里希,1
李爽,1
今,1
敏,1
小思,1
利维坦,1
Hemingway,1
中國古建築,1
陳昇,1
建筑与文学,1
失独,1
零点锋云,1
天南,1
城中村研究,1
项飚,1
大众行为,1
新闻故事,1
玩偶之家,1
蒋雯丽,1
杂记随笔,1
曹乃谦,1
社会理论对当下中国社会转型的研究,1
自然历史,1
后宫系列,1
冬春,1
漫画漫画,1
温故,1
盖洛,1
灰色,1
西北,1
山东,1
黄县,1
龙口,1
传教,1
传教士,1
传教史,1
乌苏里,1
阿尔谢尼耶夫,1
明洁,1
突厥,1
滨田笃郎,1
疾病的世界地图卫生,1
旅游医学,1
传染病,1
颜长江,1
赋格,1
小岛,1
迷信,1
文图,1
王则柯,1
信息经济学,1
岭南学派,1
信息不对称,1
美少年,1
圣传,1
韦尔乔,1
Textbook,1
新概念作文大赛获奖作品选,1
郑重,1
来自中国北方的情人,1
医学人文,1
Ethics,1
Body,1
猴爪,1
唐朝八卦,1
高考防笨手册,1
分歧者,1
插图很精美,1
交叉学科,1
完全自学教程,1
SketchUp,1
中文版Google,1
草图大师,1
IELTS写作,1
慎小姨,1
想读之艺术类,1
近在远方,1
质朴,1
电影旅行,1
我要我们好好相爱,1
朝南,1
高洁,1
刘柯寒,1
胡德夫,1
王XX,1
隆庆一郎,1
竹内凉真,1
卢安克,1
陈信宏,1
小学记忆,1
重点在两点,1
杀很大,1
伍佰,1
镜,1
姒姜,1
王文融,1
轮回之说,1
栗山茂久,1
奧丁的子女,1
乔安妮M哈里斯,1
洛基启示录,1
苦难辉煌,1
医药,1
药物史,1
诱僧,1
海洋文学,1
遇险,1
好基友一辈子大雾,1
塔娜法兰奇,1
時尚,1
索菲金塞拉,1
韩愈,1
孟二冬,1
吴世昌,1
朱彝尊,1
杨明,1
杨焄,1
施议对,1
李贺,1
章学诚,1
易劳逸,1
賴瑞和,1
韦政通,1
薛冰,1
马一浮,1
劉淑芬,1
波德维尔,1
李新魁,1
汪篯,1
曹道衡,1
川胜义雄,1
戴燕,1
马良怀,1
古诗十九首,1
克罗齐埃,1
组织社会学,1
革命心理学,1
孟华,1
马尔库斯,1
托马斯卡莱尔,1
艾尔曼,1
范曾,1
赵家璧,1
汪晖,1
里卡尔,1
舒马赫,1
罗平汉,1
易QQ,1
勃朗宁,1
盛宣怀,1
费维恺,1
埃德蒙森,1
杨炳章,1
红色历史,1
滨下武志,1
经济与社会,1
马利坦,1
阿多诺,1
史书美,1
李丹,1
滨岛敦俊,1
陈江,1
营造法式,1
盖尔纳,1
儒林外传,1
JohnCarey,1
赫伊津哈,1
德波,1
西方马克思主义,1
士不可以不弘毅,1
取法,1
孙康宜,1
蒋寅,1
文史一家亲,1
图绘,1
抑郁,1
王富仁,1
阿隆,1
现象学美学,1
盖格尔,1
布隆纳,1
文学家讲文论,1
印顺,1
阐释学,1
舍斯托夫,1
蒂博代,1
未来主义,1
脑洞文,1
黑乙一,1
甘耀明,1
王辰,1
吉贝尔,1
弗雷德里克李维,1
希行,1
瓜几拉,1
郭太初,1
顾中一,1
祺四,1
Flaubert,1
SHEL,1
林太乙,1
周瘦鹃,1
朱婧,1
灰谷健次郎,1
张孝祥,1
赫尔岑,1
榛生,1
邓云乡,1
林泠,1
卤猫,1
鲍尔吉原野,1
撷芳主人,1
高林麻里,1
阿梗,1
况周颐,1
伊藤文,1
坂本利佳,1
萧萍,1
胡克斯,1
沈睿,1
导演自传,1
特别特别喜欢的书,1
超级好看的书喜欢作者,1
明若晓溪,1
那小子真帅,1
有关青春,1
hacking,1
简约设计,1
讲的主要是NPS,1
老罗标记,1
漫绘,1
影视理论,1
程季华,1
世界电影史,1
樱木紫乃,1
田中经一,1
贾磊磊,1
马特拉,1
盖章,1
伊尼斯,1
自己想读的策划,1
塔尔德,1
毛铭基,1
女,1
闷骚,1
李維菁,1
情感问答,1
名人访谈,1
海外华人文学,1
演艺,1
荷西我爱你,1
长征,1
红军,1
都会女子,1
闹闹,1
财经小说,1
移民生活,1
对白,1
勇气,1
托名伪作,1
西方美术,1
叙事诗,1
奧地利,1
金索沃,1
鲁西迪,1
安琪拉卡特,1
衡山秀夫,1
米开朗基罗,1
半传记,1
麦克法伦,1
汉姆生,1
卢旺达,1
罗伯特麦克法伦,1
航海史,1
外国文学阿契贝,1
和服,1
钦努阿阿契贝,1
林兆华,1
大人的科学,1
伊坂幸太郞,1
犯罪推理,1
尤多拉韦尔蒂,1
胡赛尼,1
城建,1
黎紫书,1
伊吹有喜,1
殖民文学,1
日本推理横沟正史,1
AS拜厄特,1
维多利亚小说,1
马布里,1
中国国家地理出品,1
凯特莫顿,1
不丹,1
死生,1
文艺志,1
品钦,1
戏说,1
精神交流,1
安徒生童话故事集,1
迈尔斯,1
沈雁冰,1
陕西师范大学出版总社有限公司,1
平和,1
爱情心理学,1
蒙学,1
通稿,1
伟大的艺术人生,1
微观,1
人际,1
暑假记忆,1
直白,1
黯淡,1
光辉,1
国粹,1
教科書,1
理想与现实,1
大学爱情,1
伪装,1
世事,1
人与人,1
朦胧,1
年少,1
逆流,1
成河,1
苦涩,1
文字温暖有力量,1
励志暖心故事,1
很喜欢这本书,1
将来的你一定会感谢现在拼命的自己,1
情慾,1
镜头,1
希胖,1
老兵,1
外星求生,1
张竹明,1
崔金戎,1
梁中和,1
希罗多德,1
聂敏里,1
黎翔凤,1
王沛,1
黄怀信,1
孙歌,1
饶宗颐,1
孙英刚,1
李孝悌,1
齐小林,1
甯应斌,1
何春蕤,1
郑少雄,1
王世舜,1
刘文楠,1
朱维铮,1
叶纯芳,1
史华兹,1
梁治平,1
黄源盛,1
温乐群,1
黄冬娅,1
崔寔,1
仲长统,1
陈苏镇,1
周振鶴,1
王亚南,1
艾恺,1
杨立华,1
萧冬连,1
赵冈,1
陈钟毅,1
桓宽,1
陈桐生,1
贾谊,1
班凯乐,1
志贺市子,1
宋军,1
与那霸润,1
郑振满,1
陈志让,1
林镇国,1
杨宽,1
李峰,1
梁庚尧,1
金里卡,1
罗威廉,1
雅斯贝斯,1
王柯,1
公民身份,1
三石善吉,1
金兹伯格,1
卿希泰,1
韩书瑞,1
齐锡生,1
欧大年,1
沈艾娣,1
民间宗教,1
梁景之,1
夏春涛,1
谢和耐,1
谷川道雄,1
侯旭东,1
许烺光,1
华如璧,1
理查德波列斯拉夫斯基,1
威廉莎士比亚,1
安德列塔科夫斯基,1
罗伯特所罗门,1
布莱克斯奈德,1
陆绍珩,1
琳娜柳薇卡,1
拉罗什福科,1
史蒂芬塞内格,1
彼德P罗德,1
马可波罗,1
约翰康纳利,1
尼科斯卡赞扎基,1
罗伯特M波西格,1
威廉M埃克斯,1
许南明,1
高建群,1
亨利戴维梭罗,1
郭镇之,1
陆弘石,1
田野考古学,1
世界史前史,1
非洲文学,1
民族学,1
历史地理学,1
中国经济,1
米周,1
洞穴奇案,1
夏明朗,1
陆臻,1
无权力者的权利问题,1
结局是屎,1
绯羽空空,1
英田,1
樊落,1
镜水,1
西田東,1
鬼嵨兵伍,1
清朗,1
赵佳,1
Chiya,1
門小雷,1
流水潺潺,1
國枝彩香,1
柳戠,1
合志,1
森永愛,1
山岸凉子,1
冨樫义博,1
如月弘鷹,1
小鳩,1
門地,1
LING,1
北川,1
健一,1
周洪滨,1
樋口橘,1
小田切,1
风起涟漪,1
美樹麻樹,1
円陣闇丸,1
佳門,1
王小洋,1
葉芝真己,1
山根綾乃,1
木,1
满座衣冠胜雪,1
满座衣冠似雪,1
lamento,1
春野,1
萌木,1
桜賀,1
菠萝志,1
三池,1
新田祐克,1
期待度,1
阿夸,1
依田沙江美,1
欧阳修,1
集部,1
盖斯凯尔夫人,1
南方与北方,1
张爱玲文集,1
金锁记,1
十四行诗,1
勃朗宁夫人,1
一生,1
左手倒影,1
右手年华,1
温暖的童年记忆,1
一本值得买的书,1
满江红,1
安娜卡列尼娜,1
农业金属幼儿教育启蒙书籍,1
十八大前主旋律献礼佳作,1
古巴,1
施蟄存,1
少年台湾,1
马栏坡,1
美国作品,1
小说美国,1
中国神话,1
展江,1
生活圆桌,1
范长江,1
猎头,1
储安平,1
江平,1
徐友渔,1
胡泳,1
学者,1
风骨,1
钩沉,1
中国青年报,1
方汉奇,1
陈力丹,1
女孩,1
贫穷,1
塔奇曼,1
尼葛洛庞帝,1
数字化,1
赵孟頫,1
莫里斯,1
分裂,1
趣事,1
BUD,1
老古董,1
左倾,1
流浪汉,1
耶路撒冷,1
诚品,1
极权社会,1
熟女,1
唐山大地震,1
地震,1
伊甸园的鹦鹉,1
旧作,1
随和,1
大学时代,1
可不可以不要上学,1
陆天明,1
口味泼辣,1
博客书,1
仿武侠,1
典雅,1
名作家,1
解放前,1
无趣,1
一朵桔梗花,1
行为科学BehavioralScience,1
小岩井,1
生命之书,1
文学旅行心灵,1
方法论人生生活智慧,1
倾听,1
松桥良纪,1
青春里程碑之作青春是场永志的劫数,1
他爱的是玫瑰而你是蔷薇,1
小人物,1
知日明治维新,1
逆水寒,1
漂流教室,1
天子传奇,1
姬发篇,1
杀手阿一,1
泪流满面,1
仙楚,1
张小凡,1
狼群,1
雇佣兵,1
苍云古齿,1
风色四叶草,1
两晋南北朝,1
夏天煙火我的屍體,1
能写的倪匡,1
自学教材,1
神经病书,1
饮食男女性情中人,1
博尔赫斯谈艺录,1
英语学习达人,1
小猫杜威,1
爱猫懂得猫,1
不知道什么时候会看的却想看的,1
萌猫大本营,1
给理想一点时间,1
陈志武,1
金融的逻辑,1
大众经济学,1
冒死记录,1
太岁,1
海中帆,1
我的秀秀姐,1
马中才,1
萌芽书系,1
少年查必良伤人事件,1
李海洋,1
量子江湖,1
不管如何至少要读实体书,1
猛子,1
我曾经赶得要死以为这个世界只有一种可能性却不知道自己到底在,1
毁童年,1
浅显的经济学,1
经济学的教材,1
天上大风,1
行者,1
我发誓黎明再次到来前,1
未能免俗却感怀不已,1
大预言家,1
超值经典珍藏,1
靠不住的历史,1
悲剧的诞生,1
猎天下,1
尔朱歌,1
高欢,1
宇文泰,1
月亮忘记了,1
恶魔吹着笛子来,1
爱比克泰德,1
開到荼靡,1
GraphicDesign,1
设计心理学,1
设计调研,1
柏瑞尔马卡姆,1
传统图形,1
设计读本,1
DESIGN,1
圣爱克苏贝里,1
美丽新世界,1
刘传凯,1
欲望的旗帜,1
情感化设计,1
CLOVER,1
弗兰普顿,1
建构文化研究,1
弗兰姆普顿,1
建构,1
舊小說,1
爱米莉勃朗特,1
道格拉斯麦克阿瑟,1
麦克阿瑟回忆录,1
麦克阿瑟,1
历史传记,1
DC漫画,1
超人自傳,1
克里斯托弗里夫,1
长难句,1
GMAT,1
美国大城市的死与生,1
哲学启蒙,1
刘子光,1
暴力正义,1
文化历史,1
郑爽,1
玄奘西游记,1
圣哲,1
科幻小說,1
鲜橙,1
通识基本书籍,1
杨步伟,1
赵元任,1
乡居,1
民国文章,1
沈诞琦,1
嘉道理,1
冒险小说,1
七零后,1
飞虎队,1
音韵,1
小资,1
观察美国,1
邵洵美,1
媒体写作,1
英国诗,1
詩戀光羽,1
中共书,1
海外华人作家,1
俄罗斯诗歌,1
民国传记,1
京剧,1
英国诗歌,1
中国传统社会研究,1
我城图书馆五楼,1
中国现代文学研究,1
情节类,1
海外留学,1
历史学中国近现代史,1
李侃,1
世界古代史,1
辽大,1
苦逼书籍,1
通史与通史教材,1
北师大,1
两晋,1
经管商科总论,1
宏观经济学,1
图说天下系列,1
古典爱情,1
绘画资料,1
上海人民美术出版社,1
生活文化旅行,1
图说天下世界文明奇迹,1
冒险小虎队,1
小时候读的,1
足球周刊,1
国破山河在,1
尼尔斯骑鹅历险记,1
知识管理,1
设计哲学,1
时尚先生,1
生活艺术,1
优雅生活,1
打扮,1
这样就能辞职了,1
太坑,1
目标管理,1
疯狂艺术史,1
谷物,1
晓雪,1
严谨深入浅出,1
那个人无聊发这玩意,1
三公子,1
艾力,1
流程管理,1
苏辛,1
带人,1
商务写作,1
一只牧羊的金刚经笔记,1
十二,1
佐賀阿嬤,1
溫情,1
冯立,1
劳改,1
GBruceBoyer,1
男装,1
AnitaElberse,1
PaulFussell,1
陈焱,1
宋方金,1
WilliamIndick,1
BlakeSnyder,1
WilliamMAkers,1
AlexEpstein,1
NeillDHicks,1
DanaThomas,1
許舜英,1
LynneGross,1
WendyJaneHenson,1
陳冠宇,1
影展,1
李仲轩,1
LouiseLevison,1
陳平原,1
MichaelBerry,1
鍾曉陽,1
EmilLudwig,1
OttovonBismarck,1
WilliamCKirby,1
陳凱歌,1
徐中約,1
渡邊淳一,1
许洁明,1
ReneWellek,1
AustinWarren,1
刘象愚,1
JacquesLacan,1
张一兵,1
赵稀方,1
KristinThompson,1
JeanJacquesRousseau,1
杨宪益,1
Aristotle,1
Aeschylus,1
Menander,1
Sophocles,1
Euripides,1
鹤见祐辅,1
ArthurSchopenhauer,1
LouisDGiannetti,1
EdgarSnow,1
周星,1
黑古一夫,1
小森阳一,1
JayRubin,1
魏巍,1
MarcelAyme,1
张平,1
vanLoon,1
林微音,1
KahlilGibran,1
李準,1
吴睿,1
ClaudeMonet,1
MarcelProust,1
雷锋,1
马南邨,1
FrancisBacon,1
JeromeDavidSalinger,1
WolfgangAmadeusMozart,1
NorbertElias,1
ConanDoyle,1
刘耕路,1
StephenCrane,1
舒芜,1
LudwigvanBeethoven,1
ErnestMillerHemingway,1
EthelLilianVoynich,1
AnthonyBrowne,1
刘青峰,1
朱利安,1
死水微澜,1
画的秘密,1
透明的红萝卜,1
费老,1
马鸣谦,1
牧溪,1
MoMA,1
王赓武,1
华侨华人,1
广师大出版社,1
雾中的梦想与失魂,1
沈祖棻,1
宋词赏析,1
王大根,1
墨梅,1
海外中国研究丛书,1
理查德A波斯纳,1
波斯纳,1
大唐李白,1
龚祥瑞,1
盲人奥里翁,1
法学家,1
北溟鱼,1
于非闇,1
王季迁,1
陈葆真,1
王宠,1
万木春,1
味水轩里的闲居者,1
抵抗的群体,1
画语录,1
心印,1
李霖灿,1
宋诗,1
今朝风日好,1
卢延光,1
话语的闪电,1
先秦古玺,1
印鉴,1
西泠印社,1
吴颐人,1
篆刻五十讲,1
荣宝斋画谱,1
宋元绘画,1
千字文,1
黄公望,1
武侠理论,1
诗词格律,1
冷血,1
牛逼,1
中国美术,1
古诗源,1
张大千,1
重屏,1
别样的色彩,1
浮生,1
草叶集,1
自然图谱,1
鸟类圣经,1
特斯拉,1
科学狂人,1
安伯托埃科,1
亲笔签名,1
翡翠版,1
汴京残梦,1
吴钩,1
隐权力,1
爱藏版,1
开始,1
安迪,1
莱利,1
科普绘本,1
很好玩,1
儿童益智,1
新闻传播或者相关,1
宗教神秘悬疑推理,1
纪伯伦诗集,1
小豆豆,1
亲子教育,1
待购,1
火柴人,1
温馨有哲理好看,1
思维导图,1
小v非常喜欢,1
大爱嵩哥,1
力哥,1
小白入门,1
初级理财,1
理财价值观,1
今夜请将我遗忘,1
你看起来好像很好吃,1
我就是那霸王龙式的孩子,1
柳如是,1
柳如是别传,1
晚清民国学者,1
甜宠,1
酒小七,1
日本清新文学,1
生意经,1
民国太太的厨房,1
富有哲学的书,1
痞子文学,1
磅礴大气细腻柔软,1
非常期待,1
更成熟的巴恩斯,1
年轻的心在哭泣,1
改编成电影,1
青春三部曲,1
秦腔,1
文化反思,1
回族,1
美托马斯库恩,1
范式,1
奥姆真理教,1
有机化学,1
邢其毅,1
黄渊,1
OrsonWelles,1
HenryJaglom,1
PeterBiskind,1
魏绍昌,1
LoriNelsonSpielman,1
DaphneduMaurier,1
StefanKostka,1
亚马逊年度最佳图书第名,1
JohnBBest,1
黄希庭,1
GerryJohnson,1
RichardWhittington,1
KevanScholes,1
语法,1
YDelatour,1
曹德明,1
神寂,1
谶纬,1
租界,1
归义军,1
马王堆,1
Epub,1
瓷器,1
汉画,1
知中,1
图,1
摄像,1
酒,1
学派,1
历史书写,1
古文字,1
古建,1
社会经济史,1
战国史,1
鲜肉月饼团,1
甲骨,1
导览,1
刻本,1
大航海时代,1
食帖,1
博物馆学,1
斗拱,1
WPS,1
私人收藏,1
俄国史,1
自翻,1
TXT,1
自然哲学,1
荔枝FM,1
夏商周,1
聚落考古,1
夏商周考古,1
江南史,1
犍陀罗,1
秦文化,1
全真教,1
历法,1
漆器,1
美术考古,1
周原,1
石鼓山,1
殷商史,1
西周史,1
科举,1
教育史,1
西域学,1
祆教,1
陈朝,1
学术规范,1
环境保护,1
礼学,1
文书,1
黄冈,1
抗战史,1
五代史,1
性别史,1
二里头,1
生命科学,1
选举,1
宗族,1
张桂光,1
中西哲学比较,1
龙,1
MOOC,1
岭南史,1
年代学,1
竹书纪年,1
革命史,1
前卫艺术,1
西夏,1
古建筑学,1
荔枝,1
家常读书,1
先秦文学,1
年谱,1
田野考察,1
大别山,1
簡帛,1
OC,1
史料学,1
人才地理,1
长城,1
校勘学,1
注疏,1
通识班,1
WD,1
研读,1
简牍,1
Classical,1
微观史学,1
蒙學,1
训诂,1
荒诞派戏剧,1
写生,1
原典,1
迷宫,1
圆圈,1
坏蛋,1
以你之姓冠我之名,1
中熊培云,1
法帕特里克莫迪亚诺,1
美弗拉基米尔纳博科夫,1
美雷蒙德卡佛,1
中国安妮宝贝,1
法弗朗索瓦丝萨冈,1
葡费尔南多佩索阿,1
印克里希那穆提,1
台朱天心,1
奥斯蒂芬茨威格,1
美保罗奥斯特,1
中舒婷,1
中顾城,1
巴西保罗柯艾略,1
台李欣频,1
中三毛,1
中张大春,1
香港马家辉,1
台龙应台,1
阿根廷胡利奥科塔萨尔,1
中鲁迅,1
阿根廷博尔赫斯,1
中郭敬明,1
台几米,1
美西德尼谢尔顿,1
日青山七惠,1
杜维明,1
中国山水画,1
人与土地,1
GQ,1
王锋,1
智族,1
摄影家,1
尤金阿杰,1
摄影史,1
赵嘉,1
一本摄影书,1
摄影作品,1
藏地白皮书,1
身边的江湖,1
徽州,1
地方文化,1
瓷之色,1
艺术收藏,1
坦白书,1
我们始终牵手旅行,1
季琦,1
汉庭,1
酒店业,1
丁三郎,1
猫的国,1
希腊一个把全世界蓝色都用光的地方,1
社会化媒体营销,1
社会化营销,1
销售营销,1
定价,1
孙陶然,1
王帅帅,1
倪萍,1
姥姥语录,1
故乡天下黄花,1
我的奋斗,1
罗胖子,1
梵高奶奶的世界,1
孙正义,1
端上了就放不下了,1
午夜凶铃,1
交规,1
考驾照,1
佐贺阿嬷幸福旅行箱,1
佐贺阿嬷,1
我不是教你诈,1
大勇和小花,1
大勇和小花的欧洲日记,1
世界上最伟大的推销员,1
大灰狼罗克全传,1
大灰狼罗克,1
郑渊洁童话,1
思特里克兰德,1
与鬼为邻,1
薛巍,1
西风不识字,1
我与地坛,1
祭奠,1
刘凌沧,1
民国武侠,1
先鋒詩歌,1
語言學,1
药学,1
信息可视化,1
武汉大学,1
硬件,1
办公,1
专业书,1
王烁,1
吉井忍,1
五十岚大介,1
泉麻人,1
冲本秀,1
亚树直,1
王一川,1
文学入门书,1
凌叔华,1
中国当代文学史,1
诗词研究,1
鬼子,1
市井文学,1
诗评,1
色铅笔,1
聂峻,1
皮皮,1
少年的爱,1
邦妮,1
欧洲之旅,1
國内近現代小説,1
其它,1
极地恶灵,1
科幻及类型小说,1
爱迪生,1
快速写剧本,1
红色海洋,1
北京小兽,1
编剧剧作,1
地球杀场,1
电影语言的语法,1
双一,1
ErnestHemmingway,1
独裁,1
萨列里,1
青少年小说,1
心理史学,1
Interstellar,1
ChristopherNolan,1
GregKeyes,1
sifi,1
苗疆蛊事,1
道术,1
大卫芬奇,1
婚恋推理,1
巷说百物语系列,1
刺客信条,1
官方小说,1
安倍晴明,1
JDC系列,1
DoglasAdams,1
口袋本,1
恶魔吹着唢呐来,1
丧尸生存手册,1
彼得杰克逊,1
硬汉推理,1
天机大空城之夜,1
杨时旸,1
托福,1
日文,1
港臺,1
Origami,1
折纸艺术,1
自然珍藏图鉴丛书,1
两栖与爬行动物,1
蝴蝶,1
杜拉一个歇斯底里的女孩,1
HRGiger,1
我的抑郁症,1
少女杜拉的故事,1
忏悔录奥,1
释梦,1
古埃及,1
埃及艳后克娄巴特拉七世传,1
埃及生死之书,1
中国盗墓史,1
鬼古女,1
碎脸,1
楼,1
张晓萍,1
喜欢一个人,1
赛尔乔莱昂内,1
美术史的形状,1
艺术史学史,1
遠古邪惡指定一星,1
打架站队,1
吴修铭,1
信息史,1
译家董乐山,1
锅匠裁缝士兵间谍,1
产业链,1
移动设备,1
产业链分析,1
iPhone,1
延安,1
王培元,1
鲁艺,1
编剧写作,1
电影镜头,1
本少爷,1
无器械,1
SecretGarden,1
每天散步都会随身携带装作不小心掉地上等别人去捡,1
曾子航,1
社会工程学,1
矢頭保,1
GRRMartin,1
ClaytonRawson,1
Maupassant,1
AugustenBurroughs,1
AndreaMariaSchenkel,1
